as_of,value,status
2006-01-02,101.415,ok
2006-01-03,100.756,ok
2006-01-04,100.229,ok
2006-01-05,100.299,ok
2006-01-06,100.024,ok
2006-01-09,100.179,ok
2006-01-10,100.144,ok
2006-01-11,99.871,ok
2006-01-12,100.064,ok
2006-01-13,99.9675,ok
2006-01-16,99.9715,ok
2006-01-17,100.245,ok
2006-01-18,100.409,ok
2006-01-19,100.186,ok
2006-01-20,99.9017,ok
2006-01-23,99.3783,ok
2006-01-24,99.3434,ok
2006-01-25,99.348,ok
2006-01-26,99.4798,ok
2006-01-27,99.6433,ok
2006-01-30,99.7144,ok
2006-01-31,99.4311,ok
2006-02-01,99.6132,ok
2006-02-02,99.7916,ok
2006-02-03,100.118,ok
2006-02-06,100.137,ok
2006-02-07,100.176,ok
2006-02-08,100.488,ok
2006-02-09,100.212,ok
2006-02-10,100.322,ok
2006-02-13,100.395,ok
2006-02-14,100.399,ok
2006-02-15,100.449,ok
2006-02-16,100.518,ok
2006-02-17,100.34,ok
2006-02-20,100.345,ok
2006-02-21,100.235,ok
2006-02-22,100.388,ok
2006-02-23,100.196,ok
2006-02-24,100.259,ok
2006-02-27,100.072,ok
2006-02-28,99.7695,ok
2006-03-01,99.8355,ok
2006-03-02,99.5969,ok
2006-03-03,99.7024,ok
2006-03-06,99.9834,ok
2006-03-07,100.564,ok
2006-03-08,100.856,ok
2006-03-09,100.772,ok
2006-03-10,100.957,ok
2006-03-13,100.856,ok
2006-03-14,100.312,ok
2006-03-15,100.212,ok
2006-03-16,99.9049,ok
2006-03-17,99.8614,ok
2006-03-20,100.049,ok
2006-03-21,100.472,ok
2006-03-22,100.496,ok
2006-03-23,100.826,ok
2006-03-24,100.777,ok
2006-03-27,100.836,ok
2006-03-28,100.799,ok
2006-03-29,101.047,ok
2006-03-30,100.57,ok
2006-03-31,100.56,ok
2006-04-03,100.62,ok
2006-04-04,100.132,ok
2006-04-05,100.079,ok
2006-04-06,100.158,ok
2006-04-07,100.419,ok
2006-04-10,100.409,ok
2006-04-11,100.29,ok
2006-04-12,100.359,ok
2006-04-13,100.476,ok
2006-04-14,100.47,ok
2006-04-17,99.8719,ok
2006-04-18,99.6747,ok
2006-04-19,99.3467,ok
2006-04-20,99.4974,ok
2006-04-21,99.4345,ok
2006-04-24,99.117,ok
2006-04-25,98.9687,ok
2006-04-26,98.8907,ok
2006-04-27,98.5149,ok
2006-04-28,98.1412,ok
2006-05-01,97.9085,ok
2006-05-02,97.6571,ok
2006-05-03,97.5572,ok
2006-05-04,97.4878,ok
2006-05-05,97.2585,ok
2006-05-08,97.1945,ok
2006-05-09,96.9578,ok
2006-05-10,96.6391,ok
2006-05-11,96.5383,ok
2006-05-12,96.8788,ok
2006-05-15,97.3588,ok
2006-05-16,97.1959,ok
2006-05-17,97.4725,ok
2006-05-18,97.7033,ok
2006-05-19,97.933,ok
2006-05-22,97.9377,ok
2006-05-23,97.7045,ok
2006-05-24,98.3936,ok
2006-05-25,97.8423,ok
2006-05-26,97.8995,ok
2006-05-29,97.8936,ok
2006-05-30,97.588,ok
2006-05-31,97.7705,ok
2006-06-01,97.7726,ok
2006-06-02,97.5544,ok
2006-06-05,97.3681,ok
2006-06-06,98.1449,ok
2006-06-07,98.1641,ok
2006-06-08,98.9313,ok
2006-06-09,98.5471,ok
2006-06-12,98.5494,ok
2006-06-13,98.9201,ok
2006-06-14,98.8338,ok
2006-06-15,98.8846,ok
2006-06-16,98.9127,ok
2006-06-19,99.145,ok
2006-06-20,99.0117,ok
2006-06-21,98.5544,ok
2006-06-22,99.0856,ok
2006-06-23,99.4216,ok
2006-06-26,99.3634,ok
2006-06-27,99.219,ok
2006-06-28,99.392,ok
2006-06-29,99.2158,ok
2006-06-30,98.2483,ok
2006-07-03,98.0371,ok
2006-07-04,98.0221,ok
2006-07-05,98.308,ok
2006-07-06,98.138,ok
2006-07-07,97.7508,ok
2006-07-10,97.9813,ok
2006-07-11,98.2132,ok
2006-07-12,98.5202,ok
2006-07-13,98.5583,ok
2006-07-14,98.6814,ok
2006-07-17,99.0767,ok
2006-07-18,99.1341,ok
2006-07-19,98.9262,ok
2006-07-20,98.6014,ok
2006-07-21,98.5221,ok
2006-07-24,98.7795,ok
2006-07-25,98.9388,ok
2006-07-26,98.742,ok
2006-07-27,98.2283,ok
2006-07-28,98.0539,ok
2006-07-31,97.9996,ok
2006-08-01,98.1715,ok
2006-08-02,97.9432,ok
2006-08-03,98.0694,ok
2006-08-04,97.6005,ok
2006-08-07,97.5088,ok
2006-08-08,97.6524,ok
2006-08-09,97.4402,ok
2006-08-10,97.8887,ok
2006-08-11,97.7863,ok
2006-08-14,97.9677,ok
2006-08-15,97.8043,ok
2006-08-16,97.3894,ok
2006-08-17,97.3486,ok
2006-08-18,97.7577,ok
2006-08-21,97.3856,ok
2006-08-22,97.6079,ok
2006-08-23,97.5731,ok
2006-08-24,97.7939,ok
2006-08-25,97.8827,ok
2006-08-28,97.8467,ok
2006-08-29,97.7748,ok
2006-08-30,97.5792,ok
2006-08-31,97.644,ok
2006-09-01,97.5084,ok
2006-09-04,97.4981,ok
2006-09-05,97.4392,ok
2006-09-06,97.6087,ok
2006-09-07,97.8108,ok
2006-09-08,98.2119,ok
2006-09-11,98.3845,ok
2006-09-12,98.2781,ok
2006-09-13,98.1775,ok
2006-09-14,98.0088,ok
2006-09-15,98.2104,ok
2006-09-18,98.1332,ok
2006-09-19,98.1703,ok
2006-09-20,98.1556,ok
2006-09-21,97.9458,ok
2006-09-22,97.8667,ok
2006-09-25,97.9909,ok
2006-09-26,98.0555,ok
2006-09-27,98.0107,ok
2006-09-28,98.0381,ok
2006-09-29,98.1054,ok
2006-10-02,97.9247,ok
2006-10-03,98.1267,ok
2006-10-04,98.3682,ok
2006-10-05,98.2776,ok
2006-10-06,98.5619,ok
2006-10-09,98.5702,ok
2006-10-10,98.9125,ok
2006-10-11,98.9146,ok
2006-10-12,98.831,ok
2006-10-13,98.8002,ok
2006-10-16,98.71,ok
2006-10-17,98.5354,ok
2006-10-18,98.6164,ok
2006-10-19,98.2897,ok
2006-10-20,98.1629,ok
2006-10-23,98.4483,ok
2006-10-24,98.349,ok
2006-10-25,98.2057,ok
2006-10-26,97.8907,ok
2006-10-27,97.4914,ok
2006-10-30,97.5672,ok
2006-10-31,97.3901,ok
2006-11-01,97.4949,ok
2006-11-02,97.6556,ok
2006-11-03,97.7209,ok
2006-11-06,97.806,ok
2006-11-07,97.4453,ok
2006-11-08,97.58,ok
2006-11-09,97.5041,ok
2006-11-10,97.4638,ok
2006-11-13,97.7904,ok
2006-11-14,97.7475,ok
2006-11-15,97.8359,ok
2006-11-16,97.8098,ok
2006-11-17,97.9855,ok
2006-11-20,98.0254,ok
2006-11-21,98.0215,ok
2006-11-22,97.5315,ok
2006-11-23,97.5314,ok
2006-11-24,97.0657,ok
2006-11-27,96.9986,ok
2006-11-28,96.8428,ok
2006-11-29,96.8577,ok
2006-11-30,96.5779,ok
2006-12-01,96.4585,ok
2006-12-04,96.4319,ok
2006-12-05,96.2082,ok
2006-12-06,96.2839,ok
2006-12-07,96.3207,ok
2006-12-08,96.6123,ok
2006-12-11,96.6646,ok
2006-12-12,96.7119,ok
2006-12-13,96.7296,ok
2006-12-14,96.7946,ok
2006-12-15,96.9857,ok
2006-12-18,97.1559,ok
2006-12-19,96.9313,ok
2006-12-20,96.7762,ok
2006-12-21,96.9148,ok
2006-12-22,97.1113,ok
2006-12-25,97.1221,ok
2006-12-26,97.1786,ok
2006-12-27,97.2076,ok
2006-12-28,97.0656,ok
2006-12-29,97.0312,ok
2007-01-01,97.0323,ok
2007-01-03,97.1281,ok
2007-01-04,97.5251,ok
2007-01-05,97.7801,ok
2007-01-08,97.788,ok
2007-01-09,97.9642,ok
2007-01-10,98.0943,ok
2007-01-11,98.0845,ok
2007-01-12,97.921,ok
2007-01-15,97.9201,ok
2007-01-16,97.9816,ok
2007-01-17,97.7509,ok
2007-01-18,97.8286,ok
2007-01-19,97.6868,ok
2007-01-22,97.827,ok
2007-01-23,97.8117,ok
2007-01-24,97.908,ok
2007-01-25,97.8396,ok
2007-01-26,98.1491,ok
2007-01-29,98.2066,ok
2007-01-30,98.1515,ok
2007-01-31,97.964,ok
2007-02-01,97.7101,ok
2007-02-02,97.9743,ok
2007-02-05,97.87,ok
2007-02-06,97.7357,ok
2007-02-07,97.7239,ok
2007-02-08,97.8169,ok
2007-02-09,97.7076,ok
2007-02-12,97.9409,ok
2007-02-13,97.7063,ok
2007-02-14,97.2779,ok
2007-02-15,97.1588,ok
2007-02-16,97.164,ok
2007-02-19,97.1545,ok
2007-02-20,97.321,ok
2007-02-21,97.27,ok
2007-02-22,97.266,ok
2007-02-23,97.1756,ok
2007-02-26,97.2281,ok
2007-02-27,97.0883,ok
2007-02-28,97.2386,ok
2007-03-01,97.3358,ok
2007-03-02,97.3691,ok
2007-03-05,97.6716,ok
2007-03-06,97.5123,ok
2007-03-07,97.4558,ok
2007-03-08,97.5731,ok
2007-03-09,97.4559,ok
2007-03-12,97.3013,ok
2007-03-13,97.2203,ok
2007-03-14,97.2759,ok
2007-03-15,97.2476,ok
2007-03-16,97.0407,ok
2007-03-19,97.1062,ok
2007-03-20,96.7985,ok
2007-03-21,96.6195,ok
2007-03-22,96.3893,ok
2007-03-23,96.5662,ok
2007-03-26,96.5493,ok
2007-03-27,96.4558,ok
2007-03-28,96.4894,ok
2007-03-29,96.5067,ok
2007-03-30,96.3183,ok
2007-04-02,96.3175,ok
2007-04-03,96.3774,ok
2007-04-04,96.3646,ok
2007-04-05,96.1188,ok
2007-04-06,96.2526,ok
2007-04-09,96.293,ok
2007-04-10,96.1179,ok
2007-04-11,96.0293,ok
2007-04-12,95.7999,ok
2007-04-13,95.711,ok
2007-04-16,95.5538,ok
2007-04-17,95.3832,ok
2007-04-18,95.3109,ok
2007-04-19,95.2712,ok
2007-04-20,95.1692,ok
2007-04-23,95.1833,ok
2007-04-24,95.1608,ok
2007-04-25,94.8497,ok
2007-04-26,95.1653,ok
2007-04-27,95.0103,ok
2007-04-30,94.8365,ok
2007-05-01,95.0037,ok
2007-05-02,95.0352,ok
2007-05-03,95.0167,ok
2007-05-04,94.9118,ok
2007-05-07,94.6914,ok
2007-05-08,94.8648,ok
2007-05-09,94.7933,ok
2007-05-10,94.9506,ok
2007-05-11,95.0035,ok
2007-05-14,94.8267,ok
2007-05-15,94.5574,ok
2007-05-16,94.8143,ok
2007-05-17,94.8339,ok
2007-05-18,94.6573,ok
2007-05-21,94.7026,ok
2007-05-22,94.5753,ok
2007-05-23,94.4557,ok
2007-05-24,94.7025,ok
2007-05-25,94.5022,ok
2007-05-28,94.4959,ok
2007-05-29,94.3533,ok
2007-05-30,94.549,ok
2007-05-31,94.3215,ok
2007-06-01,94.132,ok
2007-06-04,93.9969,ok
2007-06-05,93.9986,ok
2007-06-06,94.1217,ok
2007-06-07,94.3537,ok
2007-06-08,94.7599,ok
2007-06-11,94.6576,ok
2007-06-12,94.6991,ok
2007-06-13,94.9011,ok
2007-06-14,94.9029,ok
2007-06-15,94.6228,ok
2007-06-18,94.5475,ok
2007-06-19,94.3227,ok
2007-06-20,94.3618,ok
2007-06-21,94.6073,ok
2007-06-22,94.4371,ok
2007-06-25,94.5105,ok
2007-06-26,94.4678,ok
2007-06-27,94.5633,ok
2007-06-28,94.2395,ok
2007-06-29,94.1393,ok
2007-07-02,93.634,ok
2007-07-03,93.697,ok
2007-07-04,93.6965,ok
2007-07-05,93.7653,ok
2007-07-06,93.5759,ok
2007-07-09,93.5519,ok
2007-07-10,93.3339,ok
2007-07-11,93.3089,ok
2007-07-12,93.1198,ok
2007-07-13,93.0133,ok
2007-07-16,92.9094,ok
2007-07-17,92.9095,ok
2007-07-18,92.7959,ok
2007-07-19,92.7332,ok
2007-07-20,92.7179,ok
2007-07-23,92.6585,ok
2007-07-24,92.505,ok
2007-07-25,92.9189,ok
2007-07-26,93.1186,ok
2007-07-27,93.5485,ok
2007-07-30,93.5918,ok
2007-07-31,93.4264,ok
2007-08-01,93.4011,ok
2007-08-02,93.3038,ok
2007-08-03,93.1039,ok
2007-08-06,93.1112,ok
2007-08-07,93.3171,ok
2007-08-08,93.0989,ok
2007-08-09,93.441,ok
2007-08-10,93.5214,ok
2007-08-13,93.6032,ok
2007-08-14,94.0416,ok
2007-08-15,94.5014,ok
2007-08-16,94.9055,ok
2007-08-17,94.319,ok
2007-08-20,94.2138,ok
2007-08-21,94.2676,ok
2007-08-22,94.0998,ok
2007-08-23,93.9827,ok
2007-08-24,93.6863,ok
2007-08-27,93.6109,ok
2007-08-28,93.8394,ok
2007-08-29,93.7174,ok
2007-08-30,93.7324,ok
2007-08-31,93.6674,ok
2007-09-03,93.6691,ok
2007-09-04,93.6433,ok
2007-09-05,93.5453,ok
2007-09-06,93.4468,ok
2007-09-07,93.2939,ok
2007-09-10,93.2349,ok
2007-09-11,92.9244,ok
2007-09-12,92.6386,ok
2007-09-13,92.6172,ok
2007-09-14,92.7083,ok
2007-09-17,92.823,ok
2007-09-18,92.6584,ok
2007-09-19,92.1534,ok
2007-09-20,91.4212,ok
2007-09-21,91.4854,ok
2007-09-24,91.4017,ok
2007-09-25,91.3392,ok
2007-09-26,91.4335,ok
2007-09-27,91.3497,ok
2007-09-28,90.9446,ok
2007-10-01,90.8801,ok
2007-10-02,91.12,ok
2007-10-03,91.1038,ok
2007-10-04,91.1632,ok
2007-10-05,90.7393,ok
2007-10-08,90.748,ok
2007-10-09,90.8609,ok
2007-10-10,90.7154,ok
2007-10-11,90.4901,ok
2007-10-12,90.5945,ok
2007-10-15,90.5387,ok
2007-10-16,90.7123,ok
2007-10-17,90.515,ok
2007-10-18,90.3084,ok
2007-10-19,90.1014,ok
2007-10-22,90.6777,ok
2007-10-23,90.1899,ok
2007-10-24,90.2262,ok
2007-10-25,89.9925,ok
2007-10-26,89.6508,ok
2007-10-29,89.4118,ok
2007-10-30,89.3252,ok
2007-10-31,89.1389,ok
2007-11-01,89.1628,ok
2007-11-02,88.8924,ok
2007-11-05,88.8851,ok
2007-11-06,88.4938,ok
2007-11-07,88.0631,ok
2007-11-08,88.2631,ok
2007-11-09,88.4615,ok
2007-11-12,88.465,ok
2007-11-13,89.1016,ok
2007-11-14,88.9671,ok
2007-11-15,89.4413,ok
2007-11-16,89.3182,ok
2007-11-19,89.5262,ok
2007-11-20,89.2622,ok
2007-11-21,89.3352,ok
2007-11-22,89.3269,ok
2007-11-23,89.2384,ok
2007-11-26,89.145,ok
2007-11-27,89.4082,ok
2007-11-28,89.4195,ok
2007-11-29,89.3681,ok
2007-11-30,89.6212,ok
2007-12-03,89.6403,ok
2007-12-04,89.6672,ok
2007-12-05,89.8751,ok
2007-12-06,89.9268,ok
2007-12-07,89.74,ok
2007-12-10,89.6811,ok
2007-12-11,89.7176,ok
2007-12-12,89.7349,ok
2007-12-13,90.1374,ok
2007-12-14,90.4345,ok
2007-12-17,90.5363,ok
2007-12-18,90.5602,ok
2007-12-19,90.6147,ok
2007-12-20,90.4695,ok
2007-12-21,90.3672,ok
2007-12-24,90.1788,ok
2007-12-25,90.1786,ok
2007-12-26,89.9226,ok
2007-12-27,89.684,ok
2007-12-28,89.4069,ok
2007-12-31,89.6304,ok
2008-01-01,89.6297,ok
2008-01-02,89.3514,ok
2008-01-03,89.231,ok
2008-01-04,89.2467,ok
2008-01-07,89.5718,ok
2008-01-08,89.3398,ok
2008-01-09,89.6807,ok
2008-01-10,89.6226,ok
2008-01-11,89.5215,ok
2008-01-14,89.2749,ok
2008-01-15,89.1555,ok
2008-01-16,89.6701,ok
2008-01-17,89.6484,ok
2008-01-18,89.8993,ok
2008-01-21,89.9265,ok
2008-01-22,89.84,ok
2008-01-23,89.9138,ok
2008-01-24,89.203,ok
2008-01-25,89.2184,ok
2008-01-28,88.9555,ok
2008-01-29,88.8342,ok
2008-01-30,88.7442,ok
2008-01-31,88.6547,ok
2008-02-01,88.4824,ok
2008-02-04,88.4788,ok
2008-02-05,89.076,ok
2008-02-06,88.9987,ok
2008-02-07,89.4221,ok
2008-02-08,89.2226,ok
2008-02-11,89.2149,ok
2008-02-12,88.9539,ok
2008-02-13,89.1382,ok
2008-02-14,88.9055,ok
2008-02-15,88.9006,ok
2008-02-18,88.9004,ok
2008-02-19,88.9626,ok
2008-02-20,89.2572,ok
2008-02-21,88.716,ok
2008-02-22,88.7082,ok
2008-02-25,88.5373,ok
2008-02-26,88.0998,ok
2008-02-27,87.3353,ok
2008-02-28,87.0363,ok
2008-02-29,87.1654,ok
2008-03-03,87.2381,ok
2008-03-04,87.3039,ok
2008-03-05,87.1347,ok
2008-03-06,86.9105,ok
2008-03-07,87.1258,ok
2008-03-10,87.1452,ok
2008-03-11,87.1763,ok
2008-03-12,86.728,ok
2008-03-13,86.3891,ok
2008-03-14,86.4301,ok
2008-03-17,86.3417,ok
2008-03-18,86.1191,ok
2008-03-19,86.5755,ok
2008-03-20,87.3293,ok
2008-03-21,87.2111,ok
2008-03-24,87.3103,ok
2008-03-25,86.8339,ok
2008-03-26,86.5513,ok
2008-03-27,86.4583,ok
2008-03-28,86.6369,ok
2008-03-31,86.6881,ok
2008-04-01,87.0276,ok
2008-04-02,86.8886,ok
2008-04-03,86.6424,ok
2008-04-04,86.5108,ok
2008-04-07,86.603,ok
2008-04-08,86.7369,ok
2008-04-09,86.5764,ok
2008-04-10,86.5131,ok
2008-04-11,86.5029,ok
2008-04-14,86.3492,ok
2008-04-15,86.4705,ok
2008-04-16,85.9037,ok
2008-04-17,86.1077,ok
2008-04-18,86.5277,ok
2008-04-21,86.2979,ok
2008-04-22,85.927,ok
2008-04-23,86.3841,ok
2008-04-24,86.7154,ok
2008-04-25,86.8337,ok
2008-04-28,86.7635,ok
2008-04-29,86.873,ok
2008-04-30,86.8907,ok
2008-05-01,87.1347,ok
2008-05-02,87.2311,ok
2008-05-05,87.0636,ok
2008-05-06,86.847,ok
2008-05-07,87.3421,ok
2008-05-08,87.4575,ok
2008-05-09,87.2528,ok
2008-05-12,87.0403,ok
2008-05-13,87.1332,ok
2008-05-14,87.3659,ok
2008-05-15,87.1823,ok
2008-05-16,86.7855,ok
2008-05-19,86.8225,ok
2008-05-20,86.5627,ok
2008-05-21,86.1595,ok
2008-05-22,86.3223,ok
2008-05-23,86.1922,ok
2008-05-26,86.19,ok
2008-05-27,86.4459,ok
2008-05-28,86.4951,ok
2008-05-29,86.5616,ok
2008-05-30,86.5504,ok
2008-06-02,86.6321,ok
2008-06-03,86.8359,ok
2008-06-04,87.0999,ok
2008-06-05,87.0968,ok
2008-06-06,86.8028,ok
2008-06-09,86.9096,ok
2008-06-10,87.4705,ok
2008-06-11,87.2059,ok
2008-06-12,87.6187,ok
2008-06-13,87.7622,ok
2008-06-16,87.3911,ok
2008-06-17,87.2103,ok
2008-06-18,87.1872,ok
2008-06-19,87.0815,ok
2008-06-20,86.9036,ok
2008-06-23,87.2163,ok
2008-06-24,86.9666,ok
2008-06-25,87.0535,ok
2008-06-26,86.6793,ok
2008-06-27,86.643,ok
2008-06-30,86.7621,ok
2008-07-01,86.8447,ok
2008-07-02,86.4782,ok
2008-07-03,86.8843,ok
2008-07-04,86.8781,ok
2008-07-07,86.9617,ok
2008-07-08,86.9778,ok
2008-07-09,86.5335,ok
2008-07-10,86.5122,ok
2008-07-11,86.221,ok
2008-07-14,86.1079,ok
2008-07-15,85.8731,ok
2008-07-16,85.9285,ok
2008-07-17,85.9387,ok
2008-07-18,86.0735,ok
2008-07-21,86.0151,ok
2008-07-22,86.1909,ok
2008-07-23,86.2664,ok
2008-07-24,86.4017,ok
2008-07-25,86.3916,ok
2008-07-28,86.4666,ok
2008-07-29,86.8175,ok
2008-07-30,86.8167,ok
2008-07-31,86.8567,ok
2008-08-01,86.8257,ok
2008-08-04,87.0611,ok
2008-08-05,87.3281,ok
2008-08-06,87.6004,ok
2008-08-07,87.8732,ok
2008-08-08,88.8939,ok
2008-08-11,89.035,ok
2008-08-12,89.1916,ok
2008-08-13,89.3211,ok
2008-08-14,89.3675,ok
2008-08-15,89.7244,ok
2008-08-18,89.5966,ok
2008-08-19,89.6465,ok
2008-08-20,89.6977,ok
2008-08-21,88.9128,ok
2008-08-22,89.2381,ok
2008-08-25,89.3094,ok
2008-08-26,89.7007,ok
2008-08-27,89.6419,ok
2008-08-28,89.8225,ok
2008-08-29,90.0567,ok
2008-09-01,90.08,ok
2008-09-02,90.8438,ok
2008-09-03,90.8286,ok
2008-09-04,91.1621,ok
2008-09-05,91.341,ok
2008-09-08,91.663,ok
2008-09-09,91.5779,ok
2008-09-10,92.1283,ok
2008-09-11,92.4901,ok
2008-09-12,91.4706,ok
2008-09-15,91.757,ok
2008-09-16,92.0594,ok
2008-09-17,92.0982,ok
2008-09-18,91.7111,ok
2008-09-19,91.0014,ok
2008-09-22,90.1119,ok
2008-09-23,90.1221,ok
2008-09-24,90.4602,ok
2008-09-25,90.4651,ok
2008-09-26,90.6872,ok
2008-09-29,91.3961,ok
2008-09-30,92.3773,ok
2008-10-01,92.511,ok
2008-10-02,93.3792,ok
2008-10-03,93.5414,ok
2008-10-06,95.1629,ok
2008-10-07,95.4889,ok
2008-10-08,96.9684,ok
2008-10-09,96.5143,ok
2008-10-10,97.999,ok
2008-10-13,97.9686,ok
2008-10-14,96.2544,ok
2008-10-15,97.2045,ok
2008-10-16,98.368,ok
2008-10-17,97.7255,ok
2008-10-20,98.1605,ok
2008-10-21,99.4242,ok
2008-10-22,101.213,ok
2008-10-23,101.107,ok
2008-10-24,101.844,ok
2008-10-27,102.341,ok
2008-10-28,102.424,ok
2008-10-29,100.097,ok
2008-10-30,99.4568,ok
2008-10-31,99.7662,ok
2008-11-03,99.4345,ok
2008-11-04,97.9957,ok
2008-11-05,98.0953,ok
2008-11-06,99.5364,ok
2008-11-07,99.3944,ok
2008-11-10,99.5897,ok
2008-11-11,99.6041,ok
2008-11-12,101.195,ok
2008-11-13,101.774,ok
2008-11-14,100.971,ok
2008-11-17,101.103,ok
2008-11-18,101.397,ok
2008-11-19,101.88,ok
2008-11-20,103.274,ok
2008-11-21,103.629,ok
2008-11-24,101.502,ok
2008-11-25,100.8,ok
2008-11-26,101.257,ok
2008-11-27,101.256,ok
2008-11-28,101.647,ok
2008-12-01,102.174,ok
2008-12-02,101.989,ok
2008-12-03,102.425,ok
2008-12-04,102.072,ok
2008-12-05,103.49,ok
2008-12-08,101.723,ok
2008-12-09,101.735,ok
2008-12-10,101.291,ok
2008-12-11,99.5101,ok
2008-12-12,100.319,ok
2008-12-15,99.1001,ok
2008-12-16,98.4771,ok
2008-12-17,96.8227,ok
2008-12-18,96.8447,ok
2008-12-19,98.1278,ok
2008-12-22,98.1643,ok
2008-12-23,98.2698,ok
2008-12-24,98.2249,ok
2008-12-25,98.2419,ok
2008-12-26,98.2594,ok
2008-12-29,97.9359,ok
2008-12-30,98.3833,ok
2008-12-31,98.6518,ok
2009-01-02,98.6008,ok
2009-01-05,98.9195,ok
2009-01-06,98.7871,ok
2009-01-07,98.089,ok
2009-01-08,98.3223,ok
2009-01-09,98.8752,ok
2009-01-12,99.6022,ok
2009-01-13,100.36,ok
2009-01-14,100.755,ok
2009-01-15,101.465,ok
2009-01-16,100.711,ok
2009-01-21,102.101,ok
2009-01-22,101.843,ok
2009-01-23,102.11,ok
2009-01-26,100.976,ok
2009-01-27,101.17,ok
2009-01-28,100.546,ok
2009-01-29,101.34,ok
2009-01-30,102.117,ok
2009-02-02,102.507,ok
2009-02-03,101.851,ok
2009-02-04,101.906,ok
2009-02-05,101.952,ok
2009-02-06,101.746,ok
2009-02-09,100.964,ok
2009-02-10,101.709,ok
2009-02-11,102.24,ok
2009-02-12,102.598,ok
2009-02-13,102.296,ok
2009-02-17,103.763,ok
2009-02-18,104.038,ok
2009-02-19,103.766,ok
2009-02-20,104.024,ok
2009-02-23,103.742,ok
2009-02-24,103.983,ok
2009-02-25,104.309,ok
2009-02-26,104.181,ok
2009-02-27,104.928,ok
2009-03-02,105.962,ok
2009-03-03,106.025,ok
2009-03-04,105.456,ok
2009-03-05,105.806,ok
2009-03-06,105.394,ok
2009-03-09,106.018,ok
2009-03-10,105.115,ok
2009-03-11,104.85,ok
2009-03-12,104.89,ok
2009-03-13,104.111,ok
2009-03-16,103.201,ok
2009-03-17,103.231,ok
2009-03-18,103.001,ok
2009-03-19,100.395,ok
2009-03-20,101.058,ok
2009-03-23,101.103,ok
2009-03-24,101.032,ok
2009-03-25,100.967,ok
2009-03-26,101.097,ok
2009-03-27,101.839,ok
2009-03-30,102.749,ok
2009-03-31,102.376,ok
2009-04-01,102.125,ok
2009-04-02,100.873,ok
2009-04-03,100.643,ok
2009-04-06,100.943,ok
2009-04-07,100.981,ok
2009-04-08,100.895,ok
2009-04-09,100.799,ok
2009-04-10,100.76,ok
2009-04-13,100.137,ok
2009-04-14,99.9097,ok
2009-04-15,100.15,ok
2009-04-16,100.052,ok
2009-04-17,100.572,ok
2009-04-20,101.448,ok
2009-04-21,101.179,ok
2009-04-22,101.114,ok
2009-04-23,101.007,ok
2009-04-24,100.024,ok
2009-04-27,100.726,ok
2009-04-28,101.314,ok
2009-04-29,100.001,ok
2009-04-30,100.104,ok
2009-05-01,100.006,ok
2009-05-04,99.134,ok
2009-05-05,98.8529,ok
2009-05-06,98.9044,ok
2009-05-07,98.552,ok
2009-05-08,98.1269,ok
2009-05-11,97.747,ok
2009-05-12,97.8269,ok
2009-05-13,98.0276,ok
2009-05-14,98.1271,ok
2009-05-15,98.1063,ok
2009-05-18,97.9412,ok
2009-05-19,97.2827,ok
2009-05-20,96.5707,ok
2009-05-21,96.6039,ok
2009-05-22,95.8788,ok
2009-05-26,95.988,ok
2009-05-27,95.9622,ok
2009-05-28,96.1313,ok
2009-05-29,95.268,ok
2009-06-01,94.8107,ok
2009-06-02,94.6556,ok
2009-06-03,95.0751,ok
2009-06-04,95.2922,ok
2009-06-05,96.0412,ok
2009-06-08,96.6548,ok
2009-06-09,95.9537,ok
2009-06-10,96.1277,ok
2009-06-11,95.4993,ok
2009-06-12,95.836,ok
2009-06-15,96.7519,ok
2009-06-16,96.2616,ok
2009-06-17,96.64,ok
2009-06-18,96.1482,ok
2009-06-19,96.0325,ok
2009-06-22,96.8818,ok
2009-06-23,96.5196,ok
2009-06-24,96.2369,ok
2009-06-25,96.7072,ok
2009-06-26,96.1935,ok
2009-06-29,96.242,ok
2009-06-30,96.3761,ok
2009-07-01,95.6581,ok
2009-07-02,96.3216,ok
2009-07-06,96.6174,ok
2009-07-07,96.6321,ok
2009-07-08,97.0204,ok
2009-07-09,96.6219,ok
2009-07-10,97.0819,ok
2009-07-13,96.9995,ok
2009-07-14,96.6599,ok
2009-07-15,95.8004,ok
2009-07-16,95.7241,ok
2009-07-17,95.6036,ok
2009-07-20,95.0903,ok
2009-07-21,95.0564,ok
2009-07-22,94.8659,ok
2009-07-23,94.532,ok
2009-07-24,94.7046,ok
2009-07-27,94.6659,ok
2009-07-28,94.5592,ok
2009-07-29,95.1678,ok
2009-07-30,94.8967,ok
2009-07-31,94.2526,ok
2009-08-03,93.6331,ok
2009-08-04,93.7281,ok
2009-08-05,93.7848,ok
2009-08-06,93.9358,ok
2009-08-07,94.4692,ok
2009-08-10,94.6087,ok
2009-08-11,94.8678,ok
2009-08-12,94.5394,ok
2009-08-13,94.2392,ok
2009-08-14,94.475,ok
2009-08-17,95.1024,ok
2009-08-18,95.1118,ok
2009-08-19,94.4084,ok
2009-08-20,94.3492,ok
2009-08-21,94.0103,ok
2009-08-24,93.9345,ok
2009-08-25,93.9066,ok
2009-08-26,94.8662,ok
2009-08-27,94.7943,ok
2009-08-28,94.4489,ok
2009-08-31,94.6202,ok
2009-09-01,95.2201,ok
2009-09-02,95.1575,ok
2009-09-03,94.959,ok
2009-09-04,94.5811,ok
2009-09-08,93.7323,ok
2009-09-09,93.6915,ok
2009-09-10,93.6947,ok
2009-09-11,93.3225,ok
2009-09-14,93.6196,ok
2009-09-15,93.4427,ok
2009-09-16,92.9072,ok
2009-09-17,92.8287,ok
2009-09-18,93.1233,ok
2009-09-21,93.3547,ok
2009-09-22,92.8664,ok
2009-09-23,92.979,ok
2009-09-24,93.4708,ok
2009-09-25,93.5535,ok
2009-09-28,93.4669,ok
2009-09-29,93.7776,ok
2009-09-30,93.1907,ok
2009-10-01,93.5995,ok
2009-10-02,93.6756,ok
2009-10-05,93.3356,ok
2009-10-06,92.619,ok
2009-10-07,92.794,ok
2009-10-08,92.2074,ok
2009-10-09,92.2984,ok
2009-10-13,91.8273,ok
2009-10-14,91.5047,ok
2009-10-15,91.4367,ok
2009-10-16,91.6541,ok
2009-10-19,91.4406,ok
2009-10-20,91.801,ok
2009-10-21,91.3805,ok
2009-10-22,91.6075,ok
2009-10-23,91.7331,ok
2009-10-26,92.0998,ok
2009-10-27,92.5335,ok
2009-10-28,92.8152,ok
2009-10-29,92.4708,ok
2009-10-30,92.6207,ok
2009-11-02,92.4501,ok
2009-11-03,92.9037,ok
2009-11-04,92.3725,ok
2009-11-05,92.3437,ok
2009-11-06,92.3848,ok
2009-11-09,91.6861,ok
2009-11-10,91.6659,ok
2009-11-12,91.9461,ok
2009-11-13,91.5754,ok
2009-11-16,91.194,ok
2009-11-17,91.7419,ok
2009-11-18,91.249,ok
2009-11-19,91.7827,ok
2009-11-20,91.9906,ok
2009-11-23,91.4864,ok
2009-11-24,91.5539,ok
2009-11-25,90.9669,ok
2009-11-27,91.5272,ok
2009-11-30,91.3717,ok
2009-12-01,90.8323,ok
2009-12-02,90.8906,ok
2009-12-03,90.9152,ok
2009-12-04,91.3806,ok
2009-12-07,91.5414,ok
2009-12-08,91.9513,ok
2009-12-09,92.014,ok
2009-12-10,92.0073,ok
2009-12-11,92.2946,ok
2009-12-14,92.0305,ok
2009-12-15,92.3635,ok
2009-12-16,92.1496,ok
2009-12-17,93.225,ok
2009-12-18,93.1632,ok
2009-12-22,93.2903,ok
2009-12-23,92.9295,ok
2009-12-24,92.8694,ok
2009-12-28,92.6993,ok
2009-12-29,92.8838,ok
2009-12-30,93.0872,ok
2009-12-31,92.9124,ok
2010-01-04,92.3566,ok
2010-01-05,92.2236,ok
2010-01-06,92.0941,ok
2010-01-07,92.3684,ok
2010-01-08,92.1485,ok
2010-01-11,91.5997,ok
2010-01-12,91.7005,ok
2010-01-13,91.7272,ok
2010-01-14,91.5864,ok
2010-01-15,91.7668,ok
2010-01-19,91.9611,ok
2010-01-20,92.6766,ok
2010-01-21,92.6627,ok
2010-01-22,92.943,ok
2010-01-25,92.9099,ok
2010-01-26,93.3298,ok
2010-01-27,93.2835,ok
2010-01-28,93.2635,ok
2010-01-29,93.7638,ok
2010-02-01,93.7321,ok
2010-02-02,93.4136,ok
2010-02-03,93.6268,ok
2010-02-04,94.1401,ok
2010-02-05,94.6218,ok
2010-02-12,93.9976,ok
2010-02-16,93.482,ok
2010-02-17,93.7171,ok
2010-02-18,93.8752,ok
2010-02-19,93.9569,ok
2010-02-22,93.7402,ok
2010-02-23,93.9794,ok
2010-02-24,93.9775,ok
2010-02-25,94.3797,ok
2010-02-26,93.6602,ok
2010-03-01,93.7979,ok
2010-03-02,93.488,ok
2010-03-03,92.9861,ok
2010-03-04,93.4079,ok
2010-03-05,93.2623,ok
2010-03-08,93.2446,ok
2010-03-09,93.1941,ok
2010-03-10,93.0426,ok
2010-03-11,93.0533,ok
2010-03-12,92.6616,ok
2010-03-15,92.9642,ok
2010-03-16,92.595,ok
2010-03-17,92.4446,ok
2010-03-18,92.7451,ok
2010-03-19,93.0407,ok
2010-03-22,93.1333,ok
2010-03-23,93.006,ok
2010-03-24,93.6468,ok
2010-03-25,93.5885,ok
2010-03-26,93.6873,ok
2010-03-29,93.2959,ok
2010-03-30,93.2627,ok
2010-03-31,92.8987,ok
2010-04-01,92.6661,ok
2010-04-02,92.9057,ok
2010-04-05,92.6644,ok
2010-04-06,92.7373,ok
2010-04-07,92.7452,ok
2010-04-08,92.7211,ok
2010-04-09,92.4772,ok
2010-04-12,92.243,ok
2010-04-13,92.2689,ok
2010-04-14,91.9297,ok
2010-04-15,92.2029,ok
2010-04-16,92.5253,ok
2010-04-19,92.8577,ok
2010-04-20,92.4338,ok
2010-04-21,92.4482,ok
2010-04-22,92.7277,ok
2010-04-23,92.6622,ok
2010-04-26,92.5187,ok
2010-04-27,93.0956,ok
2010-04-28,93.4856,ok
2010-04-29,92.9013,ok
2010-04-30,92.8423,ok
2010-05-03,93.235,ok
2010-05-04,93.8137,ok
2010-05-05,94.3968,ok
2010-05-06,95.3032,ok
2010-05-07,95.2952,ok
2010-05-10,94.3096,ok
2010-05-11,94.4305,ok
2010-05-12,94.5515,ok
2010-05-13,94.5071,ok
2010-05-14,95.3746,ok
2010-05-17,95.9795,ok
2010-05-18,95.6212,ok
2010-05-19,96.5083,ok
2010-05-20,96.9483,ok
2010-05-21,96.2911,ok
2010-05-24,96.6433,ok
2010-05-25,97.5487,ok
2010-05-26,97.1879,ok
2010-05-27,96.3611,ok
2010-05-28,96.3062,ok
2010-06-01,96.6123,ok
2010-06-02,96.615,ok
2010-06-03,96.461,ok
2010-06-04,97.1688,ok
2010-06-07,97.503,ok
2010-06-08,97.3425,ok
2010-06-09,96.8938,ok
2010-06-10,96.4877,ok
2010-06-11,96.5616,ok
2010-06-14,95.8082,ok
2010-06-15,95.7049,ok
2010-06-16,95.5668,ok
2010-06-17,95.4973,ok
2010-06-18,95.2981,ok
2010-06-21,94.8505,ok
2010-06-22,95.1165,ok
2010-06-23,95.4853,ok
2010-06-24,95.6194,ok
2010-06-25,95.4582,ok
2010-06-28,95.2696,ok
2010-06-29,96.0199,ok
2010-06-30,95.9934,ok
2010-07-01,95.8018,ok
2010-07-02,95.6345,ok
2010-07-06,95.1069,ok
2010-07-07,95.1795,ok
2010-07-08,94.7734,ok
2010-07-09,94.683,ok
2010-07-12,94.9598,ok
2010-07-13,94.3856,ok
2010-07-14,94.3247,ok
2010-07-15,94.1988,ok
2010-07-16,94.5061,ok
2010-07-19,94.602,ok
2010-07-20,94.542,ok
2010-07-21,94.4496,ok
2010-07-22,94.1135,ok
2010-07-23,94.1431,ok
2010-07-26,93.7556,ok
2010-07-27,93.7583,ok
2010-07-28,93.7506,ok
2010-07-29,93.6004,ok
2010-07-30,93.2793,ok
2010-08-02,92.7916,ok
2010-08-03,92.6258,ok
2010-08-04,92.731,ok
2010-08-05,92.6401,ok
2010-08-06,92.5915,ok
2010-08-09,92.6726,ok
2010-08-10,93.2197,ok
2010-08-11,93.7778,ok
2010-08-12,93.8905,ok
2010-08-13,94.0457,ok
2010-08-16,93.7902,ok
2010-08-17,93.4239,ok
2010-08-18,93.3719,ok
2010-08-19,93.7141,ok
2010-08-20,94.2087,ok
2010-08-23,94.3295,ok
2010-08-24,94.4362,ok
2010-08-25,94.7372,ok
2010-08-26,94.3523,ok
2010-08-27,94.3462,ok
2010-08-30,94.5922,ok
2010-08-31,94.7204,ok
2010-09-01,94.1148,ok
2010-09-02,94.0852,ok
2010-09-03,93.6952,ok
2010-09-07,94.042,ok
2010-09-08,93.7785,ok
2010-09-09,93.7033,ok
2010-09-10,93.6768,ok
2010-09-13,93.0767,ok
2010-09-14,92.6182,ok
2010-09-15,92.9313,ok
2010-09-16,92.9108,ok
2010-09-17,92.9418,ok
2010-09-20,92.7496,ok
2010-09-21,92.6684,ok
2010-09-22,92.0647,ok
2010-09-23,92.0233,ok
2010-09-24,91.5996,ok
2010-09-27,91.4803,ok
2010-09-28,91.3493,ok
2010-09-29,91.1632,ok
2010-09-30,91.3415,ok
2010-10-01,90.836,ok
2010-10-04,91.0015,ok
2010-10-05,90.5622,ok
2010-10-06,90.1411,ok
2010-10-07,90.286,ok
2010-10-08,90.1133,ok
2010-10-12,90.2203,ok
2010-10-13,89.7779,ok
2010-10-14,89.5228,ok
2010-10-15,89.6815,ok
2010-10-18,89.8484,ok
2010-10-19,90.5499,ok
2010-10-20,90.1446,ok
2010-10-21,90.138,ok
2010-10-22,90.4063,ok
2010-10-25,89.9328,ok
2010-10-26,90.2818,ok
2010-10-27,90.8038,ok
2010-10-28,90.2407,ok
2010-10-29,90.0935,ok
2010-11-01,90.0307,ok
2010-11-02,89.6847,ok
2010-11-03,89.7079,ok
2010-11-04,88.9831,ok
2010-11-05,89.2441,ok
2010-11-08,89.5711,ok
2010-11-09,89.558,ok
2010-11-10,89.9056,ok
2010-11-12,90.1701,ok
2010-11-15,90.4331,ok
2010-11-16,91.1102,ok
2010-11-17,90.9282,ok
2010-11-18,90.649,ok
2010-11-19,90.6986,ok
2010-11-22,90.7023,ok
2010-11-23,91.4318,ok
2010-11-24,91.2179,ok
2010-11-26,91.8152,ok
2010-11-29,92.1997,ok
2010-11-30,92.1494,ok
2010-12-01,91.6799,ok
2010-12-02,91.2651,ok
2010-12-03,90.8788,ok
2010-12-06,91.0167,ok
2010-12-07,90.9732,ok
2010-12-08,91.3376,ok
2010-12-09,91.3923,ok
2010-12-10,91.2831,ok
2010-12-13,90.8837,ok
2010-12-14,90.764,ok
2010-12-15,91.094,ok
2010-12-16,91.3773,ok
2010-12-17,91.5555,ok
2010-12-20,91.6398,ok
2010-12-21,91.519,ok
2010-12-22,91.429,ok
2010-12-23,91.3013,ok
2010-12-27,91.1963,ok
2010-12-28,90.9848,ok
2010-12-29,90.7669,ok
2010-12-30,90.5146,ok
2011-01-03,89.9524,ok
2011-01-04,90.3277,ok
2011-01-05,90.5715,ok
2011-01-06,90.9125,ok
2011-01-07,91.0001,ok
2011-01-10,91.03,ok
2011-01-11,90.8431,ok
2011-01-12,90.4111,ok
2011-01-13,89.9019,ok
2011-01-14,90.0461,ok
2011-01-18,89.821,ok
2011-01-19,89.6948,ok
2011-01-20,90.1316,ok
2011-01-21,89.7204,ok
2011-01-24,89.5375,ok
2011-01-25,89.7279,ok
2011-01-26,89.5091,ok
2011-01-27,89.5728,ok
2011-01-28,89.8189,ok
2011-01-31,89.694,ok
2011-02-01,89.1436,ok
2011-02-02,89.0737,ok
2011-02-03,89.2522,ok
2011-02-04,89.391,ok
2011-02-07,89.3556,ok
2011-02-08,89.1241,ok
2011-02-09,89.4166,ok
2011-02-10,89.6266,ok
2011-02-11,89.8784,ok
2011-02-14,89.8543,ok
2011-02-15,89.8871,ok
2011-02-16,89.7059,ok
2011-02-17,89.4102,ok
2011-02-18,89.1974,ok
2011-02-22,89.4617,ok
2011-02-23,89.4186,ok
2011-02-24,89.2346,ok
2011-02-25,89.1664,ok
2011-02-28,88.9391,ok
2011-03-01,88.831,ok
2011-03-02,88.7317,ok
2011-03-03,88.637,ok
2011-03-04,88.4898,ok
2011-03-07,88.5207,ok
2011-03-08,88.6454,ok
2011-03-09,88.5328,ok
2011-03-10,88.8698,ok
2011-03-11,88.691,ok
2011-03-14,88.5191,ok
2011-03-15,88.7845,ok
2011-03-16,88.9785,ok
2011-03-17,88.6549,ok
2011-03-18,88.5221,ok
2011-03-21,88.2032,ok
2011-03-22,88.0665,ok
2011-03-23,88.3328,ok
2011-03-24,88.0592,ok
2011-03-25,88.1716,ok
2011-03-28,88.3058,ok
2011-03-29,88.3991,ok
2011-03-30,88.2298,ok
2011-03-31,88.0299,ok
2011-04-01,87.7993,ok
2011-04-04,87.8406,ok
2011-04-05,87.7483,ok
2011-04-06,87.4913,ok
2011-04-07,87.532,ok
2011-04-08,87.1493,ok
2011-04-11,87.094,ok
2011-04-12,87.2943,ok
2011-04-13,87.2093,ok
2011-04-14,87.0802,ok
2011-04-15,87.005,ok
2011-04-18,87.5081,ok
2011-04-19,87.0791,ok
2011-04-20,86.5642,ok
2011-04-21,86.2256,ok
2011-04-22,86.3742,ok
2011-04-25,86.4026,ok
2011-04-26,86.2576,ok
2011-04-27,86.2519,ok
2011-04-28,85.8419,ok
2011-04-29,85.5999,ok
2011-05-02,85.5199,ok
2011-05-03,85.6352,ok
2011-05-04,85.8917,ok
2011-05-05,86.508,ok
2011-05-06,86.4575,ok
2011-05-09,86.8346,ok
2011-05-10,86.6518,ok
2011-05-11,86.7195,ok
2011-05-12,87.0767,ok
2011-05-13,87.4176,ok
2011-05-16,87.3311,ok
2011-05-17,87.6307,ok
2011-05-18,87.295,ok
2011-05-19,87.2638,ok
2011-05-20,87.3044,ok
2011-05-23,87.8941,ok
2011-05-24,87.662,ok
2011-05-25,87.6136,ok
2011-05-26,87.5588,ok
2011-05-27,86.9525,ok
2011-05-31,86.656,ok
2011-06-01,86.5964,ok
2011-06-02,86.8435,ok
2011-06-03,86.4234,ok
2011-06-06,86.4669,ok
2011-06-07,86.3627,ok
2011-06-08,86.5714,ok
2011-06-09,86.5913,ok
2011-06-10,87.042,ok
2011-06-13,87.0579,ok
2011-06-14,86.6771,ok
2011-06-15,87.3342,ok
2011-06-16,87.6917,ok
2011-06-17,87.2179,ok
2011-06-20,87.1908,ok
2011-06-21,86.857,ok
2011-06-22,86.8067,ok
2011-06-23,87.455,ok
2011-06-24,87.5014,ok
2011-06-27,87.5225,ok
2011-06-28,87.2178,ok
2011-06-29,86.8014,ok
2011-06-30,86.4786,ok
2011-07-01,86.3613,ok
2011-07-05,86.4253,ok
2011-07-06,86.6825,ok
2011-07-07,86.4825,ok
2011-07-08,86.615,ok
2011-07-11,87.1013,ok
2011-07-12,87.1701,ok
2011-07-13,86.5697,ok
2011-07-14,86.5234,ok
2011-07-15,86.5169,ok
2011-07-18,86.9549,ok
2011-07-19,86.4386,ok
2011-07-20,86.2794,ok
2011-07-21,85.8378,ok
2011-07-22,85.8623,ok
2011-07-25,85.8006,ok
2011-07-26,85.4692,ok
2011-07-27,85.7126,ok
2011-07-28,85.8245,ok
2011-07-29,85.7282,ok
2011-08-01,86.0391,ok
2011-08-02,86.0533,ok
2011-08-03,86.0706,ok
2011-08-04,86.9299,ok
2011-08-05,87.1084,ok
2011-08-08,87.1873,ok
2011-08-09,87.3919,ok
2011-08-10,87.3792,ok
2011-08-11,87.3215,ok
2011-08-12,87.177,ok
2011-08-15,86.7515,ok
2011-08-16,86.7115,ok
2011-08-17,86.5518,ok
2011-08-18,87.1271,ok
2011-08-19,86.8286,ok
2011-08-22,87.0753,ok
2011-08-23,86.9001,ok
2011-08-24,87.1316,ok
2011-08-25,87.2306,ok
2011-08-26,87.0751,ok
2011-08-29,86.8433,ok
2011-08-30,87.001,ok
2011-08-31,86.7739,ok
2011-09-01,86.8512,ok
2011-09-02,87.1797,ok
2011-09-06,88.1645,ok
2011-09-07,87.9699,ok
2011-09-08,88.1162,ok
2011-09-09,88.9514,ok
2011-09-12,89.2192,ok
2011-09-13,89.2653,ok
2011-09-14,89.419,ok
2011-09-15,89.0647,ok
2011-09-16,89.1108,ok
2011-09-19,89.9336,ok
2011-09-20,89.8777,ok
2011-09-21,90.3453,ok
2011-09-22,92.075,ok
2011-09-23,91.6904,ok
2011-09-26,91.7724,ok
2011-09-27,90.8985,ok
2011-09-28,91.0227,ok
2011-09-29,91.3033,ok
2011-09-30,91.9998,ok
2011-10-03,92.5128,ok
2011-10-04,92.9508,ok
2011-10-05,92.3008,ok
2011-10-06,91.9661,ok
2011-10-07,91.2469,ok
2011-10-11,90.9162,ok
2011-10-12,90.3378,ok
2011-10-13,90.6603,ok
2011-10-14,90.2116,ok
2011-10-17,90.266,ok
2011-10-18,90.5907,ok
2011-10-19,90.3317,ok
2011-10-20,91.1026,ok
2011-10-21,90.279,ok
2011-10-24,89.8558,ok
2011-10-25,89.9525,ok
2011-10-26,90.0836,ok
2011-10-27,88.7882,ok
2011-10-28,88.6382,ok
2011-10-31,89.2053,ok
2011-11-01,90.7296,ok
2011-11-02,90.244,ok
2011-11-03,90.2961,ok
2011-11-04,90.3154,ok
2011-11-07,90.3832,ok
2011-11-08,90.172,ok
2011-11-09,90.6991,ok
2011-11-10,90.8588,ok
2011-11-14,90.7215,ok
2011-11-15,91.1081,ok
2011-11-16,91.1237,ok
2011-11-17,91.1822,ok
2011-11-18,91.3676,ok
2011-11-21,91.9978,ok
2011-11-22,92.0193,ok
2011-11-23,92.7463,ok
2011-11-25,93.1455,ok
2011-11-28,92.4983,ok
2011-11-29,92.2163,ok
2011-11-30,91.4728,ok
2011-12-01,91.227,ok
2011-12-02,91.3532,ok
2011-12-05,91.1087,ok
2011-12-06,91.2817,ok
2011-12-07,91.2331,ok
2011-12-08,91.668,ok
2011-12-09,91.6122,ok
2011-12-12,92.3375,ok
2011-12-13,92.5456,ok
2011-12-14,93.2176,ok
2011-12-15,92.8858,ok
2011-12-16,92.8252,ok
2011-12-19,92.8685,ok
2011-12-20,92.432,ok
2011-12-21,92.5262,ok
2011-12-22,92.3883,ok
2011-12-23,92.3897,ok
2011-12-27,92.4137,ok
2011-12-28,92.8374,ok
2011-12-29,92.7398,ok
2011-12-30,92.4262,ok
2012-01-03,91.7551,ok
2012-01-04,92.0345,ok
2012-01-05,92.5773,ok
2012-01-06,92.7183,ok
2012-01-09,92.7418,ok
2012-01-10,92.2461,ok
2012-01-11,92.554,ok
2012-01-12,92.2274,ok
2012-01-13,92.5385,ok
2012-01-17,92.0142,ok
2012-01-18,91.6943,ok
2012-01-19,91.3316,ok
2012-01-20,91.3661,ok
2012-01-23,90.986,ok
2012-01-24,91.181,ok
2012-01-25,91.277,ok
2012-01-26,90.3962,ok
2012-01-27,90.2559,ok
2012-01-30,90.4762,ok
2012-01-31,90.5538,ok
2012-02-01,90.0963,ok
2012-02-02,89.8765,ok
2012-02-03,89.8491,ok
2012-02-06,89.7907,ok
2012-02-07,89.5968,ok
2012-02-08,89.6555,ok
2012-02-09,89.6246,ok
2012-02-10,90.1024,ok
2012-02-13,89.8895,ok
2012-02-14,90.1919,ok
2012-02-15,90.1932,ok
2012-02-16,90.3109,ok
2012-02-17,90.23,ok
2012-02-21,90.0117,ok
2012-02-22,90.2472,ok
2012-02-23,90.1108,ok
2012-02-24,89.9104,ok
2012-02-27,89.9635,ok
2012-02-28,89.8103,ok
2012-02-29,89.7487,ok
2012-03-01,89.7817,ok
2012-03-02,90.135,ok
2012-03-05,90.2748,ok
2012-03-06,90.8237,ok
2012-03-07,90.6837,ok
2012-03-08,90.2598,ok
2012-03-09,90.4341,ok
2012-03-12,90.6643,ok
2012-03-13,90.5363,ok
2012-03-14,90.9325,ok
2012-03-15,90.7866,ok
2012-03-16,90.5245,ok
2012-03-19,90.292,ok
2012-03-20,90.6065,ok
2012-03-21,90.6761,ok
2012-03-22,90.8225,ok
2012-03-23,90.6156,ok
2012-03-26,90.3266,ok
2012-03-27,90.2796,ok
2012-03-28,90.603,ok
2012-03-29,90.7285,ok
2012-03-30,90.4593,ok
2012-04-02,90.247,ok
2012-04-03,90.1921,ok
2012-04-04,90.8284,ok
2012-04-05,90.8781,ok
2012-04-06,90.9375,ok
2012-04-09,90.9624,ok
2012-04-10,91.2728,ok
2012-04-11,91.1768,ok
2012-04-12,90.7694,ok
2012-04-13,91.0558,ok
2012-04-16,91.2355,ok
2012-04-17,90.7661,ok
2012-04-18,90.9326,ok
2012-04-19,91.0833,ok
2012-04-20,90.8066,ok
2012-04-23,91.079,ok
2012-04-24,90.8153,ok
2012-04-25,90.756,ok
2012-04-26,90.6428,ok
2012-04-27,90.3269,ok
2012-04-30,90.3634,ok
2012-05-01,90.3227,ok
2012-05-02,90.6144,ok
2012-05-03,90.6839,ok
2012-05-04,91.0497,ok
2012-05-07,91.0747,ok
2012-05-08,91.4107,ok
2012-05-09,91.7632,ok
2012-05-10,91.7077,ok
2012-05-11,91.7306,ok
2012-05-14,92.2491,ok
2012-05-15,92.5235,ok
2012-05-16,92.903,ok
2012-05-17,92.9632,ok
2012-05-18,93.1395,ok
2012-05-21,93.0945,ok
2012-05-22,93.1113,ok
2012-05-23,93.8855,ok
2012-05-24,93.8027,ok
2012-05-25,93.9488,ok
2012-05-29,93.875,ok
2012-05-30,94.302,ok
2012-05-31,94.6856,ok
2012-06-01,94.6979,ok
2012-06-04,94.5184,ok
2012-06-05,94.6184,ok
2012-06-06,94.0362,ok
2012-06-07,93.774,ok
2012-06-08,94.2024,ok
2012-06-11,94.0369,ok
2012-06-12,94.0693,ok
2012-06-13,93.8309,ok
2012-06-14,93.8152,ok
2012-06-15,93.5203,ok
2012-06-18,93.6431,ok
2012-06-19,93.0524,ok
2012-06-20,93.1602,ok
2012-06-21,93.6378,ok
2012-06-22,93.9205,ok
2012-06-25,94.1757,ok
2012-06-26,93.9859,ok
2012-06-27,93.8728,ok
2012-06-28,94.0203,ok
2012-06-29,92.9096,ok
2012-07-02,92.951,ok
2012-07-03,92.6508,ok
2012-07-05,93.2211,ok
2012-07-06,93.7087,ok
2012-07-09,93.6974,ok
2012-07-10,93.5552,ok
2012-07-11,93.5981,ok
2012-07-12,93.9298,ok
2012-07-13,93.5515,ok
2012-07-16,93.3746,ok
2012-07-17,93.3479,ok
2012-07-18,93.0973,ok
2012-07-19,93.0438,ok
2012-07-20,93.3653,ok
2012-07-23,93.9297,ok
2012-07-24,94.2635,ok
2012-07-25,94.0564,ok
2012-07-26,93.3595,ok
2012-07-27,92.9333,ok
2012-07-30,93.0524,ok
2012-07-31,92.8422,ok
2012-08-01,92.8905,ok
2012-08-02,93.4269,ok
2012-08-03,92.6048,ok
2012-08-06,92.4339,ok
2012-08-07,92.5128,ok
2012-08-08,92.5407,ok
2012-08-09,92.6057,ok
2012-08-10,92.5129,ok
2012-08-13,92.5955,ok
2012-08-14,92.6152,ok
2012-08-15,92.6838,ok
2012-08-16,92.5737,ok
2012-08-17,92.711,ok
2012-08-20,92.6263,ok
2012-08-21,92.3053,ok
2012-08-22,92.4362,ok
2012-08-23,92.1057,ok
2012-08-24,92.2785,ok
2012-08-27,92.3135,ok
2012-08-28,92.2033,ok
2012-08-29,92.3823,ok
2012-08-30,92.6239,ok
2012-08-31,92.1677,ok
2012-09-04,92.1582,ok
2012-09-05,92.1262,ok
2012-09-06,91.8973,ok
2012-09-07,91.3469,ok
2012-09-10,91.3102,ok
2012-09-11,91.0575,ok
2012-09-12,91.0477,ok
2012-09-13,90.9632,ok
2012-09-14,90.1436,ok
2012-09-17,90.2837,ok
2012-09-18,90.5029,ok
2012-09-19,90.4646,ok
2012-09-20,90.7631,ok
2012-09-21,90.5342,ok
2012-09-24,90.8263,ok
2012-09-25,90.6074,ok
2012-09-26,91.0028,ok
2012-09-27,90.7538,ok
2012-09-28,90.8342,ok
2012-10-01,90.7011,ok
2012-10-02,90.644,ok
2012-10-03,90.8726,ok
2012-10-04,90.4932,ok
2012-10-05,90.2851,ok
2012-10-09,90.8703,ok
2012-10-10,90.883,ok
2012-10-11,90.7437,ok
2012-10-12,90.6833,ok
2012-10-15,90.6409,ok
2012-10-16,90.5583,ok
2012-10-17,90.2309,ok
2012-10-18,90.3804,ok
2012-10-19,90.8107,ok
2012-10-22,90.7911,ok
2012-10-23,91.0945,ok
2012-10-24,91.1275,ok
2012-10-25,91.02,ok
2012-10-26,91.1411,ok
2012-10-31,91.1609,ok
2012-11-01,91.1217,ok
2012-11-02,91.281,ok
2012-11-05,91.4778,ok
2012-11-06,91.2908,ok
2012-11-07,91.4514,ok
2012-11-08,91.5375,ok
2012-11-09,91.6871,ok
2012-11-13,91.7356,ok
2012-11-14,91.7942,ok
2012-11-15,91.8837,ok
2012-11-16,92.0095,ok
2012-11-19,91.5653,ok
2012-11-20,91.556,ok
2012-11-21,91.6645,ok
2012-11-23,91.2616,ok
2012-11-26,91.2789,ok
2012-11-27,91.2608,ok
2012-11-28,91.33,ok
2012-11-29,91.2104,ok
2012-11-30,91.1038,ok
2012-12-03,91.0084,ok
2012-12-04,90.9748,ok
2012-12-05,90.9423,ok
2012-12-06,91.0629,ok
2012-12-07,91.0437,ok
2012-12-10,90.9631,ok
2012-12-11,90.8403,ok
2012-12-12,90.7708,ok
2012-12-13,90.776,ok
2012-12-14,90.7156,ok
2012-12-17,90.6193,ok
2012-12-18,90.5161,ok
2012-12-19,90.4896,ok
2012-12-20,90.6002,ok
2012-12-21,90.9597,ok
2012-12-24,91.0354,ok
2012-12-26,91.0606,ok
2012-12-27,91.1037,ok
2012-12-28,91.0419,ok
2012-12-31,91.0834,ok
2013-01-02,90.6941,ok
2013-01-03,90.8097,ok
2013-01-04,91.1025,ok
2013-01-07,90.9852,ok
2013-01-08,91.057,ok
2013-01-09,91.0088,ok
2013-01-10,90.6425,ok
2013-01-11,90.5352,ok
2013-01-14,90.4935,ok
2013-01-15,90.5191,ok
2013-01-16,90.596,ok
2013-01-17,90.5401,ok
2013-01-18,90.8697,ok
2013-01-22,90.7892,ok
2013-01-23,90.8376,ok
2013-01-24,90.9112,ok
2013-01-25,91.0868,ok
2013-01-28,91.2354,ok
2013-01-29,90.9406,ok
2013-01-30,90.8836,ok
2013-01-31,90.798,ok
2013-02-01,90.6923,ok
2013-02-04,90.9774,ok
2013-02-05,90.881,ok
2013-02-06,91.0176,ok
2013-02-07,91.2912,ok
2013-02-08,91.3056,ok
2013-02-11,91.4451,ok
2013-02-12,91.2779,ok
2013-02-13,91.2709,ok
2013-02-14,91.366,ok
2013-02-15,91.4551,ok
2013-02-19,91.5073,ok
2013-02-20,91.6689,ok
2013-02-21,92.0394,ok
2013-02-22,92.1197,ok
2013-02-25,92.1975,ok
2013-02-26,92.4247,ok
2013-02-27,92.234,ok
2013-02-28,92.295,ok
2013-03-01,92.6177,ok
2013-03-04,92.6316,ok
2013-03-05,92.4965,ok
2013-03-07,92.5462,ok
2013-03-08,92.6252,ok
2013-03-11,92.5351,ok
2013-03-12,92.3853,ok
2013-03-13,92.4709,ok
2013-03-14,92.4695,ok
2013-03-15,92.128,ok
2013-03-18,92.3377,ok
2013-03-19,92.526,ok
2013-03-20,92.4141,ok
2013-03-21,92.3322,ok
2013-03-22,92.2051,ok
2013-03-25,92.3081,ok
2013-03-26,92.232,ok
2013-03-27,92.446,ok
2013-03-28,92.2544,ok
2013-03-29,92.302,ok
2013-04-01,92.1687,ok
2013-04-02,92.1432,ok
2013-04-03,92.104,ok
2013-04-04,92.3896,ok
2013-04-05,92.1043,ok
2013-04-08,92.2317,ok
2013-04-09,91.9669,ok
2013-04-10,91.9598,ok
2013-04-11,91.6972,ok
2013-04-12,91.7967,ok
2013-04-15,91.9457,ok
2013-04-16,91.8451,ok
2013-04-17,92.1372,ok
2013-04-18,92.176,ok
2013-04-19,92.2166,ok
2013-04-22,92.3591,ok
2013-04-23,92.3836,ok
2013-04-24,92.4581,ok
2013-04-25,92.0394,ok
2013-04-26,91.9012,ok
2013-04-29,91.6539,ok
2013-04-30,91.3741,ok
2013-05-01,91.4331,ok
2013-05-02,91.6174,ok
2013-05-03,91.5087,ok
2013-05-06,91.6387,ok
2013-05-07,91.5201,ok
2013-05-08,91.1848,ok
2013-05-09,91.3036,ok
2013-05-10,92.2527,ok
2013-05-13,92.2711,ok
2013-05-14,92.3697,ok
2013-05-15,92.7691,ok
2013-05-16,92.6602,ok
2013-05-17,93.1617,ok
2013-05-20,93.0359,ok
2013-05-21,92.9662,ok
2013-05-22,93.3104,ok
2013-05-23,93.2113,ok
2013-05-24,93.2768,ok
2013-05-28,93.5853,ok
2013-05-29,93.531,ok
2013-05-30,93.4219,ok
2013-05-31,93.6076,ok
2013-06-03,93.163,ok
2013-06-04,93.3067,ok
2013-06-05,93.275,ok
2013-06-06,92.809,ok
2013-06-07,92.6056,ok
2013-06-10,92.973,ok
2013-06-11,92.7996,ok
2013-06-12,92.4775,ok
2013-06-13,92.3449,ok
2013-06-14,92.1886,ok
2013-06-17,92.3332,ok
2013-06-18,92.5432,ok
2013-06-19,92.4755,ok
2013-06-20,94.125,ok
2013-06-21,94.4243,ok
2013-06-24,94.5714,ok
2013-06-25,94.3285,ok
2013-06-26,94.3807,ok
2013-06-27,94.2429,ok
2013-06-28,94.3047,ok
2013-07-01,94.0998,ok
2013-07-02,94.4051,ok
2013-07-03,94.4767,ok
2013-07-05,95.0639,ok
2013-07-08,94.9954,ok
2013-07-09,94.9467,ok
2013-07-10,94.7595,ok
2013-07-11,93.949,ok
2013-07-12,94.0029,ok
2013-07-15,93.9729,ok
2013-07-16,93.5232,ok
2013-07-17,93.5498,ok
2013-07-18,93.681,ok
2013-07-19,93.4759,ok
2013-07-22,93.2253,ok
2013-07-23,93.1631,ok
2013-07-24,93.3124,ok
2013-07-25,93.2862,ok
2013-07-26,93.1695,ok
2013-07-29,93.1663,ok
2013-07-30,93.3976,ok
2013-07-31,93.5703,ok
2013-08-01,93.7972,ok
2013-08-02,93.5789,ok
2013-08-05,93.507,ok
2013-08-06,93.3199,ok
2013-08-07,93.2652,ok
2013-08-08,92.8483,ok
2013-08-09,92.8394,ok
2013-08-12,92.9178,ok
2013-08-13,93.476,ok
2013-08-14,93.382,ok
2013-08-15,93.5059,ok
2013-08-16,93.4255,ok
2013-08-19,93.6623,ok
2013-08-20,93.5536,ok
2013-08-21,94.0362,ok
2013-08-22,94.2804,ok
2013-08-23,93.9466,ok
2013-08-26,94.1853,ok
2013-08-27,94.3934,ok
2013-08-28,94.4127,ok
2013-08-29,94.6398,ok
2013-08-30,94.7541,ok
2013-09-03,94.9574,ok
2013-09-04,94.5739,ok
2013-09-05,94.8891,ok
2013-09-06,94.2487,ok
2013-09-09,94.0009,ok
2013-09-10,93.938,ok
2013-09-11,93.7112,ok
2013-09-12,93.5903,ok
2013-09-13,93.6666,ok
2013-09-16,93.2875,ok
2013-09-17,93.2231,ok
2013-09-18,93.2569,ok
2013-09-19,92.4082,ok
2013-09-20,92.6049,ok
2013-09-23,92.613,ok
2013-09-24,92.7691,ok
2013-09-25,92.7675,ok
2013-09-26,93.0096,ok
2013-09-27,92.9747,ok
2013-09-30,92.9207,ok
2013-10-01,92.9515,ok
2013-10-02,92.772,ok
2013-10-03,92.7461,ok
2013-10-04,92.6469,ok
2013-10-07,92.6725,ok
2013-10-08,92.7558,ok
2013-10-09,93.0829,ok
2013-10-10,92.8579,ok
2013-10-11,92.854,ok
2013-10-15,92.7642,ok
2013-10-16,92.6819,ok
2013-10-17,92.0246,ok
2013-10-18,91.9989,ok
2013-10-21,92.2498,ok
2013-10-22,91.9563,ok
2013-10-23,92.0947,ok
2013-10-24,92.1867,ok
2013-10-25,92.1623,ok
2013-10-28,92.1872,ok
2013-10-29,92.301,ok
2013-10-30,92.3057,ok
2013-10-31,92.731,ok
2013-11-01,93.155,ok
2013-11-04,92.9359,ok
2013-11-05,93.2112,ok
2013-11-06,93.0943,ok
2013-11-07,93.4003,ok
2013-11-08,93.6619,ok
2013-11-12,93.7651,ok
2013-11-13,93.4848,ok
2013-11-14,93.4328,ok
2013-11-15,93.2854,ok
2013-11-18,92.9824,ok
2013-11-19,93.0649,ok
2013-11-20,93.2501,ok
2013-11-21,93.5638,ok
2013-11-22,93.4198,ok
2013-11-25,93.5539,ok
2013-11-26,93.5226,ok
2013-11-27,93.6864,ok
2013-11-29,93.6291,ok
2013-12-02,93.8856,ok
2013-12-03,93.8251,ok
2013-12-04,93.8997,ok
2013-12-05,93.4954,ok
2013-12-06,93.4045,ok
2013-12-09,93.1444,ok
2013-12-11,93.0842,ok
2013-12-12,93.4292,ok
2013-12-13,93.3568,ok
2013-12-16,93.2175,ok
2013-12-17,93.302,ok
2013-12-18,93.4207,ok
2013-12-19,93.7368,ok
2013-12-20,93.7211,ok
2013-12-23,93.572,ok
2013-12-24,93.6734,ok
2013-12-26,93.766,ok
2013-12-27,93.7018,ok
2013-12-30,93.4866,ok
2013-12-31,93.5576,ok
2014-01-02,93.8192,ok
2014-01-03,93.853,ok
2014-01-06,93.9109,ok
2014-01-07,94.0398,ok
2014-01-08,94.2181,ok
2014-01-09,94.3299,ok
2014-01-10,94.0045,ok
2014-01-13,93.899,ok
2014-01-14,94.0303,ok
2014-01-15,94.341,ok
2014-01-16,94.5507,ok
2014-01-17,94.5846,ok
2014-01-21,94.679,ok
2014-01-22,94.8479,ok
2014-01-23,94.8415,ok
2014-01-24,94.8555,ok
2014-01-27,94.9059,ok
2014-01-28,94.88,ok
2014-01-29,94.8621,ok
2014-01-30,95.1294,ok
2014-01-31,95.1774,ok
2014-02-03,95.2469,ok
2014-02-04,95.0438,ok
2014-02-05,95.0285,ok
2014-02-06,94.7177,ok
2014-02-07,94.7457,ok
2014-02-10,94.7189,ok
2014-02-11,94.6377,ok
2014-02-12,94.6209,ok
2014-02-14,94.2711,ok
2014-02-18,94.1934,ok
2014-02-19,94.38,ok
2014-02-20,94.6571,ok
2014-02-24,94.4042,ok
2014-02-25,94.4735,ok
2014-02-26,94.7754,ok
2014-02-27,94.6722,ok
2014-02-28,94.3879,ok
2014-03-04,94.6568,ok
2014-03-05,94.4679,ok
2014-03-06,93.9858,ok
2014-03-07,94.2532,ok
2014-03-10,94.3731,ok
2014-03-11,94.387,ok
2014-03-12,94.462,ok
2014-03-13,94.1872,ok
2014-03-14,94.243,ok
2014-03-18,94.2631,ok
2014-03-19,94.3752,ok
2014-03-20,94.9986,ok
2014-03-21,94.8547,ok
2014-03-24,94.759,ok
2014-03-25,94.6379,ok
2014-03-26,94.5281,ok
2014-03-27,94.3315,ok
2014-03-28,94.3683,ok
2014-03-31,94.2432,ok
2014-04-01,94.1244,ok
2014-04-02,94.3103,ok
2014-04-03,94.512,ok
2014-04-04,94.2191,ok
2014-04-07,94.0881,ok
2014-04-08,93.6579,ok
2014-04-09,93.6716,ok
2014-04-10,93.5123,ok
2014-04-11,93.6395,ok
2014-04-14,93.8046,ok
2014-04-15,93.9486,ok
2014-04-16,93.9461,ok
2014-04-17,93.8936,ok
2014-04-18,93.9629,ok
2014-04-21,94.0337,ok
2014-04-22,94.0802,ok
2014-04-23,94.149,ok
2014-04-24,94.1294,ok
2014-04-25,94.1623,ok
2014-04-28,94.1374,ok
2014-04-29,94.0295,ok
2014-04-30,93.8896,ok
2014-05-01,93.8707,ok
2014-05-02,93.8182,ok
2014-05-05,93.7334,ok
2014-05-06,93.4324,ok
2014-05-07,93.4337,ok
2014-05-08,93.3686,ok
2014-05-09,93.6614,ok
2014-05-12,93.6537,ok
2014-05-13,93.6755,ok
2014-05-14,93.5968,ok
2014-05-15,93.7065,ok
2014-05-16,93.6073,ok
2014-05-19,93.502,ok
2014-05-20,93.6699,ok
2014-05-21,93.7629,ok
2014-05-22,93.6944,ok
2014-05-23,93.7042,ok
2014-05-27,93.8418,ok
2014-05-28,93.8793,ok
2014-05-29,93.6973,ok
2014-05-30,93.7606,ok
2014-06-02,94.0006,ok
2014-06-03,94.0536,ok
2014-06-04,94.1239,ok
2014-06-05,93.9732,ok
2014-06-06,93.9069,ok
2014-06-09,93.9628,ok
2014-06-10,94.0638,ok
2014-06-11,93.9744,ok
2014-06-12,93.8155,ok
2014-06-13,93.9168,ok
2014-06-16,93.8639,ok
2014-06-17,94.0829,ok
2014-06-18,94.0525,ok
2014-06-19,93.752,ok
2014-06-20,93.7591,ok
2014-06-23,93.628,ok
2014-06-24,93.7093,ok
2014-06-25,93.5851,ok
2014-06-26,93.5471,ok
2014-06-27,93.3983,ok
2014-06-30,93.2058,ok
2014-07-01,93.1365,ok
2014-07-02,93.2478,ok
2014-07-03,93.3149,ok
2014-07-07,93.3803,ok
2014-07-08,93.323,ok
2014-07-09,93.228,ok
2014-07-10,93.3152,ok
2014-07-11,93.4171,ok
2014-07-14,93.4101,ok
2014-07-15,93.5796,ok
2014-07-16,93.5991,ok
2014-07-17,93.6586,ok
2014-07-18,93.6608,ok
2014-07-21,93.6069,ok
2014-07-22,93.6306,ok
2014-07-23,93.5951,ok
2014-07-24,93.6836,ok
2014-07-25,93.8294,ok
2014-07-28,93.83,ok
2014-07-29,94.0443,ok
2014-07-30,94.3473,ok
2014-07-31,94.4467,ok
2014-08-01,94.4754,ok
2014-08-04,94.448,ok
2014-08-05,94.6754,ok
2014-08-06,94.6092,ok
2014-08-07,94.6364,ok
2014-08-08,94.6027,ok
2014-08-11,94.4767,ok
2014-08-12,94.5211,ok
2014-08-13,94.4681,ok
2014-08-14,94.3508,ok
2014-08-15,94.2941,ok
2014-08-18,94.2519,ok
2014-08-19,94.4356,ok
2014-08-20,94.5937,ok
2014-08-21,94.673,ok
2014-08-22,94.8012,ok
2014-08-25,94.9159,ok
2014-08-26,94.8617,ok
2014-08-27,94.6863,ok
2014-08-28,94.6947,ok
2014-08-29,94.7251,ok
2014-09-02,95.063,ok
2014-09-03,94.8709,ok
2014-09-04,95.2641,ok
2014-09-05,95.2203,ok
2014-09-08,95.4167,ok
2014-09-09,95.8811,ok
2014-09-10,95.8641,ok
2014-09-11,95.9184,ok
2014-09-12,96.0748,ok
2014-09-15,96.1195,ok
2014-09-16,95.8483,ok
2014-09-17,95.9106,ok
2014-09-18,96.1284,ok
2014-09-19,96.3417,ok
2014-09-22,96.4625,ok
2014-09-23,96.5112,ok
2014-09-24,96.6574,ok
2014-09-25,96.8988,ok
2014-09-26,97.208,ok
2014-09-29,97.3523,ok
2014-09-30,97.5261,ok
2014-10-01,97.5387,ok
2014-10-02,97.3062,ok
2014-10-03,97.9846,ok
2014-10-06,97.5513,ok
2014-10-07,97.4459,ok
2014-10-08,97.4945,ok
2014-10-09,97.1711,ok
2014-10-10,97.4144,ok
2014-10-14,97.3943,ok
2014-10-15,97.3532,ok
2014-10-16,97.2869,ok
2014-10-17,97.3067,ok
2014-10-20,97.2874,ok
2014-10-21,97.2488,ok
2014-10-22,97.459,ok
2014-10-23,97.6047,ok
2014-10-24,97.4772,ok
2014-10-27,97.5423,ok
2014-10-28,97.2173,ok
2014-10-29,97.0145,ok
2014-10-30,97.456,ok
2014-10-31,98.1163,ok
2014-11-03,98.5336,ok
2014-11-04,98.5576,ok
2014-11-05,98.8086,ok
2014-11-06,99.1325,ok
2014-11-07,99.0236,ok
2014-11-10,98.9305,ok
2014-11-12,98.8897,ok
2014-11-13,99.1045,ok
2014-11-14,99.0917,ok
2014-11-17,99.2188,ok
2014-11-18,99.0185,ok
2014-11-19,99.2424,ok
2014-11-20,99.2554,ok
2014-11-21,99.2894,ok
2014-11-24,99.4227,ok
2014-11-25,99.2837,ok
2014-11-26,99.1893,ok
2014-11-28,100.072,ok
2014-12-01,99.8964,ok
2014-12-02,100.448,ok
2014-12-03,100.57,ok
2014-12-04,100.393,ok
2014-12-05,101.099,ok
2014-12-08,101.31,ok
2014-12-09,100.809,ok
2014-12-10,101.021,ok
2014-12-11,101.445,ok
2014-12-12,101.374,ok
2014-12-15,101.674,ok
2014-12-16,101.526,ok
2014-12-17,101.553,ok
2014-12-18,101.753,ok
2014-12-19,102.048,ok
2014-12-22,101.994,ok
2014-12-23,102.348,ok
2014-12-24,102.303,ok
2014-12-29,102.377,ok
2014-12-30,102.102,ok
2014-12-31,102.284,ok
2015-01-02,102.903,ok
2015-01-05,103.498,ok
2015-01-06,103.294,ok
2015-01-07,103.632,ok
2015-01-08,103.28,ok
2015-01-09,103.121,ok
2015-01-12,103.237,ok
2015-01-13,103.27,ok
2015-01-14,103.09,ok
2015-01-15,103.083,ok
2015-01-16,103.219,ok
2015-01-20,103.523,ok
2015-01-21,103.786,ok
2015-01-22,103.927,ok
2015-01-23,104.368,ok
2015-01-26,104.482,ok
2015-01-27,104.165,ok
2015-01-28,104.474,ok
2015-01-29,105.276,ok
2015-01-30,105.588,ok
2015-02-02,105.206,ok
2015-02-03,104.606,ok
2015-02-04,104.785,ok
2015-02-05,104.492,ok
2015-02-06,105.128,ok
2015-02-09,104.989,ok
2015-02-10,105.29,ok
2015-02-11,105.79,ok
2015-02-12,104.939,ok
2015-02-13,104.845,ok
2015-02-18,105.251,ok
2015-02-19,105.141,ok
2015-02-20,105.339,ok
2015-02-23,105.536,ok
2015-02-24,105.547,ok
2015-02-25,105.05,ok
2015-02-26,105.502,ok
2015-02-27,105.598,ok
2015-03-02,105.815,ok
2015-03-03,105.556,ok
2015-03-04,106.133,ok
2015-03-06,107.434,ok
2015-03-09,107.52,ok
2015-03-10,108.117,ok
2015-03-11,108.523,ok
2015-03-12,108.174,ok
2015-03-13,108.917,ok
2015-03-16,108.642,ok
2015-03-17,108.581,ok
2015-03-18,108.408,ok
2015-03-19,108.183,ok
2015-03-20,107.167,ok
2015-03-23,106.502,ok
2015-03-24,106.44,ok
2015-03-25,106.264,ok
2015-03-26,106.558,ok
2015-03-27,106.892,ok
2015-03-30,107.394,ok
2015-03-31,107.44,ok
2015-04-01,107.06,ok
2015-04-02,106.674,ok
2015-04-03,105.886,ok
2015-04-06,105.788,ok
2015-04-07,106.449,ok
2015-04-08,106.423,ok
2015-04-09,107.034,ok
2015-04-10,107.453,ok
2015-04-13,107.751,ok
2015-04-14,107.055,ok
2015-04-15,107.186,ok
2015-04-16,106.276,ok
2015-04-17,106.329,ok
2015-04-20,106.49,ok
2015-04-21,106.558,ok
2015-04-22,106.582,ok
2015-04-23,106.166,ok
2015-04-24,105.905,ok
2015-04-27,105.689,ok
2015-04-28,105.123,ok
2015-04-29,104.563,ok
2015-04-30,105.312,ok
2015-05-01,105.638,ok
2015-05-04,105.668,ok
2015-05-05,105.24,ok
2015-05-06,104.694,ok
2015-05-07,105.194,ok
2015-05-08,104.842,ok
2015-05-11,105.308,ok
2015-05-12,104.892,ok
2015-05-13,104.361,ok
2015-05-14,104.236,ok
2015-05-15,104.02,ok
2015-05-18,104.607,ok
2015-05-19,105.345,ok
2015-05-20,105.561,ok
2015-05-21,105.381,ok
2015-05-22,105.849,ok
2015-05-26,106.729,ok
2015-05-27,106.908,ok
2015-05-28,106.92,ok
2015-05-29,106.739,ok
2015-06-01,107.224,ok
2015-06-02,106.451,ok
2015-06-03,106.144,ok
2015-06-04,106.472,ok
2015-06-05,107.134,ok
2015-06-08,106.769,ok
2015-06-09,106.224,ok
2015-06-10,105.804,ok
2015-06-11,106.093,ok
2015-06-12,105.901,ok
2015-06-15,105.999,ok
2015-06-16,106.047,ok
2015-06-17,106.058,ok
2015-06-18,105.102,ok
2015-06-19,105.45,ok
2015-06-22,105.385,ok
2015-06-23,105.968,ok
2015-06-24,106.252,ok
2015-06-25,106.151,ok
2015-06-26,106.412,ok
2015-06-29,106.379,ok
2015-06-30,106.519,ok
2015-07-01,107.01,ok
2015-07-02,106.911,ok
2015-07-06,107.134,ok
2015-07-07,107.785,ok
2015-07-08,107.473,ok
2015-07-09,107.559,ok
2015-07-10,107.213,ok
2015-07-13,107.585,ok
2015-07-14,107.484,ok
2015-07-15,108.015,ok
2015-07-16,108.173,ok
2015-07-17,108.537,ok
2015-07-20,108.694,ok
2015-07-21,108.389,ok
2015-07-22,108.782,ok
2015-07-23,108.757,ok
2015-07-24,109.017,ok
2015-07-27,108.692,ok
2015-07-28,108.688,ok
2015-07-29,108.604,ok
2015-07-30,109.433,ok
2015-07-31,108.782,ok
2015-08-03,109.214,ok
2015-08-04,109.224,ok
2015-08-05,109.842,ok
2015-08-06,109.722,ok
2015-08-07,109.438,ok
2015-08-10,109.193,ok
2015-08-11,109.946,ok
2015-08-12,109.466,ok
2015-08-13,109.903,ok
2015-08-14,109.917,ok
2015-08-17,110.144,ok
2015-08-18,110.25,ok
2015-08-19,110.433,ok
2015-08-20,110.108,ok
2015-08-21,110.144,ok
2015-08-24,109.931,ok
2015-08-25,110.339,ok
2015-08-26,110.581,ok
2015-08-27,110.483,ok
2015-08-28,110.671,ok
2015-08-31,110.562,ok
2015-09-01,110.451,ok
2015-09-02,110.798,ok
2015-09-03,110.857,ok
2015-09-04,111.102,ok
2015-09-08,110.794,ok
2015-09-09,110.922,ok
2015-09-10,110.633,ok
2015-09-11,110.611,ok
2015-09-14,110.501,ok
2015-09-15,110.639,ok
2015-09-16,110.102,ok
2015-09-17,110.121,ok
2015-09-18,109.817,ok
2015-09-21,110.641,ok
2015-09-22,111.197,ok
2015-09-23,111.629,ok
2015-09-24,111.445,ok
2015-09-25,111.373,ok
2015-09-28,111.391,ok
2015-09-29,111.522,ok
2015-09-30,111.331,ok
2015-10-01,111.044,ok
2015-10-02,110.701,ok
2015-10-05,110.445,ok
2015-10-06,110.137,ok
2015-10-07,109.816,ok
2015-10-08,109.645,ok
2015-10-09,109.078,ok
2015-10-13,109.412,ok
2015-10-14,109.124,ok
2015-10-15,108.667,ok
2015-10-16,108.996,ok
2015-10-19,109.386,ok
2015-10-20,109.337,ok
2015-10-21,109.775,ok
2015-10-22,110.034,ok
2015-10-23,110.433,ok
2015-10-26,110.209,ok
2015-10-27,110.487,ok
2015-10-28,110.233,ok
2015-10-29,110.808,ok
2015-10-30,110.208,ok
2015-11-02,110.219,ok
2015-11-03,110.244,ok
2015-11-04,110.714,ok
2015-11-05,110.83,ok
2015-11-06,111.76,ok
2015-11-09,111.911,ok
2015-11-10,111.992,ok
2015-11-12,111.796,ok
2015-11-13,112.026,ok
2015-11-16,112.22,ok
2015-11-17,112.314,ok
2015-11-18,112.366,ok
2015-11-19,111.575,ok
2015-11-20,111.78,ok
2015-11-23,112.112,ok
2015-11-24,111.764,ok
2015-11-25,111.894,ok
2015-11-27,112.282,ok
2015-11-30,112.34,ok
2015-12-01,112.113,ok
2015-12-02,112.371,ok
2015-12-03,111.641,ok
2015-12-04,111.546,ok
2015-12-07,112.306,ok
2015-12-08,112.549,ok
2015-12-09,112.192,ok
2015-12-10,112.267,ok
2015-12-11,112.715,ok
2015-12-14,112.752,ok
2015-12-15,112.861,ok
2015-12-16,112.986,ok
2015-12-17,113.818,ok
2015-12-18,113.284,ok
2015-12-21,113.414,ok
2015-12-22,113.211,ok
2015-12-23,113.185,ok
2015-12-24,113.05,ok
2015-12-28,113.046,ok
2015-12-29,113.166,ok
2015-12-30,113.471,ok
2015-12-31,113.343,ok
2016-01-04,114.159,ok
2016-01-05,114.265,ok
2016-01-06,114.618,ok
2016-01-07,114.652,ok
2016-01-08,115.01,ok
2016-01-11,115.014,ok
2016-01-12,115.313,ok
2016-01-13,115.142,ok
2016-01-14,115.385,ok
2016-01-15,115.74,ok
2016-01-19,115.816,ok
2016-01-20,116.35,ok
2016-01-21,115.983,ok
2016-01-27,115.509,ok
2016-01-28,115.222,ok
2016-01-29,115.573,ok
2016-02-01,115.333,ok
2016-02-02,115.553,ok
2016-02-03,114.614,ok
2016-02-04,113.601,ok
2016-02-05,114.293,ok
2016-02-08,114.435,ok
2016-02-09,114.127,ok
2016-02-10,114.288,ok
2016-02-11,114.184,ok
2016-02-12,114.299,ok
2016-02-16,114.49,ok
2016-02-17,113.863,ok
2016-02-18,113.89,ok
2016-02-19,113.956,ok
2016-02-22,113.823,ok
2016-02-23,114.177,ok
2016-02-24,114.172,ok
2016-02-25,113.922,ok
2016-02-26,114.371,ok
2016-02-29,114.242,ok
2016-03-01,113.927,ok
2016-03-02,113.796,ok
2016-03-03,113.248,ok
2016-03-04,112.639,ok
2016-03-07,112.622,ok
2016-03-08,112.847,ok
2016-03-09,112.427,ok
2016-03-10,112.419,ok
2016-03-11,111.741,ok
2016-03-14,112.169,ok
2016-03-15,112.555,ok
2016-03-16,112.776,ok
2016-03-17,110.445,ok
2016-03-18,110.4,ok
2016-03-21,110.737,ok
2016-03-22,110.788,ok
2016-03-23,111.547,ok
2016-03-24,111.816,ok
2016-03-25,111.77,ok
2016-03-28,111.358,ok
2016-03-29,111.374,ok
2016-03-30,110.23,ok
2016-03-31,109.919,ok
2016-04-01,110.298,ok
2016-04-04,110.399,ok
2016-04-05,110.948,ok
2016-04-06,110.535,ok
2016-04-07,110.888,ok
2016-04-08,110.421,ok
2016-04-11,109.976,ok
2016-04-12,109.816,ok
2016-04-13,110.144,ok
2016-04-14,110.169,ok
2016-04-15,110.193,ok
2016-04-18,109.989,ok
2016-04-19,109.278,ok
2016-04-20,109.393,ok
2016-04-21,109.853,ok
2016-04-22,110.233,ok
2016-04-25,110.186,ok
2016-04-26,109.75,ok
2016-04-27,109.848,ok
2016-04-28,109.215,ok
2016-04-29,108.827,ok
2016-05-02,108.671,ok
2016-05-03,109.361,ok
2016-05-04,109.995,ok
2016-05-05,110.242,ok
2016-05-06,110.38,ok
2016-05-09,110.947,ok
2016-05-10,110.823,ok
2016-05-11,110.281,ok
2016-05-12,110.694,ok
2016-05-13,111.252,ok
2016-05-16,111.122,ok
2016-05-17,111.087,ok
2016-05-18,111.499,ok
2016-05-19,112.233,ok
2016-05-20,112.182,ok
2016-05-23,112.284,ok
2016-05-24,112.291,ok
2016-05-25,112.2,ok
2016-05-26,111.898,ok
2016-05-27,112.082,ok
2016-05-31,112.428,ok
2016-06-01,112.462,ok
2016-06-02,112.456,ok
2016-06-03,111.445,ok
2016-06-06,111.23,ok
2016-06-07,110.838,ok
2016-06-08,110.192,ok
2016-06-09,110.617,ok
2016-06-10,111.103,ok
2016-06-13,111.504,ok
2016-06-14,111.983,ok
2016-06-15,111.767,ok
2016-06-16,112.235,ok
2016-06-17,111.533,ok
2016-06-20,110.869,ok
2016-06-21,111.008,ok
2016-06-22,110.768,ok
2016-06-23,110.262,ok
2016-06-24,112.135,ok
2016-06-27,113.13,ok
2016-06-28,112.754,ok
2016-06-29,111.86,ok
2016-06-30,112.162,ok
2016-07-01,111.651,ok
2016-07-05,112.423,ok
2016-07-06,112.544,ok
2016-07-07,112.578,ok
2016-07-08,112.396,ok
2016-07-11,112.525,ok
2016-07-12,112.11,ok
2016-07-13,112.027,ok
2016-07-14,111.769,ok
2016-07-15,112.283,ok
2016-07-18,112.246,ok
2016-07-19,112.638,ok
2016-07-20,112.674,ok
2016-07-21,112.624,ok
2016-07-22,112.989,ok
2016-07-25,113.178,ok
2016-07-26,113.059,ok
2016-07-27,113.217,ok
2016-07-28,112.739,ok
2016-07-29,111.874,ok
2016-08-01,111.976,ok
2016-08-02,111.712,ok
2016-08-03,111.942,ok
2016-08-04,111.915,ok
2016-08-05,112.359,ok
2016-08-08,112.146,ok
2016-08-09,111.722,ok
2016-08-10,111.324,ok
2016-08-11,111.195,ok
2016-08-12,111.179,ok
2016-08-15,110.921,ok
2016-08-16,110.43,ok
2016-08-17,110.946,ok
2016-08-18,110.313,ok
2016-08-19,110.816,ok
2016-08-22,111,ok
2016-08-23,110.941,ok
2016-08-24,111.296,ok
2016-08-25,111.173,ok
2016-08-26,111.204,ok
2016-08-29,111.877,ok
2016-08-30,112.293,ok
2016-08-31,112.404,ok
2016-09-01,112.173,ok
2016-09-02,112.001,ok
2016-09-06,110.961,ok
2016-09-07,110.972,ok
2016-09-08,111.261,ok
2016-09-09,111.988,ok
2016-09-12,112.152,ok
2016-09-13,112.521,ok
2016-09-14,112.468,ok
2016-09-15,112.475,ok
2016-09-16,113.177,ok
2016-09-19,112.903,ok
2016-09-20,113.185,ok
2016-09-21,112.984,ok
2016-09-22,112.259,ok
2016-09-23,112.717,ok
2016-09-26,112.711,ok
2016-09-27,112.552,ok
2016-09-28,112.628,ok
2016-09-29,112.288,ok
2016-09-30,112.279,ok
2016-10-03,112.508,ok
2016-10-04,112.658,ok
2016-10-05,112.795,ok
2016-10-06,113.007,ok
2016-10-07,113.291,ok
2016-10-11,113.446,ok
2016-10-12,113.744,ok
2016-10-13,113.624,ok
2016-10-14,113.712,ok
2016-10-17,113.549,ok
2016-10-18,113.139,ok
2016-10-19,113.055,ok
2016-10-20,113.403,ok
2016-10-21,113.901,ok
2016-10-24,113.857,ok
2016-10-25,113.68,ok
2016-10-26,113.813,ok
2016-10-27,114.2,ok
2016-10-28,114.093,ok
2016-10-31,114.019,ok
2016-11-01,113.992,ok
2016-11-02,113.921,ok
2016-11-03,113.766,ok
2016-11-04,113.583,ok
2016-11-07,113.544,ok
2016-11-08,113.302,ok
2016-11-09,114.696,ok
2016-11-10,115.938,ok
2016-11-14,117.225,ok
2016-11-15,116.772,ok
2016-11-16,116.806,ok
2016-11-17,116.895,ok
2016-11-18,117.594,ok
2016-11-21,117.476,ok
2016-11-22,117.451,ok
2016-11-23,118.036,ok
2016-11-25,118.02,ok
2016-11-28,117.728,ok
2016-11-29,117.644,ok
2016-11-30,117.764,ok
2016-12-01,117.664,ok
2016-12-02,117.312,ok
2016-12-05,117.101,ok
2016-12-06,116.922,ok
2016-12-07,116.672,ok
2016-12-08,117.033,ok
2016-12-09,117.283,ok
2016-12-12,116.916,ok
2016-12-13,116.803,ok
2016-12-14,116.733,ok
2016-12-15,118.807,ok
2016-12-16,118.358,ok
2016-12-19,118.388,ok
2016-12-20,118.63,ok
2016-12-21,118.581,ok
2016-12-22,118.821,ok
2016-12-23,118.786,ok
2016-12-27,118.951,ok
2016-12-28,119.231,ok
2016-12-29,118.664,ok
2016-12-30,118.347,ok
2017-01-03,119.09,ok
2017-01-04,118.88,ok
2017-01-05,118,ok
2017-01-06,118.35,ok
2017-01-09,118.411,ok
2017-01-10,118.539,ok
2017-01-11,119.022,ok
2017-01-12,117.8,ok
2017-01-13,117.988,ok
2017-01-17,117.266,ok
2017-01-18,117.724,ok
2017-01-19,118.318,ok
2017-01-23,117.248,ok
2017-01-24,117.052,ok
2017-01-25,116.936,ok
2017-01-26,117.277,ok
2017-01-27,117.073,ok
2017-01-30,116.733,ok
2017-01-31,116.224,ok
2017-02-01,116.391,ok
2017-02-02,115.903,ok
2017-02-03,115.626,ok
2017-02-06,116.05,ok
2017-02-07,116.408,ok
2017-02-08,116.138,ok
2017-02-09,116.306,ok
2017-02-10,116.148,ok
2017-02-13,116.343,ok
2017-02-14,116.395,ok
2017-02-15,116.216,ok
2017-02-16,116.007,ok
2017-02-17,116.403,ok
2017-02-21,116.592,ok
2017-02-22,116.214,ok
2017-02-23,115.653,ok
2017-02-24,115.814,ok
2017-02-27,115.676,ok
2017-02-28,116.003,ok
2017-03-01,116.438,ok
2017-03-02,116.843,ok
2017-03-03,116.644,ok
2017-03-06,116.431,ok
2017-03-07,116.43,ok
2017-03-08,116.875,ok
2017-03-09,116.996,ok
2017-03-10,116.616,ok
2017-03-13,116.4,ok
2017-03-14,116.565,ok
2017-03-15,116.358,ok
2017-03-16,115.446,ok
2017-03-17,115.278,ok
2017-03-20,115.043,ok
2017-03-21,114.812,ok
2017-03-22,114.794,ok
2017-03-23,114.79,ok
2017-03-24,114.637,ok
2017-03-27,114.235,ok
2017-03-28,114.419,ok
2017-03-29,114.717,ok
2017-03-30,114.525,ok
2017-03-31,114.794,ok
2017-04-03,114.873,ok
2017-04-04,115.004,ok
2017-04-05,114.949,ok
2017-04-06,115.018,ok
2017-04-07,115.055,ok
2017-04-10,115.11,ok
2017-04-11,115.009,ok
2017-04-12,114.916,ok
2017-04-13,114.506,ok
2017-04-14,114.537,ok
2017-04-17,114.328,ok
2017-04-18,114.257,ok
2017-04-19,114.792,ok
2017-04-20,114.621,ok
2017-04-21,114.813,ok
2017-04-24,114.366,ok
2017-04-25,114.511,ok
2017-04-26,114.948,ok
2017-04-27,114.995,ok
2017-04-28,114.788,ok
2017-05-01,114.592,ok
2017-05-02,114.679,ok
2017-05-03,114.664,ok
2017-05-04,114.908,ok
2017-05-05,114.772,ok
2017-05-08,115.09,ok
2017-05-09,115.393,ok
2017-05-10,115.115,ok
2017-05-11,115.067,ok
2017-05-12,114.748,ok
2017-05-15,114.35,ok
2017-05-16,113.992,ok
2017-05-17,113.751,ok
2017-05-18,114.268,ok
2017-05-19,113.7,ok
2017-05-22,113.544,ok
2017-05-23,113.686,ok
2017-05-24,113.675,ok
2017-05-25,113.372,ok
2017-05-26,113.484,ok
2017-05-30,113.555,ok
2017-05-31,113.296,ok
2017-06-01,113.302,ok
2017-06-02,113.191,ok
2017-06-05,112.975,ok
2017-06-06,112.71,ok
2017-06-07,112.819,ok
2017-06-08,112.835,ok
2017-06-09,112.956,ok
2017-06-12,112.984,ok
2017-06-13,112.627,ok
2017-06-14,112.073,ok
2017-06-15,112.871,ok
2017-06-16,112.615,ok
2017-06-19,112.758,ok
2017-06-20,113.27,ok
2017-06-21,113.333,ok
2017-06-22,113.165,ok
2017-06-23,112.867,ok
2017-06-26,112.763,ok
2017-06-27,112.55,ok
2017-06-28,112.075,ok
2017-06-29,111.998,ok
2017-06-30,111.99,ok
2017-07-03,112.427,ok
2017-07-05,112.653,ok
2017-07-06,112.42,ok
2017-07-07,112.314,ok
2017-07-10,112.159,ok
2017-07-11,112.143,ok
2017-07-12,111.59,ok
2017-07-13,111.537,ok
2017-07-14,110.907,ok
2017-07-17,110.93,ok
2017-07-18,110.436,ok
2017-07-19,110.434,ok
2017-07-20,110.251,ok
2017-07-21,110.191,ok
2017-07-24,110.2,ok
2017-07-25,110.284,ok
2017-07-26,110.381,ok
2017-07-27,110.216,ok
2017-07-28,109.92,ok
2017-07-31,109.818,ok
2017-08-01,109.85,ok
2017-08-02,109.75,ok
2017-08-03,109.833,ok
2017-08-04,110.281,ok
2017-08-07,110.373,ok
2017-08-08,110.396,ok
2017-08-09,110.367,ok
2017-08-10,110.189,ok
2017-08-11,110.042,ok
2017-08-14,110.095,ok
2017-08-15,110.485,ok
2017-08-16,110.439,ok
2017-08-17,110.167,ok
2017-08-18,110.041,ok
2017-08-21,109.735,ok
2017-08-22,109.839,ok
2017-08-23,109.809,ok
2017-08-24,109.752,ok
2017-08-25,109.341,ok
2017-08-28,109.181,ok
2017-08-29,109.095,ok
2017-08-30,109.405,ok
2017-08-31,109.369,ok
2017-09-01,109.05,ok
2017-09-05,108.866,ok
2017-09-06,108.49,ok
2017-09-07,107.922,ok
2017-09-08,107.808,ok
2017-09-11,108.153,ok
2017-09-12,108.324,ok
2017-09-13,108.663,ok
2017-09-14,108.618,ok
2017-09-15,108.315,ok
2017-09-18,108.64,ok
2017-09-19,108.614,ok
2017-09-20,108.433,ok
2017-09-21,108.927,ok
2017-09-22,108.754,ok
2017-09-25,109.33,ok
2017-09-26,109.777,ok
2017-09-27,110.072,ok
2017-09-28,110.242,ok
2017-09-29,110.087,ok
2017-10-02,110.369,ok
2017-10-03,110.328,ok
2017-10-04,110.243,ok
2017-10-05,110.582,ok
2017-10-06,110.784,ok
2017-10-10,110.303,ok
2017-10-11,110.304,ok
2017-10-12,110.315,ok
2017-10-13,110.267,ok
2017-10-16,110.543,ok
2017-10-17,110.914,ok
2017-10-18,110.721,ok
2017-10-19,110.458,ok
2017-10-20,111.037,ok
2017-10-23,111.213,ok
2017-10-24,111.403,ok
2017-10-25,111.39,ok
2017-10-26,111.642,ok
2017-10-27,112.15,ok
2017-10-30,111.901,ok
2017-10-31,111.805,ok
2017-11-01,111.794,ok
2017-11-02,111.547,ok
2017-11-03,111.938,ok
2017-11-06,111.72,ok
2017-11-07,111.945,ok
2017-11-08,111.694,ok
2017-11-09,111.563,ok
2017-11-13,111.783,ok
2017-11-14,111.51,ok
2017-11-15,111.481,ok
2017-11-16,111.257,ok
2017-11-17,111.002,ok
2017-11-20,111.26,ok
2017-11-21,110.983,ok
2017-11-22,110.563,ok
2017-11-24,110.025,ok
2017-11-27,110.114,ok
2017-11-28,110.302,ok
2017-11-29,110.326,ok
2017-11-30,110.465,ok
2017-12-01,110.141,ok
2017-12-04,110.397,ok
2017-12-05,110.49,ok
2017-12-06,110.871,ok
2017-12-07,111.018,ok
2017-12-08,111.227,ok
2017-12-11,111.083,ok
2017-12-12,111.521,ok
2017-12-13,111.276,ok
2017-12-14,111.089,ok
2017-12-15,111.129,ok
2017-12-18,110.909,ok
2017-12-19,111.126,ok
2017-12-20,110.836,ok
2017-12-21,110.879,ok
2017-12-22,111.1,ok
2017-12-26,110.976,ok
2017-12-27,110.855,ok
2017-12-28,110.515,ok
2017-12-29,110.078,ok
2018-01-02,109.644,ok
2018-01-03,109.675,ok
2018-01-04,109.478,ok
2018-01-05,109.35,ok
2018-01-08,109.568,ok
2018-01-09,109.903,ok
2018-01-10,109.628,ok
2018-01-11,109.489,ok
2018-01-12,108.901,ok
2018-01-16,108.322,ok
2018-01-17,108.153,ok
2018-01-18,108.066,ok
2018-01-19,107.945,ok
2018-01-22,108.107,ok
2018-01-23,107.998,ok
2018-01-24,107.08,ok
2018-01-25,106.505,ok
2018-01-26,106.691,ok
2018-01-29,107.114,ok
2018-01-30,107.106,ok
2018-01-31,106.77,ok
2018-02-01,106.488,ok
2018-02-02,107.115,ok
2018-02-05,107.33,ok
2018-02-06,107.52,ok
2018-02-07,107.718,ok
2018-02-08,108.302,ok
2018-02-09,108.258,ok
2018-02-12,108.033,ok
2018-02-13,107.757,ok
2018-02-14,107.469,ok
2018-02-15,106.987,ok
2018-02-16,107.036,ok
2018-02-20,107.625,ok
2018-02-21,107.868,ok
2018-02-22,107.867,ok
2018-02-23,107.68,ok
2018-02-26,107.735,ok
2018-02-27,108.173,ok
2018-02-28,108.39,ok
2018-03-01,108.536,ok
2018-03-05,108.361,ok
2018-03-06,107.797,ok
2018-03-07,108.091,ok
2018-03-08,108.267,ok
2018-03-09,107.923,ok
2018-03-12,107.944,ok
2018-03-13,107.738,ok
2018-03-14,107.862,ok
2018-03-15,108.203,ok
2018-03-16,108.433,ok
2018-03-19,108.314,ok
2018-03-20,108.495,ok
2018-03-22,107.993,ok
2018-03-23,107.749,ok
2018-03-26,107.182,ok
2018-03-27,107.336,ok
2018-03-28,107.573,ok
2018-03-29,107.665,ok
2018-03-30,107.478,ok
2018-04-02,107.703,ok
2018-04-03,107.562,ok
2018-04-04,107.636,ok
2018-04-05,107.728,ok
2018-04-06,107.789,ok
2018-04-09,107.532,ok
2018-04-10,107.366,ok
2018-04-11,107.122,ok
2018-04-12,107.29,ok
2018-04-13,107.237,ok
2018-04-16,107.059,ok
2018-04-17,107.034,ok
2018-04-18,107.11,ok
2018-04-19,107.52,ok
2018-04-20,108.179,ok
2018-04-23,108.933,ok
2018-04-24,108.791,ok
2018-04-25,109.345,ok
2018-04-26,109.365,ok
2018-04-27,109.174,ok
2018-04-30,109.336,ok
2018-05-01,109.745,ok
2018-05-02,110.162,ok
2018-05-03,110.18,ok
2018-05-04,110.25,ok
2018-05-07,110.572,ok
2018-05-08,111.063,ok
2018-05-09,110.882,ok
2018-05-10,110.405,ok
2018-05-11,110.285,ok
2018-05-14,110.408,ok
2018-05-15,111.229,ok
2018-05-16,111.307,ok
2018-05-17,111.355,ok
2018-05-18,111.717,ok
2018-05-21,111.639,ok
2018-05-22,111.195,ok
2018-05-23,111.693,ok
2018-05-24,111.489,ok
2018-05-25,111.584,ok
2018-05-29,112.213,ok
2018-05-30,111.673,ok
2018-05-31,111.989,ok
2018-06-01,111.826,ok
2018-06-04,111.825,ok
2018-06-05,112.264,ok
2018-06-06,111.752,ok
2018-06-07,112.073,ok
2018-06-08,112.107,ok
2018-06-11,112.111,ok
2018-06-12,112.214,ok
2018-06-13,112.258,ok
2018-06-14,112.859,ok
2018-06-15,113.338,ok
2018-06-18,113.49,ok
2018-06-19,113.639,ok
2018-06-20,113.478,ok
2018-06-21,113.611,ok
2018-06-22,113.305,ok
2018-06-25,113.286,ok
2018-06-26,113.302,ok
2018-06-27,113.897,ok
2018-06-28,113.841,ok
2018-06-29,113.259,ok
2018-07-02,114.167,ok
2018-07-03,113.322,ok
2018-07-05,112.976,ok
2018-07-06,112.643,ok
2018-07-09,112.642,ok
2018-07-10,112.579,ok
2018-07-11,112.858,ok
2018-07-12,112.779,ok
2018-07-13,113.07,ok
2018-07-16,112.844,ok
2018-07-17,113.15,ok
2018-07-18,113.335,ok
2018-07-19,113.946,ok
2018-07-20,113.321,ok
2018-07-23,113.425,ok
2018-07-24,113.204,ok
2018-07-25,112.922,ok
2018-07-26,112.918,ok
2018-07-27,112.812,ok
2018-07-30,112.604,ok
2018-07-31,112.73,ok
2018-08-01,112.89,ok
2018-08-02,113.168,ok
2018-08-03,113.012,ok
2018-08-06,113.229,ok
2018-08-07,112.976,ok
2018-08-08,113.141,ok
2018-08-09,113.381,ok
2018-08-10,114.3,ok
2018-08-13,114.851,ok
2018-08-14,114.658,ok
2018-08-15,115.153,ok
2018-08-16,114.642,ok
2018-08-17,114.534,ok
2018-08-20,114.35,ok
2018-08-21,113.86,ok
2018-08-22,113.663,ok
2018-08-23,114.093,ok
2018-08-24,113.599,ok
2018-08-27,113.272,ok
2018-08-28,113.344,ok
2018-08-29,113.646,ok
2018-08-30,114.09,ok
2018-08-31,114.275,ok
2018-09-04,114.858,ok
2018-09-05,114.748,ok
2018-09-06,114.648,ok
2018-09-07,114.582,ok
2018-09-10,114.68,ok
2018-09-11,114.705,ok
2018-09-12,114.219,ok
2018-09-13,113.927,ok
2018-09-14,114.066,ok
2018-09-17,113.916,ok
2018-09-18,113.774,ok
2018-09-19,113.653,ok
2018-09-20,113.499,ok
2018-09-21,113.51,ok
2018-09-24,113.53,ok
2018-09-25,113.72,ok
2018-09-26,113.674,ok
2018-09-27,113.978,ok
2018-09-28,113.808,ok
2018-10-01,113.823,ok
2018-10-02,113.895,ok
2018-10-03,114.157,ok
2018-10-04,114.687,ok
2018-10-05,114.561,ok
2018-10-09,114.658,ok
2018-10-10,114.607,ok
2018-10-11,114.407,ok
2018-10-12,114.369,ok
2018-10-15,114.045,ok
2018-10-16,113.896,ok
2018-10-17,114.175,ok
2018-10-18,114.816,ok
2018-10-19,114.857,ok
2018-10-22,115.178,ok
2018-10-23,115.165,ok
2018-10-24,115.376,ok
2018-10-25,115.483,ok
2018-10-26,115.473,ok
2018-10-29,115.894,ok
2018-10-30,116.236,ok
2018-10-31,116.528,ok
2018-11-01,115.866,ok
2018-11-02,115.643,ok
2018-11-05,115.703,ok
2018-11-06,115.562,ok
2018-11-07,115.252,ok
2018-11-08,115.648,ok
2018-11-09,116.478,ok
2018-11-13,116.669,ok
2018-11-14,116.498,ok
2018-11-15,116.386,ok
2018-11-16,115.926,ok
2018-11-19,115.986,ok
2018-11-20,116.237,ok
2018-11-21,116.092,ok
2018-11-23,116.471,ok
2018-11-26,116.621,ok
2018-11-27,116.9,ok
2018-11-28,116.834,ok
2018-11-29,116.196,ok
2018-11-30,116.413,ok
2018-12-03,115.906,ok
2018-12-04,116.003,ok
2018-12-06,116.399,ok
2018-12-07,116.085,ok
2018-12-10,116.675,ok
2018-12-11,116.756,ok
2018-12-12,116.221,ok
2018-12-13,116.397,ok
2018-12-14,116.79,ok
2018-12-17,116.453,ok
2018-12-18,116.413,ok
2018-12-19,116.068,ok
2018-12-20,116.018,ok
2018-12-21,116.223,ok
2018-12-24,116.218,ok
2018-12-26,116.116,ok
2018-12-27,115.993,ok
2018-12-28,115.723,ok
2018-12-31,115.567,ok
2019-01-02,115.769,ok
2019-01-03,115.462,ok
2019-01-04,114.982,ok
2019-01-07,114.563,ok
2019-01-08,114.728,ok
2019-01-09,114.141,ok
2019-01-10,114.05,ok
2019-01-11,114.04,ok
2019-01-15,114.34,ok
2019-01-16,114.137,ok
2019-01-17,114.412,ok
2019-01-18,114.558,ok
2019-01-22,114.754,ok
2019-01-23,114.576,ok
2019-01-24,114.617,ok
2019-01-25,114.02,ok
2019-01-28,114.052,ok
2019-01-29,114.026,ok
2019-01-30,114.073,ok
2019-01-31,113.55,ok
2019-02-01,113.755,ok
2019-02-04,113.877,ok
2019-02-05,114.043,ok
2019-02-06,114.231,ok
2019-02-07,114.434,ok
2019-02-08,114.5,ok
2019-02-11,115.031,ok
2019-02-12,114.73,ok
2019-02-13,114.941,ok
2019-02-14,115.101,ok
2019-02-15,114.992,ok
2019-02-19,114.57,ok
2019-02-21,114.509,ok
2019-02-22,114.272,ok
2019-02-25,114.146,ok
2019-02-26,114.069,ok
2019-02-27,114.036,ok
2019-02-28,114.199,ok
2019-03-01,114.537,ok
2019-03-04,114.692,ok
2019-03-05,114.804,ok
2019-03-06,114.971,ok
2019-03-07,115.492,ok
2019-03-08,115.36,ok
2019-03-11,115.297,ok
2019-03-12,114.939,ok
2019-03-13,114.737,ok
2019-03-14,114.79,ok
2019-03-15,114.582,ok
2019-03-18,114.438,ok
2019-03-19,114.232,ok
2019-03-20,114.151,ok
2019-03-21,114.168,ok
2019-03-22,114.686,ok
2019-03-25,114.417,ok
2019-03-26,114.641,ok
2019-03-27,115.124,ok
2019-03-28,115.258,ok
2019-03-29,115.137,ok
2019-04-01,114.936,ok
2019-04-02,115.117,ok
2019-04-03,114.721,ok
2019-04-04,114.97,ok
2019-04-05,114.973,ok
2019-04-08,114.689,ok
2019-04-09,114.532,ok
2019-04-10,114.427,ok
2019-04-11,114.63,ok
2019-04-12,114.353,ok
2019-04-15,114.495,ok
2019-04-16,114.676,ok
2019-04-17,114.514,ok
2019-04-18,114.707,ok
2019-04-19,114.698,ok
2019-04-22,114.769,ok
2019-04-23,115.158,ok
2019-04-24,115.419,ok
2019-04-25,115.771,ok
2019-04-26,115.477,ok
2019-04-29,115.523,ok
2019-04-30,115.328,ok
2019-05-01,115.002,ok
2019-05-02,115.562,ok
2019-05-03,115.265,ok
2019-05-06,115.381,ok
2019-05-07,115.612,ok
2019-05-08,115.517,ok
2019-05-09,115.842,ok
2019-05-10,115.533,ok
2019-05-13,115.915,ok
2019-05-14,115.942,ok
2019-05-15,115.856,ok
2019-05-16,116.035,ok
2019-05-17,116.448,ok
2019-05-20,116.312,ok
2019-05-21,116.284,ok
2019-05-22,116.241,ok
2019-05-23,116.237,ok
2019-05-24,116.081,ok
2019-05-28,116.317,ok
2019-05-29,116.553,ok
2019-05-30,116.399,ok
2019-05-31,116.727,ok
2019-06-03,116.476,ok
2019-06-04,116.091,ok
2019-06-05,116.03,ok
2019-06-06,115.977,ok
2019-06-07,115.737,ok
2019-06-10,115.5,ok
2019-06-11,115.379,ok
2019-06-12,115.438,ok
2019-06-13,115.627,ok
2019-06-14,115.906,ok
2019-06-17,115.968,ok
2019-06-18,115.88,ok
2019-06-19,115.789,ok
2019-06-20,114.805,ok
2019-06-21,114.838,ok
2019-06-24,114.656,ok
2019-06-25,114.636,ok
2019-06-26,114.561,ok
2019-06-27,114.665,ok
2019-06-28,114.582,ok
2019-07-01,114.724,ok
2019-07-02,114.826,ok
2019-07-03,114.814,ok
2019-07-05,115.113,ok
2019-07-08,115.025,ok
2019-07-09,115.102,ok
2019-07-10,115.088,ok
2019-07-11,114.836,ok
2019-07-12,114.769,ok
2019-07-15,114.682,ok
2019-07-16,115.011,ok
2019-07-17,114.882,ok
2019-07-18,114.874,ok
2019-07-19,114.87,ok
2019-07-22,115.002,ok
2019-07-23,115.299,ok
2019-07-24,115.244,ok
2019-07-25,115.298,ok
2019-07-26,115.545,ok
2019-07-29,115.588,ok
2019-07-30,115.621,ok
2019-07-31,115.495,ok
2019-08-01,116.05,ok
2019-08-02,116.186,ok
2019-08-05,116.585,ok
2019-08-06,116.69,ok
2019-08-07,116.799,ok
2019-08-08,116.474,ok
2019-08-09,116.442,ok
2019-08-12,116.755,ok
2019-08-13,116.727,ok
2019-08-14,117.091,ok
2019-08-15,117.224,ok
2019-08-16,117.079,ok
2019-08-19,117.389,ok
2019-08-20,117.373,ok
2019-08-21,117.176,ok
2019-08-22,117.356,ok
2019-08-23,117.301,ok
2019-08-26,117.666,ok
2019-08-27,117.75,ok
2019-08-28,117.877,ok
2019-08-29,118.062,ok
2019-08-30,118.157,ok
2019-09-03,118.311,ok
2019-09-04,117.673,ok
2019-09-05,117.478,ok
2019-09-06,117.129,ok
2019-09-09,117.06,ok
2019-09-10,117.089,ok
2019-09-11,117.312,ok
2019-09-12,116.838,ok
2019-09-13,116.768,ok
2019-09-16,117.025,ok
2019-09-17,116.983,ok
2019-09-18,116.977,ok
2019-09-19,117.086,ok
2019-09-20,117.182,ok
2019-09-23,117.299,ok
2019-09-24,117.223,ok
2019-09-25,117.653,ok
2019-09-26,117.727,ok
2019-09-27,117.722,ok
2019-09-30,117.946,ok
2019-10-01,117.96,ok
2019-10-02,117.967,ok
2019-10-03,117.661,ok
2019-10-04,117.529,ok
2019-10-07,117.553,ok
2019-10-08,117.741,ok
2019-10-09,117.683,ok
2019-10-10,117.28,ok
2019-10-11,116.824,ok
2019-10-15,116.811,ok
2019-10-16,116.642,ok
2019-10-17,116.261,ok
2019-10-18,116.134,ok
2019-10-21,116.044,ok
2019-10-22,115.985,ok
2019-10-23,116.059,ok
2019-10-24,116.128,ok
2019-10-25,116.077,ok
2019-10-28,116.022,ok
2019-10-29,115.98,ok
2019-10-30,116.164,ok
2019-10-31,115.912,ok
2019-11-01,115.731,ok
2019-11-04,115.862,ok
2019-11-05,116.114,ok
2019-11-06,116.1,ok
2019-11-07,116.117,ok
2019-11-08,116.344,ok
2019-11-12,116.584,ok
2019-11-13,116.84,ok
2019-11-14,116.802,ok
2019-11-15,116.44,ok
2019-11-18,116.362,ok
2019-11-19,116.539,ok
2019-11-20,116.828,ok
2019-11-21,116.743,ok
2019-11-22,116.914,ok
2019-11-25,117.01,ok
2019-11-26,117.051,ok
2019-11-27,117.127,ok
2019-11-29,117.12,ok
2019-12-02,116.965,ok
2019-12-03,116.89,ok
2019-12-04,116.692,ok
2019-12-05,116.384,ok
2019-12-06,116.538,ok
2019-12-09,116.328,ok
2019-12-10,116.254,ok
2019-12-11,116.148,ok
2019-12-12,115.874,ok
2019-12-13,115.697,ok
2019-12-16,115.555,ok
2019-12-17,115.555,ok
2019-12-18,115.662,ok
2019-12-19,115.599,ok
2019-12-20,115.76,ok
2019-12-23,115.806,ok
2019-12-26,115.634,ok
2019-12-27,115.22,ok
2019-12-30,114.963,ok
2019-12-31,114.669,ok
2020-01-02,114.975,ok
2020-01-03,114.987,ok
2020-01-06,114.956,ok
2020-01-07,115.148,ok
2020-01-08,115.133,ok
2020-01-09,115.233,ok
2020-01-10,115.068,ok
2020-01-13,115.034,ok
2020-01-14,115.024,ok
2020-01-15,114.953,ok
2020-01-16,115.001,ok
2020-01-17,115.066,ok
2020-01-21,115.188,ok
2020-01-22,115.227,ok
2020-01-23,115.555,ok
2020-01-24,115.556,ok
2020-01-27,115.8,ok
2020-01-28,115.724,ok
2020-01-29,115.7,ok
2020-01-30,115.808,ok
2020-01-31,115.734,ok
2020-02-03,116.117,ok
2020-02-04,115.929,ok
2020-02-05,116.009,ok
2020-02-06,116.152,ok
2020-02-07,116.509,ok
2020-02-10,116.571,ok
2020-02-11,116.359,ok
2020-02-12,116.279,ok
2020-02-13,116.4,ok
2020-02-14,116.422,ok
2020-02-18,116.604,ok
2020-02-19,116.783,ok
2020-02-20,117.245,ok
2020-02-21,117.047,ok
2020-02-24,117.402,ok
2020-02-25,117.243,ok
2020-02-26,117.405,ok
2020-02-27,117.368,ok
2020-02-28,117.657,ok
2020-03-02,116.814,ok
2020-03-03,116.496,ok
2020-03-04,116.78,ok
2020-03-05,116.79,ok
2020-03-06,116.711,ok
2020-03-09,117.187,ok
2020-03-10,117.903,ok
2020-03-11,118.251,ok
2020-03-12,120.488,ok
2020-03-13,120.439,ok
2020-03-16,120.935,ok
2020-03-17,122.482,ok
2020-03-18,124.162,ok
2020-03-19,125.059,ok
2020-03-20,124.936,ok
2020-03-23,126.126,ok
2020-03-24,125.5,ok
2020-03-25,124.792,ok
2020-03-26,122.431,ok
2020-03-27,122.401,ok
2020-03-30,123.288,ok
2020-03-31,122.53,ok
2020-04-01,123.793,ok
2020-04-02,123.592,ok
2020-04-03,124.415,ok
2020-04-06,124.16,ok
2020-04-07,123.096,ok
2020-04-08,123.222,ok
2020-04-09,122.476,ok
2020-04-10,122.159,ok
2020-04-13,122.52,ok
2020-04-14,122.112,ok
2020-04-15,123.075,ok
2020-04-16,123.462,ok
2020-04-17,122.871,ok
2020-04-20,123.103,ok
2020-04-21,123.912,ok
2020-04-22,123.926,ok
2020-04-23,123.754,ok
2020-04-24,124.162,ok
2020-04-27,123.884,ok
2020-04-28,123.369,ok
2020-04-29,122.778,ok
2020-04-30,122.327,ok
2020-05-01,123.149,ok
2020-05-04,123.212,ok
2020-05-05,122.803,ok
2020-05-06,123.609,ok
2020-05-07,123.125,ok
2020-05-08,122.538,ok
2020-05-11,123.233,ok
2020-05-12,123.059,ok
2020-05-13,123.541,ok
2020-05-14,123.643,ok
2020-05-15,123.599,ok
2020-05-18,122.797,ok
2020-05-19,122.566,ok
2020-05-20,122.101,ok
2020-05-21,122.091,ok
2020-05-22,122.321,ok
2020-05-26,121.386,ok
2020-05-27,121.568,ok
2020-05-28,121.014,ok
2020-05-29,120.946,ok
2020-06-01,120.269,ok
2020-06-02,119.685,ok
2020-06-03,119.256,ok
2020-06-04,119.301,ok
2020-06-05,118.814,ok
2020-06-08,118.662,ok
2020-06-09,118.589,ok
2020-06-10,118.523,ok
2020-06-11,119.235,ok
2020-06-12,119.665,ok
2020-06-15,119.954,ok
2020-06-16,119.567,ok
2020-06-17,119.91,ok
2020-06-18,120.217,ok
2020-06-19,120.219,ok
2020-06-22,119.753,ok
2020-06-23,119.329,ok
2020-06-24,119.974,ok
2020-06-25,120.3,ok
2020-06-26,120.533,ok
2020-06-29,120.666,ok
2020-06-30,120.465,ok
2020-07-01,120.081,ok
2020-07-02,119.856,ok
2020-07-06,119.285,ok
2020-07-07,119.572,ok
2020-07-08,119.552,ok
2020-07-09,119.513,ok
2020-07-10,119.351,ok
2020-07-13,119.189,ok
2020-07-14,119.39,ok
2020-07-15,119.033,ok
2020-07-16,118.927,ok
2020-07-17,119.124,ok
2020-07-20,119.048,ok
2020-07-21,118.404,ok
2020-07-22,118.134,ok
2020-07-23,118.061,ok
2020-07-24,118.133,ok
2020-07-27,117.387,ok
2020-07-28,117.319,ok
2020-07-29,117.213,ok
2020-07-30,117.401,ok
2020-07-31,117.208,ok
2020-08-03,117.807,ok
2020-08-04,117.783,ok
2020-08-05,116.874,ok
2020-08-06,117.042,ok
2020-08-07,117.624,ok
2020-08-10,117.582,ok
2020-08-11,117.378,ok
2020-08-12,117.256,ok
2020-08-13,117.119,ok
2020-08-14,116.939,ok
2020-08-17,116.749,ok
2020-08-18,116.559,ok
2020-08-19,116.567,ok
2020-08-20,116.813,ok
2020-08-21,117.057,ok
2020-08-24,116.912,ok
2020-08-25,116.821,ok
2020-08-26,116.624,ok
2020-08-27,116.649,ok
2020-08-28,115.937,ok
2020-08-31,115.759,ok
2020-09-01,115.569,ok
2020-09-02,116.03,ok
2020-09-03,116.069,ok
2020-09-04,116.035,ok
2020-09-08,116.462,ok
2020-09-09,116.129,ok
2020-09-10,115.881,ok
2020-09-11,116.087,ok
2020-09-14,115.643,ok
2020-09-15,115.591,ok
2020-09-16,115.354,ok
2020-09-17,115.439,ok
2020-09-18,115.24,ok
2020-09-21,116.378,ok
2020-09-22,116.544,ok
2020-09-23,117.253,ok
2020-09-24,117.547,ok
2020-09-25,117.868,ok
2020-09-28,117.618,ok
2020-09-29,117.526,ok
2020-09-30,116.946,ok
2020-10-01,116.723,ok
2020-10-02,116.732,ok
2020-10-05,116.177,ok
2020-10-06,116.268,ok
2020-10-07,116.345,ok
2020-10-08,116.166,ok
2020-10-09,115.276,ok
2020-10-13,115.911,ok
2020-10-14,115.687,ok
2020-10-15,116.096,ok
2020-10-16,115.768,ok
2020-10-19,115.403,ok
2020-10-20,115.249,ok
2020-10-21,114.911,ok
2020-10-22,115.116,ok
2020-10-23,115.013,ok
2020-10-26,115.28,ok
2020-10-27,115.013,ok
2020-10-28,115.802,ok
2020-10-29,116.307,ok
2020-10-30,116.135,ok
2020-11-02,116.236,ok
2020-11-03,115.48,ok
2020-11-04,115.168,ok
2020-11-05,114.456,ok
2020-11-06,113.992,ok
2020-11-09,114.09,ok
2020-11-10,114.076,ok
2020-11-12,114.284,ok
2020-11-13,114.24,ok
2020-11-16,113.831,ok
2020-11-17,113.682,ok
2020-11-18,113.46,ok
2020-11-19,113.694,ok
2020-11-20,113.489,ok
2020-11-23,113.755,ok
2020-11-24,113.432,ok
2020-11-25,113.182,ok
2020-11-30,113.226,ok
2020-12-01,112.806,ok
2020-12-02,112.612,ok
2020-12-03,112.024,ok
2020-12-04,111.778,ok
2020-12-07,111.838,ok
2020-12-08,111.864,ok
2020-12-09,112.031,ok
2020-12-10,111.979,ok
2020-12-11,112.142,ok
2020-12-14,112.171,ok
2020-12-15,111.86,ok
2020-12-16,111.716,ok
2020-12-17,111.223,ok
2020-12-18,111.607,ok
2020-12-21,111.942,ok
2020-12-22,112.195,ok
2020-12-23,111.981,ok
2020-12-28,111.975,ok
2020-12-29,111.517,ok
2020-12-30,111.308,ok
2020-12-31,111.317,ok
2021-01-04,111.207,ok
2021-01-05,110.957,ok
2021-01-06,110.85,ok
2021-01-07,111.304,ok
2021-01-08,111.285,ok
2021-01-11,111.826,ok
2021-01-12,111.55,ok
2021-01-13,111.362,ok
2021-01-14,111.157,ok
2021-01-15,111.511,ok
2021-01-19,111.453,ok
2021-01-21,111.197,ok
2021-01-22,111.552,ok
2021-01-25,111.868,ok
2021-01-26,111.657,ok
2021-01-27,112.078,ok
2021-01-28,112.006,ok
2021-01-29,111.951,ok
2021-02-01,112.419,ok
2021-02-02,112.286,ok
2021-02-03,112.257,ok
2021-02-04,112.747,ok
2021-02-05,112.238,ok
2021-02-08,112.043,ok
2021-02-09,111.767,ok
2021-02-10,111.583,ok
2021-02-11,111.527,ok
2021-02-12,111.489,ok
2021-02-16,111.788,ok
2021-02-17,112.02,ok
2021-02-18,112.16,ok
2021-02-19,111.706,ok
2021-02-22,111.918,ok
2021-02-23,111.898,ok
2021-02-24,111.721,ok
2021-02-25,111.925,ok
2021-02-26,112.831,ok
2021-03-01,112.526,ok
2021-03-02,112.534,ok
2021-03-03,112.762,ok
2021-03-04,112.704,ok
2021-03-05,113.749,ok
2021-03-08,114.268,ok
2021-03-09,113.928,ok
2021-03-10,113.588,ok
2021-03-11,112.921,ok
2021-03-12,113.027,ok
2021-03-15,113.193,ok
2021-03-16,112.984,ok
2021-03-17,113.159,ok
2021-03-18,112.774,ok
2021-03-19,112.976,ok
2021-03-22,113.002,ok
2021-03-23,113.292,ok
2021-03-24,113.656,ok
2021-03-25,114.002,ok
2021-03-26,113.741,ok
2021-03-29,113.931,ok
2021-03-30,114.203,ok
2021-03-31,113.823,ok
2021-04-01,113.739,ok
2021-04-02,113.731,ok
2021-04-05,113.394,ok
2021-04-06,113.146,ok
2021-04-07,113.244,ok
2021-04-08,113.092,ok
2021-04-09,113.203,ok
2021-04-12,113.181,ok
2021-04-13,113.039,ok
2021-04-14,112.785,ok
2021-04-15,112.618,ok
2021-04-16,112.481,ok
2021-04-19,112.183,ok
2021-04-20,112.235,ok
2021-04-21,112.177,ok
2021-04-22,112.23,ok
2021-04-23,112.089,ok
2021-04-26,111.811,ok
2021-04-27,111.91,ok
2021-04-28,111.791,ok
2021-04-29,111.746,ok
2021-04-30,112.084,ok
2021-05-03,112.005,ok
2021-05-04,112.29,ok
2021-05-05,112.151,ok
2021-05-06,111.84,ok
2021-05-07,111.025,ok
2021-05-10,110.79,ok
2021-05-11,110.892,ok
2021-05-12,111.564,ok
2021-05-13,111.596,ok
2021-05-14,111.135,ok
2021-05-17,111.079,ok
2021-05-18,110.832,ok
2021-05-19,110.881,ok
2021-05-20,110.861,ok
2021-05-21,111.058,ok
2021-05-24,110.912,ok
2021-05-25,110.842,ok
2021-05-26,110.868,ok
2021-05-27,110.869,ok
2021-05-28,110.758,ok
2021-06-01,110.505,ok
2021-06-02,110.58,ok
2021-06-03,111.178,ok
2021-06-04,110.752,ok
2021-06-07,110.516,ok
2021-06-08,110.649,ok
2021-06-09,110.571,ok
2021-06-10,110.546,ok
2021-06-11,111.093,ok
2021-06-14,110.966,ok
2021-06-15,111.351,ok
2021-06-16,111.117,ok
2021-06-17,112.577,ok
2021-06-18,113.041,ok
2021-06-21,112.839,ok
2021-06-22,112.917,ok
2021-06-23,112.382,ok
2021-06-24,112.326,ok
2021-06-25,111.966,ok
2021-06-28,112.025,ok
2021-06-29,112.261,ok
2021-06-30,112.553,ok
2021-07-01,112.74,ok
2021-07-02,112.543,ok
2021-07-06,112.952,ok
2021-07-07,113.105,ok
2021-07-08,113.078,ok
2021-07-09,112.838,ok
2021-07-12,112.761,ok
2021-07-13,113.006,ok
2021-07-14,112.88,ok
2021-07-15,113.004,ok
2021-07-16,113.043,ok
2021-07-19,113.547,ok
2021-07-20,113.75,ok
2021-07-21,113.393,ok
2021-07-22,113.469,ok
2021-07-23,113.44,ok
2021-07-26,113.224,ok
2021-07-27,113.223,ok
2021-07-28,113.181,ok
2021-07-29,112.483,ok
2021-07-30,112.671,ok
2021-08-02,112.669,ok
2021-08-03,112.823,ok
2021-08-04,112.895,ok
2021-08-05,112.767,ok
2021-08-06,113.309,ok
2021-08-09,113.452,ok
2021-08-10,113.497,ok
2021-08-11,113.282,ok
2021-08-12,113.269,ok
2021-08-13,113.061,ok
2021-08-16,113.17,ok
2021-08-17,113.617,ok
2021-08-18,113.696,ok
2021-08-19,114.111,ok
2021-08-20,114.501,ok
2021-08-23,113.942,ok
2021-08-24,113.68,ok
2021-08-25,113.632,ok
2021-08-26,113.788,ok
2021-08-27,113.34,ok
2021-08-30,113.246,ok
2021-08-31,113.108,ok
2021-09-01,112.873,ok
2021-09-02,112.786,ok
2021-09-03,112.548,ok
2021-09-07,112.98,ok
2021-09-08,113.232,ok
2021-09-09,113.043,ok
2021-09-10,112.942,ok
2021-09-13,113.034,ok
2021-09-14,113.006,ok
2021-09-15,112.977,ok
2021-09-16,113.304,ok
2021-09-17,113.599,ok
2021-09-20,113.942,ok
2021-09-21,113.818,ok
2021-09-22,113.622,ok
2021-09-23,113.513,ok
2021-09-24,113.76,ok
2021-09-27,113.743,ok
2021-09-28,114.247,ok
2021-09-29,114.709,ok
2021-09-30,114.64,ok
2021-10-01,114.38,ok
2021-10-04,114.274,ok
2021-10-05,114.365,ok
2021-10-06,114.719,ok
2021-10-07,114.504,ok
2021-10-08,114.599,ok
2021-10-12,114.754,ok
2021-10-13,114.471,ok
2021-10-14,114.205,ok
2021-10-15,114.091,ok
2021-10-18,113.99,ok
2021-10-19,113.647,ok
2021-10-20,113.508,ok
2021-10-21,113.619,ok
2021-10-22,113.67,ok
2021-10-25,113.605,ok
2021-10-26,113.674,ok
2021-10-27,113.622,ok
2021-10-28,113.439,ok
2021-10-29,114.135,ok
2021-11-01,114.207,ok
2021-11-02,114.285,ok
2021-11-03,114.359,ok
2021-11-04,114.356,ok
2021-11-05,114.073,ok
2021-11-08,113.826,ok
2021-11-09,113.762,ok
2021-11-10,114.148,ok
2021-11-12,114.514,ok
2021-11-15,114.588,ok
2021-11-16,115.136,ok
2021-11-17,115.026,ok
2021-11-18,115.068,ok
2021-11-19,115.219,ok
2021-11-22,115.648,ok
2021-11-23,116.012,ok
2021-11-24,116.271,ok
2021-11-26,116.51,ok
2021-11-29,116.581,ok
2021-11-30,116.207,ok
2021-12-01,115.889,ok
2021-12-02,116.018,ok
2021-12-03,116.238,ok
2021-12-06,116.154,ok
2021-12-07,115.856,ok
2021-12-08,115.442,ok
2021-12-09,115.778,ok
2021-12-10,115.573,ok
2021-12-13,115.842,ok
2021-12-14,116.24,ok
2021-12-15,116.422,ok
2021-12-16,115.715,ok
2021-12-17,115.791,ok
2021-12-20,116.009,ok
2021-12-21,116.109,ok
2021-12-22,115.749,ok
2021-12-23,115.534,ok
2021-12-27,115.468,ok
2021-12-28,115.419,ok
2021-12-29,115.368,ok
2021-12-30,115.283,ok
2022-01-03,115.41,ok
2022-01-04,115.31,ok
2022-01-05,115.137,ok
2022-01-06,115.405,ok
2022-01-07,115.045,ok
2022-01-10,115.222,ok
2022-01-11,114.833,ok
2022-01-12,114.355,ok
2022-01-13,114.177,ok
2022-01-14,114.382,ok
2022-01-18,114.737,ok
2022-01-19,114.611,ok
2022-01-20,114.464,ok
2022-01-21,114.612,ok
2022-01-24,115.203,ok
2022-01-25,115.165,ok
2022-01-26,115.092,ok
2022-01-27,115.978,ok
2022-01-28,116.039,ok
2022-01-31,115.566,ok
2022-02-01,115.368,ok
2022-02-02,115.154,ok
2022-02-03,114.906,ok
2022-02-04,115.136,ok
2022-02-07,115.01,ok
2022-02-08,115.089,ok
2022-02-09,114.823,ok
2022-02-10,114.553,ok
2022-02-11,114.841,ok
2022-02-14,115.195,ok
2022-02-15,114.93,ok
2022-02-16,114.689,ok
2022-02-17,114.675,ok
2022-02-18,114.798,ok
2022-02-22,114.7,ok
2022-02-23,114.667,ok
2022-02-24,115.942,ok
2022-02-25,115.258,ok
2022-02-28,115.222,ok
2022-03-01,115.796,ok
2022-03-02,115.762,ok
2022-03-03,115.95,ok
2022-03-04,116.65,ok
2022-03-07,117.328,ok
2022-03-08,117.618,ok
2022-03-09,116.596,ok
2022-03-10,116.74,ok
2022-03-11,117.019,ok
2022-03-14,117.151,ok
2022-03-15,117.246,ok
2022-03-16,116.807,ok
2022-03-17,116.047,ok
2022-03-18,116.138,ok
2022-03-21,115.94,ok
2022-03-22,116.082,ok
2022-03-23,116.005,ok
2022-03-24,115.96,ok
2022-03-25,115.792,ok
2022-03-28,116.191,ok
2022-03-29,115.568,ok
2022-03-30,115.082,ok
2022-03-31,115.222,ok
2022-04-01,115.481,ok
2022-04-04,115.411,ok
2022-04-05,115.73,ok
2022-04-06,115.999,ok
2022-04-07,116.351,ok
2022-04-08,116.418,ok
2022-04-11,116.54,ok
2022-04-12,116.387,ok
2022-04-13,116.28,ok
2022-04-14,116.756,ok
2022-04-15,116.702,ok
2022-04-18,116.844,ok
2022-04-19,117.132,ok
2022-04-20,116.731,ok
2022-04-21,117.143,ok
2022-04-22,118.019,ok
2022-04-25,118.627,ok
2022-04-26,118.962,ok
2022-04-27,119.471,ok
2022-04-28,120.067,ok
2022-04-29,119.493,ok
2022-05-02,119.882,ok
2022-05-03,119.704,ok
2022-05-04,119.559,ok
2022-05-05,120.007,ok
2022-05-06,119.858,ok
2022-05-09,120.497,ok
2022-05-10,120.774,ok
2022-05-11,120.392,ok
2022-05-12,121.28,ok
2022-05-13,120.844,ok
2022-05-16,120.688,ok
2022-05-17,119.887,ok
2022-05-18,120.027,ok
2022-05-19,119.428,ok
2022-05-20,119.368,ok
2022-05-23,118.717,ok
2022-05-24,118.624,ok
2022-05-25,118.96,ok
2022-05-26,118.769,ok
2022-05-27,118.283,ok
2022-05-31,118.07,ok
2022-06-01,118.695,ok
2022-06-02,118.066,ok
2022-06-03,118.215,ok
2022-06-06,118.308,ok
2022-06-07,118.441,ok
2022-06-08,118.395,ok
2022-06-09,118.923,ok
2022-06-10,119.998,ok
2022-06-13,121.152,ok
2022-06-14,121.667,ok
2022-06-15,121.64,ok
2022-06-16,120.671,ok
2022-06-17,121.237,ok
2022-06-21,120.643,ok
2022-06-22,120.52,ok
2022-06-23,120.762,ok
2022-06-24,120.485,ok
2022-06-27,120.174,ok
2022-06-28,120.62,ok
2022-06-29,120.962,ok
2022-06-30,120.965,ok
2022-07-01,121.506,ok
2022-07-05,122.62,ok
2022-07-06,123.007,ok
2022-07-07,122.726,ok
2022-07-08,122.466,ok
2022-07-11,123.297,ok
2022-07-12,123.452,ok
2022-07-13,123.283,ok
2022-07-14,124.062,ok
2022-07-15,123.477,ok
2022-07-18,122.773,ok
2022-07-19,122.482,ok
2022-07-20,122.6,ok
2022-07-21,122.903,ok
2022-07-22,122.451,ok
2022-07-25,122.459,ok
2022-07-26,122.758,ok
2022-07-27,122.817,ok
2022-07-28,122.116,ok
2022-07-29,121.768,ok
2022-08-01,121.411,ok
2022-08-02,121.949,ok
2022-08-03,122.389,ok
2022-08-04,121.833,ok
2022-08-05,122.321,ok
2022-08-08,121.878,ok
2022-08-09,121.861,ok
2022-08-10,120.754,ok
2022-08-11,120.716,ok
2022-08-12,121.018,ok
2022-08-15,121.431,ok
2022-08-16,121.681,ok
2022-08-17,122.071,ok
2022-08-18,122.363,ok
2022-08-19,123.05,ok
2022-08-22,123.605,ok
2022-08-23,123.055,ok
2022-08-24,123.109,ok
2022-08-25,123.059,ok
2022-08-26,123.066,ok
2022-08-29,123.469,ok
2022-08-30,123.685,ok
2022-08-31,123.535,ok
2022-09-01,124.401,ok
2022-09-02,123.774,ok
2022-09-06,124.767,ok
2022-09-07,124.841,ok
2022-09-08,124.578,ok
2022-09-09,123.787,ok
2022-09-12,123.333,ok
2022-09-13,124.424,ok
2022-09-14,124.451,ok
2022-09-15,124.884,ok
2022-09-16,124.879,ok
2022-09-19,125.01,ok
2022-09-20,125.125,ok
2022-09-21,125.74,ok
2022-09-22,126.167,ok
2022-09-23,127.285,ok
2022-09-26,128.454,ok
2022-09-27,128.439,ok
2022-09-28,128.088,ok
2022-09-29,127.544,ok
2022-09-30,127.515,ok
2022-10-03,127.081,ok
2022-10-04,126.182,ok
2022-10-05,126.862,ok
2022-10-06,127.249,ok
2022-10-07,127.311,ok
2022-10-11,127.664,ok
2022-10-12,128.148,ok
2022-10-13,127.729,ok
2022-10-14,128.333,ok
2022-10-17,127.645,ok
2022-10-18,127.915,ok
2022-10-19,128.397,ok
2022-10-20,128.005,ok
2022-10-21,127.674,ok
2022-10-24,128.03,ok
2022-10-25,127.377,ok
2022-10-26,126.472,ok
2022-10-27,126.703,ok
2022-10-28,127.213,ok
2022-10-31,127.622,ok
2022-11-01,127.399,ok
2022-11-02,127.311,ok
2022-11-03,128.174,ok
2022-11-04,127.147,ok
2022-11-07,126.306,ok
2022-11-08,125.633,ok
2022-11-09,125.986,ok
2022-11-10,124.704,ok
2022-11-14,123.428,ok
2022-11-15,123.039,ok
2022-11-16,123.282,ok
2022-11-17,123.977,ok
2022-11-18,123.852,ok
2022-11-21,124.701,ok
2022-11-22,124.237,ok
2022-11-23,123.757,ok
2022-11-25,123.339,ok
2022-11-28,123.603,ok
2022-11-29,123.662,ok
2022-11-30,123.517,ok
2022-12-01,122.004,ok
2022-12-02,122.01,ok
2022-12-05,122.638,ok
2022-12-06,123.019,ok
2022-12-07,122.761,ok
2022-12-08,122.415,ok
2022-12-09,122.42,ok
2022-12-12,122.771,ok
2022-12-13,121.849,ok
2022-12-14,121.823,ok
2022-12-15,122.552,ok
2022-12-16,122.65,ok
2022-12-19,122.528,ok
2022-12-20,122.136,ok
2022-12-21,122.283,ok
2022-12-22,122.242,ok
2022-12-23,121.974,ok
2022-12-27,121.754,ok
2022-12-28,122.007,ok
2022-12-29,121.658,ok
2022-12-30,121.426,ok
2023-01-03,122.091,ok
2023-01-04,121.501,ok
2023-01-05,122.102,ok
2023-01-06,121.085,ok
2023-01-09,120.151,ok
2023-01-10,120.248,ok
2023-01-11,120.161,ok
2023-01-12,119.422,ok
2023-01-13,119.167,ok
2023-01-17,119.212,ok
2023-01-18,119.076,ok
2023-01-19,119.611,ok
2023-01-20,119.349,ok
2023-01-23,119.143,ok
2023-01-24,119.096,ok
2023-01-25,118.969,ok
2023-01-26,119.021,ok
2023-01-27,118.922,ok
2023-01-30,118.895,ok
2023-01-31,118.98,ok
2023-02-01,118.626,ok
2023-02-02,118.342,ok
2023-02-03,119.51,ok
2023-02-06,120.541,ok
2023-02-07,120.347,ok
2023-02-08,120.144,ok
2023-02-09,119.978,ok
2023-02-10,120.142,ok
2023-02-13,119.983,ok
2023-02-14,119.923,ok
2023-02-15,120.456,ok
2023-02-16,120.465,ok
2023-02-17,120.553,ok
2023-02-21,120.626,ok
2023-02-22,120.839,ok
2023-02-23,121.09,ok
2023-02-24,121.568,ok
2023-02-27,121.394,ok
2023-02-28,121.334,ok
2023-03-01,120.635,ok
2023-03-02,121.13,ok
2023-03-03,120.774,ok
2023-03-06,120.485,ok
2023-03-07,121.462,ok
2023-03-08,121.451,ok
2023-03-09,121.446,ok
2023-03-10,121.242,ok
2023-03-13,120.89,ok
2023-03-14,121.014,ok
2023-03-15,122.108,ok
2023-03-16,121.722,ok
2023-03-17,121.564,ok
2023-03-20,121.014,ok
2023-03-21,120.896,ok
2023-03-22,120.622,ok
2023-03-23,119.759,ok
2023-03-24,120.46,ok
2023-03-27,120.254,ok
2023-03-28,119.714,ok
2023-03-29,119.726,ok
2023-03-30,119.408,ok
2023-03-31,119.36,ok
2023-04-03,119.32,ok
2023-04-04,119.142,ok
2023-04-05,119.295,ok
2023-04-06,119.307,ok
2023-04-07,119.355,ok
2023-04-10,119.795,ok
2023-04-11,119.525,ok
2023-04-12,119.003,ok
2023-04-13,118.391,ok
2023-04-14,118.857,ok
2023-04-17,119.279,ok
2023-04-18,119.105,ok
2023-04-19,119.303,ok
2023-04-20,119.12,ok
2023-04-21,119.312,ok
2023-04-24,119.204,ok
2023-04-25,119.613,ok
2023-04-26,119.323,ok
2023-04-27,119.43,ok
2023-04-28,119.225,ok
2023-05-01,119.444,ok
2023-05-02,119.611,ok
2023-05-03,119.123,ok
2023-05-04,119.046,ok
2023-05-05,118.555,ok
2023-05-08,118.576,ok
2023-05-09,118.824,ok
2023-05-10,118.586,ok
2023-05-11,119.03,ok
2023-05-12,119.367,ok
2023-05-15,119.161,ok
2023-05-16,119.174,ok
2023-05-17,119.607,ok
2023-05-18,120.089,ok
2023-05-19,119.775,ok
2023-05-22,120.088,ok
2023-05-23,120.32,ok
2023-05-24,120.475,ok
2023-05-25,120.841,ok
2023-05-26,120.63,ok
2023-05-30,120.555,ok
2023-05-31,120.966,ok
2023-06-01,120.049,ok
2023-06-02,120.005,ok
2023-06-05,120.005,ok
2023-06-06,119.972,ok
2023-06-07,119.859,ok
2023-06-08,119.571,ok
2023-06-09,119.432,ok
2023-06-12,119.638,ok
2023-06-13,119.19,ok
2023-06-14,118.776,ok
2023-06-15,118.552,ok
2023-06-16,118.418,ok
2023-06-20,118.938,ok
2023-06-21,118.727,ok
2023-06-22,118.755,ok
2023-06-23,119.152,ok
2023-06-26,119.076,ok
2023-06-27,118.895,ok
2023-06-28,119.338,ok
2023-06-29,119.527,ok
2023-06-30,119.361,ok
2023-07-03,119.212,ok
2023-07-05,119.348,ok
2023-07-06,119.819,ok
2023-07-07,119.076,ok
2023-07-10,118.955,ok
2023-07-11,118.734,ok
2023-07-12,117.638,ok
2023-07-13,117.183,ok
2023-07-14,117.046,ok
2023-07-17,117.127,ok
2023-07-18,117.026,ok
2023-07-19,117.346,ok
2023-07-20,117.595,ok
2023-07-21,117.942,ok
2023-07-24,117.812,ok
2023-07-25,117.856,ok
2023-07-26,117.76,ok
2023-07-27,117.894,ok
2023-07-28,117.788,ok
2023-07-31,117.824,ok
2023-08-01,118.574,ok
2023-08-02,119.127,ok
2023-08-03,119.396,ok
2023-08-04,118.821,ok
2023-08-07,119.081,ok
2023-08-08,119.641,ok
2023-08-09,119.476,ok
2023-08-10,119.158,ok
2023-08-11,119.627,ok
2023-08-14,120.073,ok
2023-08-15,120.213,ok
2023-08-16,120.355,ok
2023-08-17,120.524,ok
2023-08-18,120.432,ok
2023-08-21,120.463,ok
2023-08-22,120.355,ok
2023-08-23,120.031,ok
2023-08-24,120.235,ok
2023-08-25,120.514,ok
2023-08-28,120.316,ok
2023-08-29,120.267,ok
2023-08-30,119.794,ok
2023-08-31,120.225,ok
2023-09-01,120.759,ok
2023-09-05,121.434,ok
2023-09-06,121.867,ok
2023-09-07,121.953,ok
2023-09-08,121.948,ok
2023-09-11,121.339,ok
2023-09-12,121.291,ok
2023-09-13,121.055,ok
2023-09-14,121.24,ok
2023-09-15,121.199,ok
2023-09-18,121.194,ok
2023-09-19,121.165,ok
2023-09-20,120.965,ok
2023-09-21,121.553,ok
2023-09-22,121.531,ok
2023-09-25,122.114,ok
2023-09-26,122.474,ok
2023-09-27,122.99,ok
2023-09-28,122.534,ok
2023-09-29,122.308,ok
2023-10-02,123.055,ok
2023-10-03,123.785,ok
2023-10-04,123.595,ok
2023-10-05,123.899,ok
2023-10-06,123.356,ok
2023-10-10,122.928,ok
2023-10-11,122.77,ok
2023-10-12,123.21,ok
2023-10-13,123.595,ok
2023-10-16,123.319,ok
2023-10-17,123.12,ok
2023-10-18,123.815,ok
2023-10-19,123.798,ok
2023-10-20,123.612,ok
2023-10-23,123.285,ok
2023-10-24,123.642,ok
2023-10-25,123.787,ok
2023-10-26,124.006,ok
2023-10-27,123.62,ok
2023-10-30,123.408,ok
2023-10-31,123.836,ok
2023-11-01,123.792,ok
2023-11-02,122.882,ok
2023-11-03,121.756,ok
2023-11-06,121.648,ok
2023-11-07,122.078,ok
2023-11-08,122.093,ok
2023-11-09,122.128,ok
2023-11-13,122.426,ok
2023-11-14,121.35,ok
2023-11-15,121.075,ok
2023-11-16,121.175,ok
2023-11-17,120.848,ok
2023-11-20,120.253,ok
2023-11-21,120.224,ok
2023-11-22,120.68,ok
2023-11-24,120.21,ok
2023-11-27,120.173,ok
2023-11-28,119.59,ok
2023-11-29,119.816,ok
2023-11-30,120.243,ok
2023-12-01,119.942,ok
2023-12-04,120.473,ok
2023-12-05,120.791,ok
2023-12-06,120.533,ok
2023-12-07,120.601,ok
2023-12-08,120.761,ok
2023-12-11,120.928,ok
2023-12-12,120.682,ok
2023-12-13,121.157,ok
2023-12-14,119.568,ok
2023-12-15,119.738,ok
2023-12-18,119.91,ok
2023-12-19,119.463,ok
2023-12-20,119.543,ok
2023-12-21,119.317,ok
2023-12-22,119.062,ok
2023-12-26,118.888,ok
2023-12-27,118.473,ok
2023-12-28,118.41,ok
2023-12-29,118.421,ok
2024-01-02,119.269,ok
2024-01-03,119.696,ok
2024-01-04,119.621,ok
2024-01-05,119.388,ok
2024-01-08,119.251,ok
2024-01-09,119.667,ok
2024-01-10,119.761,ok
2024-01-11,119.892,ok
2024-01-12,119.534,ok
2024-01-16,120.576,ok
2024-01-17,121.04,ok
2024-01-18,120.889,ok
2024-01-19,120.644,ok
2024-01-22,120.618,ok
2024-01-23,121.1,ok
2024-01-24,120.492,ok
2024-01-25,120.831,ok
2024-01-26,120.617,ok
2024-01-29,120.854,ok
2024-01-30,120.603,ok
2024-01-31,120.433,ok
2024-02-01,120.334,ok
2024-02-02,120.902,ok
2024-02-05,121.349,ok
2024-02-06,120.959,ok
2024-02-07,120.905,ok
2024-02-08,121.08,ok
2024-02-09,121.039,ok
2024-02-12,120.938,ok
2024-02-13,121.52,ok
2024-02-14,121.4,ok
2024-02-15,121.212,ok
2024-02-16,121.15,ok
2024-02-20,121.02,ok
2024-02-21,121.038,ok
2024-02-22,121.102,ok
2024-02-23,121.037,ok
2024-02-26,121.059,ok
2024-02-27,120.965,ok
2024-02-28,121.128,ok
2024-02-29,121.182,ok
2024-03-01,121.011,ok
2024-03-04,120.872,ok
2024-03-05,120.885,ok
2024-03-06,120.465,ok
2024-03-07,120.191,ok
2024-03-08,119.975,ok
2024-03-11,120.039,ok
2024-03-12,120.167,ok
2024-03-13,119.964,ok
2024-03-14,120.241,ok
2024-03-15,120.4,ok
2024-03-18,120.575,ok
2024-03-19,120.933,ok
2024-03-20,120.929,ok
2024-03-21,120.809,ok
2024-03-22,121.184,ok
2024-03-25,121.029,ok
2024-03-26,121.074,ok
2024-03-27,121.009,ok
2024-03-28,121.064,ok
2024-03-29,121.019,ok
2024-04-01,121.515,ok
2024-04-02,121.303,ok
2024-04-03,121.02,ok
2024-04-04,120.761,ok
2024-04-05,120.965,ok
2024-04-08,120.736,ok
2024-04-09,120.705,ok
2024-04-10,121.573,ok
2024-04-11,121.608,ok
2024-04-12,122.288,ok
2024-04-15,122.425,ok
2024-04-16,123.123,ok
2024-04-17,123.021,ok
2024-04-18,123.002,ok
2024-04-19,123.108,ok
2024-04-22,123.061,ok
2024-04-23,122.723,ok
2024-04-24,122.89,ok
2024-04-25,122.838,ok
2024-04-26,122.947,ok
2024-04-29,122.545,ok
2024-04-30,122.985,ok
2024-05-01,123.017,ok
2024-05-02,122.438,ok
2024-05-03,122.138,ok
2024-05-06,121.891,ok
2024-05-07,122.093,ok
2024-05-08,122.193,ok
2024-05-09,122.163,ok
2024-05-10,122.014,ok
2024-05-13,122.026,ok
2024-05-14,121.926,ok
2024-05-15,121.354,ok
2024-05-16,121.224,ok
2024-05-17,121.235,ok
2024-05-20,121.229,ok
2024-05-21,121.379,ok
2024-05-22,121.546,ok
2024-05-23,121.748,ok
2024-05-24,121.617,ok
2024-05-28,121.43,ok
2024-05-29,122.164,ok
2024-05-30,121.96,ok
2024-05-31,122.098,ok
2024-06-03,122.351,ok
2024-06-04,122.726,ok
2024-06-05,122.534,ok
2024-06-06,122.371,ok
2024-06-07,123.549,ok
2024-06-10,123.912,ok
2024-06-11,124.035,ok
2024-06-12,123.829,ok
2024-06-13,124.023,ok
2024-06-14,124.169,ok
2024-06-17,124.239,ok
2024-06-18,123.978,ok
2024-06-20,124.192,ok
2024-06-21,124.109,ok
2024-06-24,123.713,ok
2024-06-25,123.942,ok
2024-06-26,124.26,ok
2024-06-27,124.338,ok
2024-06-28,124.21,ok
2024-07-01,124.467,ok
2024-07-02,124.292,ok
2024-07-03,123.777,ok
2024-07-05,123.476,ok
2024-07-08,123.358,ok
2024-07-09,123.407,ok
2024-07-10,123.189,ok
2024-07-11,122.769,ok
2024-07-12,122.44,ok
2024-07-15,122.635,ok
2024-07-16,122.726,ok
2024-07-17,122.518,ok
2024-07-18,122.791,ok
2024-07-19,123.147,ok
2024-07-22,123.217,ok
2024-07-23,123.384,ok
2024-07-24,123.558,ok
2024-07-25,123.529,ok
2024-07-26,123.672,ok
2024-07-29,124.139,ok
2024-07-30,124.285,ok
2024-07-31,123.637,ok
2024-08-01,123.869,ok
2024-08-02,123.468,ok
2024-08-05,123.579,ok
2024-08-06,123.653,ok
2024-08-07,123.57,ok
2024-08-08,123.447,ok
2024-08-09,122.928,ok
2024-08-12,123.22,ok
2024-08-13,123.015,ok
2024-08-14,122.43,ok
2024-08-15,122.584,ok
2024-08-16,122.397,ok
2024-08-19,121.879,ok
2024-08-20,121.773,ok
2024-08-21,121.853,ok
2024-08-22,122.363,ok
2024-08-23,121.46,ok
2024-08-26,121.694,ok
2024-08-27,121.867,ok
2024-08-28,121.894,ok
2024-08-29,122.233,ok
2024-08-30,122.326,ok
2024-09-03,122.781,ok
2024-09-04,122.514,ok
2024-09-05,122.453,ok
2024-09-06,122.499,ok
2024-09-09,122.716,ok
2024-09-10,123.007,ok
2024-09-11,122.775,ok
2024-09-12,122.442,ok
2024-09-13,121.655,ok
2024-09-16,121.498,ok
2024-09-17,121.603,ok
2024-09-18,121.562,ok
2024-09-19,121.306,ok
2024-09-20,121.405,ok
2024-09-23,121.43,ok
2024-09-24,121.129,ok
2024-09-25,121.445,ok
2024-09-26,121.079,ok
2024-09-27,121.111,ok
2024-09-30,121.286,ok
2024-10-01,121.688,ok
2024-10-02,121.572,ok
2024-10-03,122.12,ok
2024-10-04,122.22,ok
2024-10-07,122.424,ok
2024-10-08,122.662,ok
2024-10-09,122.882,ok
2024-10-10,123.095,ok
2024-10-11,122.981,ok
2024-10-15,123.512,ok
2024-10-16,123.924,ok
2024-10-17,124.112,ok
2024-10-18,123.918,ok
2024-10-21,124.476,ok
2024-10-22,124.411,ok
2024-10-23,124.693,ok
2024-10-24,124.513,ok
2024-10-25,124.611,ok
2024-10-28,124.808,ok
2024-10-29,124.861,ok
2024-10-30,124.815,ok
2024-10-31,124.799,ok
2024-11-01,124.808,ok
2024-11-04,124.59,ok
2024-11-05,124.553,ok
2024-11-06,125.704,ok
2024-11-07,124.775,ok
2024-11-08,125.581,ok
2024-11-12,126.776,ok
2024-11-13,126.957,ok
2024-11-14,127.001,ok
2024-11-15,126.885,ok
2024-11-18,126.605,ok
2024-11-19,126.399,ok
2024-11-20,126.88,ok
2024-11-21,127.105,ok
2024-11-22,127.471,ok
2024-11-25,126.995,ok
2024-11-26,127.43,ok
2024-11-27,126.82,ok
2024-11-29,126.58,ok
2024-12-02,127.127,ok
2024-12-03,126.957,ok
2024-12-04,126.757,ok
2024-12-05,126.429,ok
2024-12-06,126.688,ok
2024-12-09,126.598,ok
2024-12-10,126.957,ok
2024-12-11,126.848,ok
2024-12-12,126.956,ok
2024-12-13,127.31,ok
2024-12-16,127.269,ok
2024-12-17,127.504,ok
2024-12-18,127.642,ok
2024-12-19,128.637,ok
2024-12-20,127.893,ok
2024-12-23,128.302,ok
2024-12-24,128.338,ok
2024-12-26,128.333,ok
2024-12-27,128.45,ok
2024-12-30,128.821,ok
2024-12-31,129.278,ok
2025-01-02,129.46,ok
2025-01-03,129.453,ok
2025-01-06,128.538,ok
2025-01-07,128.613,ok
2025-01-08,129.078,ok
2025-01-09,129.283,ok
2025-01-10,129.866,ok
2025-01-13,130.041,ok
2025-01-14,129.381,ok
2025-01-15,129.209,ok
2025-01-16,129.436,ok
2025-01-17,129.486,ok
2025-01-21,128.415,ok
2025-01-22,128.34,ok
2025-01-23,128.216,ok
2025-01-24,127.461,ok
2025-01-27,128.091,ok
2025-01-28,128.282,ok
2025-01-29,128.342,ok
2025-01-30,128.1,ok
2025-01-31,128.483,ok
2025-02-03,129.109,ok
2025-02-04,128.108,ok
2025-02-05,127.975,ok
2025-02-06,128.202,ok
2025-02-07,128.429,ok
2025-02-10,128.638,ok
2025-02-11,128.432,ok
2025-02-12,128.329,ok
2025-02-13,127.893,ok
2025-02-14,127.149,ok
2025-02-18,127.291,ok
2025-02-19,127.732,ok
2025-02-20,127.113,ok
2025-02-21,127.141,ok
2025-02-24,127.192,ok
2025-02-25,127.375,ok
2025-02-26,127.282,ok
2025-02-27,127.97,ok
2025-02-28,128.28,ok
2025-03-03,127.75,ok
2025-03-04,127.997,ok
2025-03-05,126.504,ok
2025-03-06,126.11,ok
2025-03-07,125.981,ok
2025-03-10,126.268,ok
2025-03-11,126.046,ok
2025-03-12,125.866,ok
2025-03-13,126.003,ok
2025-03-14,125.694,ok
2025-03-17,125.369,ok
2025-03-18,125.488,ok
2025-03-19,125.801,ok
2025-03-20,125.985,ok
2025-03-21,126.268,ok
2025-03-24,126.196,ok
2025-03-25,126.053,ok
2025-03-26,126.236,ok
2025-03-27,126.363,ok
2025-03-28,126.419,ok
2025-03-31,126.707,ok
2025-04-01,126.434,ok
2025-04-02,126.381,ok
2025-04-03,124.732,ok
2025-04-04,125.813,ok
2025-04-07,126.828,ok
2025-04-08,126.867,ok
2025-04-09,126.628,ok
2025-04-10,125.089,ok
2025-04-11,124.016,ok
2025-04-14,123.66,ok
2025-04-15,123.776,ok
2025-04-16,123.272,ok
2025-04-17,123.13,ok
2025-04-18,122.987,ok
2025-04-21,122.314,ok
2025-04-22,122.418,ok
2025-04-23,123.025,ok
2025-04-24,122.925,ok
2025-04-25,122.886,ok
2025-04-28,122.718,ok
2025-04-29,122.594,ok
2025-04-30,122.592,ok
2025-05-01,123.141,ok
2025-05-02,122.496,ok
2025-05-05,122.261,ok
2025-05-06,122.042,ok
2025-05-07,122.117,ok
2025-05-08,122.757,ok
2025-05-09,122.519,ok
2025-05-12,123.486,ok
2025-05-13,122.958,ok
2025-05-14,122.675,ok
2025-05-15,122.817,ok
2025-05-16,123.074,ok
2025-05-19,122.419,ok
2025-05-20,122.32,ok
2025-05-21,121.75,ok
2025-05-22,122.043,ok
2025-05-23,121.384,ok
2025-05-27,121.61,ok
2025-05-28,121.989,ok
2025-05-29,121.562,ok
2025-05-30,121.767,ok
2025-06-02,121.188,ok
2025-06-03,121.459,ok
2025-06-04,121.054,ok
2025-06-05,120.96,ok
2025-06-06,121.161,ok
2025-06-09,120.91,ok
2025-06-10,121.049,ok
2025-06-11,120.587,ok
2025-06-12,120.172,ok
2025-06-13,120.325,ok
2025-06-16,120.156,ok
2025-06-17,120.505,ok
2025-06-18,120.731,ok
2025-06-20,121.041,ok
2025-06-23,121.169,ok
2025-06-24,120.365,ok
2025-06-25,120.334,ok
2025-06-26,119.645,ok
2025-06-27,119.659,ok
2025-06-30,119.409,ok
2025-07-01,119.344,ok
2025-07-02,119.304,ok
2025-07-03,119.238,ok
2025-07-07,119.62,ok
2025-07-08,119.837,ok
2025-07-09,119.731,ok
2025-07-10,119.834,ok
2025-07-11,119.921,ok
2025-07-14,120.221,ok
2025-07-15,120.51,ok
2025-07-16,120.418,ok
2025-07-17,120.638,ok
2025-07-18,120.356,ok
2025-07-21,119.996,ok
2025-07-22,119.681,ok
2025-07-23,119.57,ok
2025-07-24,119.566,ok
2025-07-25,119.986,ok
2025-07-28,120.615,ok
2025-07-29,120.967,ok
2025-07-30,121.404,ok
2025-07-31,121.721,ok
2025-08-01,121.212,ok
2025-08-04,120.986,ok
2025-08-05,120.908,ok
2025-08-06,120.508,ok
2025-08-07,120.504,ok
2025-08-08,120.333,ok
2025-08-11,120.689,ok
2025-08-12,120.274,ok
2025-08-13,120.13,ok
2025-08-14,120.645,ok
2025-08-15,120.338,ok
2025-08-18,120.562,ok
2025-08-19,120.722,ok
2025-08-20,120.776,ok
2025-08-21,121.084,ok
2025-08-22,120.277,ok
2025-08-25,120.421,ok
2025-08-26,120.527,ok
2025-08-27,120.727,ok
2025-08-28,120.26,ok
2025-08-29,120.208,ok
2025-09-02,120.684,ok
2025-09-03,120.505,ok
2025-09-04,120.763,ok
2025-09-05,120.128,ok
2025-09-08,120.097,ok
2025-09-09,120.157,ok
2025-09-10,120.122,ok
2025-09-11,119.953,ok
2025-09-12,120.061,ok
2025-09-15,119.564,ok
2025-09-16,119.135,ok
2025-09-17,119.158,ok
2025-09-18,119.662,ok
2025-09-19,119.786,ok
2025-09-22,119.815,ok
2025-09-23,119.62,ok
2025-09-24,120.171,ok
2025-09-25,120.542,ok
2025-09-26,120.435,ok
2025-09-29,120.115,ok
2025-09-30,120.137,ok
2025-10-01,120.15,ok
2025-10-02,120.43,ok
2025-10-03,120.088,ok
2025-10-06,120.272,ok
2025-10-07,120.488,ok
2025-10-08,120.777,ok
2025-10-09,121.09,ok
2025-10-10,121.116,ok
2025-10-14,121.182,ok
2025-10-15,120.864,ok
2025-10-16,120.67,ok
2025-10-17,120.703,ok
2025-10-20,120.621,ok
2025-10-21,120.889,ok
2025-10-22,120.896,ok
2025-10-23,120.953,ok
2025-10-24,120.934,ok
2025-10-27,120.799,ok
2025-10-28,120.636,ok
2025-10-29,120.531,ok
2025-10-30,121.283,ok
2025-10-31,121.386,ok
2025-11-03,121.451,ok
2025-11-04,121.827,ok
2025-11-05,121.848,ok
2025-11-06,121.695,ok
2025-11-07,121.388,ok
2025-11-10,121.298,ok
2025-11-12,121.046,ok
2025-11-13,120.772,ok
2025-11-14,120.967,ok
2025-11-17,121.115,ok
2025-11-18,121.213,ok
2025-11-19,121.498,ok
2025-11-20,121.689,ok
2025-11-21,121.865,ok
2025-11-24,121.917,ok
2025-11-25,121.633,ok
2025-11-26,121.244,ok
2025-11-28,121.053,ok
2025-12-01,120.986,ok
2025-12-02,121.147,ok
2025-12-03,120.734,ok
2025-12-04,120.677,ok
2025-12-05,120.686,ok
2025-12-08,120.776,ok
2025-12-09,120.683,ok
2025-12-10,120.675,ok
2025-12-11,119.98,ok
2025-12-12,120.144,ok
2025-12-15,119.956,ok
2025-12-16,119.89,ok
2025-12-17,120.155,ok
2025-12-18,120.053,ok
2025-12-19,120.165,ok
2025-12-22,119.991,ok
2025-12-23,119.706,ok
2025-12-24,119.437,ok
2025-12-26,119.472,ok
2025-12-29,119.59,ok
2025-12-30,119.494,ok
2025-12-31,119.746,ok
2026-01-02,119.606,ok
2026-01-05,119.619,ok
2026-01-06,119.781,ok
2026-01-07,119.872,ok
2026-01-08,120.09,ok
2026-01-09,120.222,ok
2026-01-12,119.996,ok
2026-01-13,120.14,ok
2026-01-14,119.954,ok
2026-01-15,119.995,ok
2026-01-16,120.084,ok
2026-01-20,119.445,ok
2026-01-21,119.343,ok
2026-01-22,119.196,ok
2026-01-23,118.898,ok
2026-01-26,118.052,ok
2026-01-27,117.452,ok
2026-01-28,117.512,ok
2026-01-29,117.44,ok
2026-01-30,117.9,ok
2026-02-02,118.361,ok
2026-02-03,117.976,ok
2026-02-04,118.26,ok
2026-02-05,118.503,ok
2026-02-06,118.241,ok
2026-02-09,117.639,ok
2026-02-10,117.522,ok
2026-02-11,117.46,ok
2026-02-12,117.538,ok
2026-02-13,117.526,ok
2026-02-17,117.737,ok
2026-02-18,117.843,ok
2026-02-19,118.235,ok
2026-02-20,117.992,ok
2026-02-23,117.939,ok
2026-02-24,117.946,ok
2026-02-25,117.769,ok
2026-02-26,117.904,ok
2026-02-27,117.822,ok
2026-03-02,118.667,ok
2026-03-03,119.434,ok
2026-03-04,119.07,ok
2026-03-05,119.568,ok
2026-03-06,119.491,ok
2026-03-09,119.515,ok
2026-03-10,118.725,ok
2026-03-11,119.288,ok
2026-03-12,119.823,ok
2026-03-13,120.552,ok
2026-03-16,120.097,ok
2026-03-17,119.833,ok
2026-03-18,119.928,ok
2026-03-19,120.18,ok
2026-03-20,120.276,ok
2026-03-23,119.937,ok
2026-03-24,120.129,ok
2026-03-25,120.128,ok
2026-03-26,120.389,ok
2026-03-27,120.885,ok
2026-03-30,121.285,ok
2026-03-31,121.035,ok
2026-04-01,120.12,ok
2026-04-02,120.503,ok
2026-04-03,120.656,ok
2026-04-06,120.43,ok
2026-04-07,120.32,ok
2026-04-08,119.06,ok
2026-04-09,118.9,ok
2026-04-10,118.855,ok
2026-04-13,118.992,ok
2026-04-14,118.358,ok
2026-04-15,118.362,ok
2026-04-16,118.362,ok
2026-04-17,118.079,ok
2026-04-20,118.237,ok
2026-04-21,118.433,ok
2026-04-22,118.6,ok
2026-04-23,118.716,ok
2026-04-24,118.729,ok
2026-04-27,118.546,ok
2026-04-28,118.772,ok
2026-04-29,119.097,ok
2026-04-30,118.671,ok
2026-05-01,118.393,ok
2026-05-04,118.826,ok
2026-05-05,118.621,ok
2026-05-06,118.098,ok
2026-05-07,118.012,ok
2026-05-08,118.039,ok
2026-05-11,118.056,ok
2026-05-12,118.524,ok
2026-05-13,118.474,ok
2026-05-14,118.67,ok
2026-05-15,119.282,ok
2026-05-18,119.057,ok
2026-05-19,119.451,ok
2026-05-20,119.162,ok
2026-05-21,119.369,ok
2026-05-22,119.287,ok
2026-05-26,119.17,ok
2026-05-27,119.183,ok
2026-05-28,119.032,ok
2026-05-29,118.878,ok
2026-06-01,119.165,ok
2026-06-02,119.036,ok
2026-06-03,119.385,ok
2026-06-04,119.362,ok
2026-06-05,120.083,ok
2026-06-08,120.034,ok
2026-06-09,119.962,ok
2026-06-10,119.913,ok
2026-06-11,120.117,ok
2026-06-12,119.507,ok
2026-06-15,119.316,ok
2026-06-16,119.256,ok
2026-06-17,119.387,ok
2026-06-18,120.396,ok
2026-06-22,120.546,ok
2026-06-23,121.055,ok
2026-06-24,121.412,ok
2026-06-25,121.056,ok
2026-06-26,120.887,ok
2026-06-29,120.953,ok
2026-06-30,120.925,ok
2026-07-01,121.145,ok
2026-07-02,120.69,ok
2026-07-06,120.835,ok
2026-07-07,120.814,ok
2026-07-08,121.131,ok
2026-07-09,120.753,ok
2026-07-10,120.505,ok
2026-07-13,120.741,ok
2026-07-14,120.473,ok
2026-07-15,120.309,ok
2026-07-16,120.331,ok
2026-07-17,120.531,ok
2026-07-20,120.54,ok
2026-07-21,120.578,ok
2026-07-22,120.574,ok
2026-07-23,120.907,ok
2026-07-24,120.71,ok
