as_of,value,status
1990-01-02,5.21,ok
1990-01-03,5.16,ok
1990-01-04,5.196,ok
1990-01-05,5.28,ok
1990-01-08,5.28,ok
1990-01-09,5.248,ok
1990-01-10,5.265,ok
1990-01-11,5.313,ok
1990-01-12,5.333,ok
1990-01-15,5.332,ok
1990-01-16,5.222,ok
1990-01-17,5.226,ok
1990-01-18,5.27,ok
1990-01-19,5.205,ok
1990-01-22,5.201,ok
1990-01-23,5.26,ok
1990-01-24,5.282,ok
1990-01-25,5.228,ok
1990-01-26,5.276,ok
1990-01-29,5.256,ok
1990-01-30,5.2,ok
1990-01-31,5.205,ok
1990-02-01,5.213,ok
1990-02-02,5.315,ok
1990-02-05,5.326,ok
1990-02-06,5.318,ok
1990-02-07,5.303,ok
1990-02-08,5.325,ok
1990-02-09,5.316,ok
1990-02-12,5.3,ok
1990-02-13,5.333,ok
1990-02-14,5.286,ok
1990-02-15,5.34,ok
1990-02-16,5.325,ok
1990-02-19,5.33,ok
1990-02-20,5.356,ok
1990-02-21,5.338,ok
1990-02-22,5.285,ok
1990-02-23,5.252,ok
1990-02-26,5.237,ok
1990-02-27,5.173,ok
1990-02-28,5.12,ok
1990-03-01,5.14,ok
1990-03-02,5.14,ok
1990-03-05,5.122,ok
1990-03-06,5.133,ok
1990-03-07,5.143,ok
1990-03-08,5.14,ok
1990-03-09,5.109,ok
1990-03-12,5.125,ok
1990-03-13,5.056,ok
1990-03-14,5.085,ok
1990-03-15,5.093,ok
1990-03-16,5.113,ok
1990-03-19,5.125,ok
1990-03-20,5.119,ok
1990-03-21,5.049,ok
1990-03-22,5.064,ok
1990-03-23,5.092,ok
1990-03-26,4.96,ok
1990-03-27,4.955,ok
1990-03-28,5.001,ok
1990-03-29,4.966,ok
1990-03-30,4.966,ok
1990-04-02,4.938,ok
1990-04-03,5.001,ok
1990-04-04,5.01,ok
1990-04-05,5.148,ok
1990-04-06,5.179,ok
1990-04-09,5.144,ok
1990-04-10,5.115,ok
1990-04-11,5.085,ok
1990-04-12,5.128,ok
1990-04-17,5.055,ok
1990-04-18,5.093,ok
1990-04-19,5.091,ok
1990-04-20,5.078,ok
1990-04-23,5.08,ok
1990-04-24,5.1,ok
1990-04-25,5.023,ok
1990-04-26,4.96,ok
1990-04-27,4.96,ok
1990-04-30,4.936,ok
1990-05-01,4.953,ok
1990-05-02,4.996,ok
1990-05-03,5.01,ok
1990-05-04,5.06,ok
1990-05-08,5.033,ok
1990-05-09,4.998,ok
1990-05-10,5.033,ok
1990-05-11,5.049,ok
1990-05-14,5.052,ok
1990-05-15,5.032,ok
1990-05-16,5.02,ok
1990-05-17,5.028,ok
1990-05-18,5.04,ok
1990-05-21,5.134,ok
1990-05-22,5.125,ok
1990-05-23,5.095,ok
1990-05-24,5.219,ok
1990-05-25,5.225,ok
1990-05-29,5.236,ok
1990-05-30,5.13,ok
1990-05-31,5.07,ok
1990-06-01,5.074,ok
1990-06-04,5.05,ok
1990-06-05,5.05,ok
1990-06-06,5.091,ok
1990-06-07,4.986,ok
1990-06-08,5.013,ok
1990-06-11,4.995,ok
1990-06-12,5.01,ok
1990-06-13,4.99,ok
1990-06-14,4.91,ok
1990-06-15,4.838,ok
1990-06-18,4.835,ok
1990-06-19,4.839,ok
1990-06-20,4.823,ok
1990-06-21,4.838,ok
1990-06-22,4.822,ok
1990-06-25,4.843,ok
1990-06-26,4.804,ok
1990-06-27,4.811,ok
1990-06-28,4.825,ok
1990-06-29,4.84,ok
1990-07-02,4.908,ok
1990-07-03,4.958,ok
1990-07-04,4.935,ok
1990-07-05,4.899,ok
1990-07-06,4.88,ok
1990-07-09,4.88,ok
1990-07-10,4.8,ok
1990-07-11,4.813,ok
1990-07-12,4.826,ok
1990-07-13,4.896,ok
1990-07-16,4.916,ok
1990-07-17,4.85,ok
1990-07-18,4.827,ok
1990-07-19,4.881,ok
1990-07-20,4.865,ok
1990-07-23,4.882,ok
1990-07-24,4.9,ok
1990-07-25,4.874,ok
1990-07-26,4.853,ok
1990-07-27,4.837,ok
1990-07-30,4.83,ok
1990-07-31,4.855,ok
1990-08-01,4.813,ok
1990-08-02,4.933,ok
1990-08-03,4.826,ok
1990-08-06,4.875,ok
1990-08-07,4.931,ok
1990-08-08,4.872,ok
1990-08-09,4.883,ok
1990-08-10,4.94,ok
1990-08-13,5.085,ok
1990-08-14,5.202,ok
1990-08-15,5.133,ok
1990-08-16,5.065,ok
1990-08-17,5.21,ok
1990-08-20,5.201,ok
1990-08-21,5.16,ok
1990-08-22,5.117,ok
1990-08-23,5.216,ok
1990-08-24,5.134,ok
1990-08-28,4.92,ok
1990-08-29,4.86,ok
1990-08-30,4.838,ok
1990-08-31,4.83,ok
1990-09-03,4.85,ok
1990-09-04,4.817,ok
1990-09-05,4.758,ok
1990-09-06,4.8,ok
1990-09-07,4.783,ok
1990-09-10,4.77,ok
1990-09-11,4.75,ok
1990-09-12,4.795,ok
1990-09-13,4.818,ok
1990-09-14,4.806,ok
1990-09-17,4.787,ok
1990-09-18,4.785,ok
1990-09-19,4.8,ok
1990-09-20,4.795,ok
1990-09-21,4.81,ok
1990-09-24,4.829,ok
1990-09-25,4.928,ok
1990-09-26,4.825,ok
1990-09-27,4.778,ok
1990-09-28,4.795,ok
1990-10-01,4.786,ok
1990-10-02,4.69,ok
1990-10-03,4.692,ok
1990-10-04,4.71,ok
1990-10-05,4.715,ok
1990-10-08,4.668,ok
1990-10-09,4.693,ok
1990-10-10,4.628,ok
1990-10-11,4.385,ok
1990-10-12,4.248,ok
1990-10-15,4.259,ok
1990-10-16,4.203,ok
1990-10-17,4.219,ok
1990-10-18,4.248,ok
1990-10-19,4.243,ok
1990-10-22,4.231,ok
1990-10-23,4.23,ok
1990-10-24,4.227,ok
1990-10-25,4.23,ok
1990-10-26,4.22,ok
1990-10-29,4.07,ok
1990-10-30,4.137,ok
1990-10-31,4.223,ok
1990-11-01,4.181,ok
1990-11-02,4.23,ok
1990-11-05,4.175,ok
1990-11-06,4.223,ok
1990-11-07,4.227,ok
1990-11-08,4.263,ok
1990-11-09,4.244,ok
1990-11-12,4.212,ok
1990-11-13,4.21,ok
1990-11-14,4.2,ok
1990-11-15,4.175,ok
1990-11-16,4.14,ok
1990-11-19,4.13,ok
1990-11-20,4.144,ok
1990-11-21,4.11,ok
1990-11-22,4.153,ok
1990-11-23,4.145,ok
1990-11-26,4.19,ok
1990-11-27,4.123,ok
1990-11-28,4.114,ok
1990-11-29,4.131,ok
1990-11-30,4.087,ok
1990-12-03,4.129,ok
1990-12-04,4.164,ok
1990-12-05,4.152,ok
1990-12-06,4.121,ok
1990-12-07,4.148,ok
1990-12-10,4.098,ok
1990-12-11,4.083,ok
1990-12-12,4.064,ok
1990-12-13,4.013,ok
1990-12-14,3.964,ok
1990-12-17,3.95,ok
1990-12-18,3.965,ok
1990-12-19,3.971,ok
1990-12-20,4.104,ok
1990-12-21,4.149,ok
1990-12-24,4.042,ok
1990-12-27,4.098,ok
1990-12-28,4.095,ok
1990-12-31,4.193,ok
1991-01-02,4.164,ok
1991-01-03,4.097,ok
1991-01-04,4.21,ok
1991-01-07,4.203,ok
1991-01-08,4.25,ok
1991-01-09,4.085,ok
1991-01-10,4.139,ok
1991-01-11,4.151,ok
1991-01-14,4.195,ok
1991-01-15,4.205,ok
1991-01-16,4.224,ok
1991-01-17,4.098,ok
1991-01-18,4.041,ok
1991-01-21,4.038,ok
1991-01-22,4.029,ok
1991-01-23,3.978,ok
1991-01-24,3.873,ok
1991-01-25,3.835,ok
1991-01-28,3.806,ok
1991-01-29,3.858,ok
1991-01-30,3.809,ok
1991-01-31,3.826,ok
1991-02-01,3.879,ok
1991-02-04,3.863,ok
1991-02-05,3.822,ok
1991-02-06,3.81,ok
1991-02-07,3.8,ok
1991-02-08,3.833,ok
1991-02-11,3.816,ok
1991-02-12,3.66,ok
1991-02-13,3.72,ok
1991-02-14,3.769,ok
1991-02-15,3.819,ok
1991-02-18,3.776,ok
1991-02-19,3.74,ok
1991-02-20,3.699,ok
1991-02-21,3.663,ok
1991-02-22,3.62,ok
1991-02-25,3.548,ok
1991-02-26,3.627,ok
1991-02-27,3.614,ok
1991-02-28,3.679,ok
1991-03-01,3.755,ok
1991-03-04,3.755,ok
1991-03-05,3.82,ok
1991-03-06,3.831,ok
1991-03-07,3.908,ok
1991-03-08,4.001,ok
1991-03-11,4.17,ok
1991-03-12,3.979,ok
1991-03-13,4.059,ok
1991-03-14,4.03,ok
1991-03-15,4.033,ok
1991-03-18,4.053,ok
1991-03-19,3.944,ok
1991-03-20,4.038,ok
1991-03-21,3.976,ok
1991-03-22,4.008,ok
1991-03-25,3.953,ok
1991-03-26,3.918,ok
1991-03-27,3.899,ok
1991-03-28,3.836,ok
1991-04-02,3.935,ok
1991-04-03,4.065,ok
1991-04-04,4.058,ok
1991-04-05,4.038,ok
1991-04-08,3.96,ok
1991-04-09,4,ok
1991-04-10,4.024,ok
1991-04-11,3.987,ok
1991-04-12,4.018,ok
1991-04-15,3.978,ok
1991-04-16,4.024,ok
1991-04-17,4.07,ok
1991-04-18,4.121,ok
1991-04-19,3.953,ok
1991-04-22,3.92,ok
1991-04-23,3.945,ok
1991-04-24,3.938,ok
1991-04-25,3.874,ok
1991-04-26,3.9,ok
1991-04-29,3.888,ok
1991-04-30,3.934,ok
1991-05-01,3.973,ok
1991-05-02,3.934,ok
1991-05-03,4.018,ok
1991-05-07,4.025,ok
1991-05-08,4.025,ok
1991-05-09,4.063,ok
1991-05-10,4.033,ok
1991-05-13,4.036,ok
1991-05-14,4.003,ok
1991-05-15,4.117,ok
1991-05-16,4.1,ok
1991-05-17,4.017,ok
1991-05-20,4.005,ok
1991-05-21,4.04,ok
1991-05-22,4.09,ok
1991-05-23,4.038,ok
1991-05-24,4.05,ok
1991-05-28,4.059,ok
1991-05-29,4.142,ok
1991-05-30,4.118,ok
1991-05-31,4.133,ok
1991-06-03,4.156,ok
1991-06-04,4.153,ok
1991-06-05,4.166,ok
1991-06-06,4.242,ok
1991-06-07,4.492,ok
1991-06-10,4.571,ok
1991-06-11,4.481,ok
1991-06-12,4.514,ok
1991-06-13,4.465,ok
1991-06-14,4.51,ok
1991-06-17,4.389,ok
1991-06-18,4.478,ok
1991-06-19,4.432,ok
1991-06-20,4.443,ok
1991-06-21,4.443,ok
1991-06-24,4.341,ok
1991-06-25,4.36,ok
1991-06-26,4.418,ok
1991-06-27,4.355,ok
1991-06-28,4.454,ok
1991-07-01,4.453,ok
1991-07-02,4.424,ok
1991-07-03,4.428,ok
1991-07-04,4.495,ok
1991-07-05,4.534,ok
1991-07-08,4.505,ok
1991-07-09,4.462,ok
1991-07-10,4.477,ok
1991-07-11,4.42,ok
1991-07-12,4.38,ok
1991-07-15,4.39,ok
1991-07-16,4.373,ok
1991-07-17,4.403,ok
1991-07-18,4.448,ok
1991-07-19,4.395,ok
1991-07-22,4.402,ok
1991-07-23,4.325,ok
1991-07-24,4.231,ok
1991-07-25,4.128,ok
1991-07-26,4.101,ok
1991-07-29,4.109,ok
1991-07-30,4.048,ok
1991-07-31,4.068,ok
1991-08-01,4.054,ok
1991-08-02,3.972,ok
1991-08-05,3.935,ok
1991-08-06,3.959,ok
1991-08-07,3.965,ok
1991-08-08,3.973,ok
1991-08-09,3.967,ok
1991-08-12,3.992,ok
1991-08-13,3.954,ok
1991-08-14,3.946,ok
1991-08-15,3.97,ok
1991-08-16,3.962,ok
1991-08-19,4.048,ok
1991-08-20,4.003,ok
1991-08-21,3.93,ok
1991-08-22,3.943,ok
1991-08-23,3.88,ok
1991-08-27,3.954,ok
1991-08-28,3.95,ok
1991-08-29,3.941,ok
1991-08-30,3.815,ok
1991-09-02,3.831,ok
1991-09-03,3.874,ok
1991-09-04,3.928,ok
1991-09-05,3.863,ok
1991-09-06,3.871,ok
1991-09-09,4.003,ok
1991-09-10,4.064,ok
1991-09-11,3.97,ok
1991-09-12,3.972,ok
1991-09-13,3.965,ok
1991-09-16,4.06,ok
1991-09-17,4.078,ok
1991-09-18,4.094,ok
1991-09-19,4.095,ok
1991-09-20,4.073,ok
1991-09-23,4.123,ok
1991-09-24,4.245,ok
1991-09-25,4.235,ok
1991-09-26,4.222,ok
1991-09-27,4.09,ok
1991-09-30,4.135,ok
1991-10-01,4.147,ok
1991-10-02,4.216,ok
1991-10-03,4.174,ok
1991-10-04,4.173,ok
1991-10-07,4.13,ok
1991-10-08,4.071,ok
1991-10-09,4.083,ok
1991-10-10,4.118,ok
1991-10-11,4.05,ok
1991-10-14,4.099,ok
1991-10-15,4.077,ok
1991-10-16,4.053,ok
1991-10-17,4.125,ok
1991-10-18,4.12,ok
1991-10-21,4.173,ok
1991-10-22,4.158,ok
1991-10-23,4.145,ok
1991-10-24,4.087,ok
1991-10-25,4.122,ok
1991-10-28,4.084,ok
1991-10-29,4.053,ok
1991-10-30,4.113,ok
1991-10-31,4.09,ok
1991-11-01,4.102,ok
1991-11-04,4.079,ok
1991-11-05,4.105,ok
1991-11-06,4.073,ok
1991-11-07,4.07,ok
1991-11-08,4.025,ok
1991-11-11,4.038,ok
1991-11-12,4.035,ok
1991-11-13,4.049,ok
1991-11-14,4.044,ok
1991-11-15,4.01,ok
1991-11-18,4.052,ok
1991-11-19,4.044,ok
1991-11-20,4.078,ok
1991-11-21,4.096,ok
1991-11-22,4.133,ok
1991-11-25,4.138,ok
1991-11-26,4.089,ok
1991-11-27,4.098,ok
1991-11-28,4.1,ok
1991-11-29,4.065,ok
1991-12-02,4.093,ok
1991-12-03,4.065,ok
1991-12-04,4.053,ok
1991-12-05,4.048,ok
1991-12-06,4.065,ok
1991-12-09,4.069,ok
1991-12-10,4.044,ok
1991-12-11,4.005,ok
1991-12-12,3.948,ok
1991-12-13,3.855,ok
1991-12-16,3.871,ok
1991-12-17,3.854,ok
1991-12-18,3.885,ok
1991-12-19,3.854,ok
1991-12-20,3.823,ok
1991-12-23,3.89,ok
1991-12-24,3.9,ok
1991-12-27,3.903,ok
1991-12-30,3.86,ok
1991-12-31,3.86,ok
1992-01-02,3.868,ok
1992-01-03,3.985,ok
1992-01-06,3.939,ok
1992-01-07,3.949,ok
1992-01-08,3.945,ok
1992-01-09,3.98,ok
1992-01-10,4.138,ok
1992-01-13,4.072,ok
1992-01-14,4.048,ok
1992-01-15,4.14,ok
1992-01-16,4.136,ok
1992-01-17,4.335,ok
1992-01-20,4.23,ok
1992-01-21,4.259,ok
1992-01-22,4.255,ok
1992-01-23,4.294,ok
1992-01-24,4.2,ok
1992-01-27,4.17,ok
1992-01-28,4.204,ok
1992-01-29,4.161,ok
1992-01-30,4.235,ok
1992-01-31,4.131,ok
1992-02-03,4.178,ok
1992-02-04,4.166,ok
1992-02-05,4.168,ok
1992-02-06,4.219,ok
1992-02-07,4.195,ok
1992-02-10,4.187,ok
1992-02-11,4.179,ok
1992-02-12,4.195,ok
1992-02-13,4.21,ok
1992-02-14,4.193,ok
1992-02-17,4.153,ok
1992-02-18,4.132,ok
1992-02-19,4.058,ok
1992-02-20,4.096,ok
1992-02-21,4.103,ok
1992-02-24,4.077,ok
1992-02-25,4.125,ok
1992-02-26,4.065,ok
1992-02-27,4.1,ok
1992-02-28,4.119,ok
1992-03-02,4.095,ok
1992-03-03,4.121,ok
1992-03-04,4.106,ok
1992-03-05,4.11,ok
1992-03-06,4.154,ok
1992-03-09,4.158,ok
1992-03-10,4.168,ok
1992-03-11,4.153,ok
1992-03-12,4.143,ok
1992-03-13,4.106,ok
1992-03-16,4.107,ok
1992-03-17,4.043,ok
1992-03-18,4.072,ok
1992-03-19,4.016,ok
1992-03-20,4.1,ok
1992-03-23,4.108,ok
1992-03-24,4.108,ok
1992-03-25,4.109,ok
1992-03-26,4.09,ok
1992-03-27,4.093,ok
1992-03-30,4.154,ok
1992-03-31,4.12,ok
1992-04-01,4.152,ok
1992-04-02,4.09,ok
1992-04-03,4.088,ok
1992-04-06,4.094,ok
1992-04-07,4.095,ok
1992-04-08,4.092,ok
1992-04-09,4.096,ok
1992-04-10,4.132,ok
1992-04-13,4.125,ok
1992-04-14,4.085,ok
1992-04-15,4.103,ok
1992-04-16,4.031,ok
1992-04-21,3.985,ok
1992-04-22,3.99,ok
1992-04-23,4.02,ok
1992-04-24,3.99,ok
1992-04-27,3.99,ok
1992-04-28,3.978,ok
1992-04-29,3.935,ok
1992-04-30,3.982,ok
1992-05-01,4.014,ok
1992-05-05,4.013,ok
1992-05-06,4.065,ok
1992-05-07,4.045,ok
1992-05-08,4.036,ok
1992-05-11,4.11,ok
1992-05-12,4.083,ok
1992-05-13,4.083,ok
1992-05-14,4.096,ok
1992-05-15,4.118,ok
1992-05-18,4.098,ok
1992-05-19,4.115,ok
1992-05-20,4.077,ok
1992-05-21,4.075,ok
1992-05-22,4.07,ok
1992-05-26,4.088,ok
1992-05-27,4.103,ok
1992-05-28,4.075,ok
1992-05-29,4.058,ok
1992-06-01,4.028,ok
1992-06-02,4.072,ok
1992-06-03,4.09,ok
1992-06-04,4.061,ok
1992-06-05,4.083,ok
1992-06-08,4.054,ok
1992-06-09,4.055,ok
1992-06-10,4.056,ok
1992-06-11,4.057,ok
1992-06-12,4.107,ok
1992-06-15,4.122,ok
1992-06-16,4.104,ok
1992-06-17,4.107,ok
1992-06-18,4.088,ok
1992-06-19,4.111,ok
1992-06-22,4.048,ok
1992-06-23,4.056,ok
1992-06-24,4.039,ok
1992-06-25,4.035,ok
1992-06-26,4.022,ok
1992-06-29,3.993,ok
1992-06-30,4.026,ok
1992-07-01,4.049,ok
1992-07-02,4.065,ok
1992-07-03,4.04,ok
1992-07-06,4.053,ok
1992-07-07,3.918,ok
1992-07-08,3.906,ok
1992-07-09,3.909,ok
1992-07-10,3.965,ok
1992-07-13,3.936,ok
1992-07-14,3.95,ok
1992-07-15,3.951,ok
1992-07-16,3.938,ok
1992-07-17,3.921,ok
1992-07-20,3.995,ok
1992-07-21,3.953,ok
1992-07-22,3.963,ok
1992-07-23,4.013,ok
1992-07-24,3.98,ok
1992-07-27,3.973,ok
1992-07-28,3.973,ok
1992-07-29,3.94,ok
1992-07-30,3.915,ok
1992-07-31,3.953,ok
1992-08-03,3.942,ok
1992-08-04,3.876,ok
1992-08-05,3.88,ok
1992-08-06,3.902,ok
1992-08-07,3.928,ok
1992-08-10,3.976,ok
1992-08-11,3.943,ok
1992-08-12,3.894,ok
1992-08-13,3.809,ok
1992-08-14,3.814,ok
1992-08-17,3.82,ok
1992-08-18,3.79,ok
1992-08-19,3.804,ok
1992-08-20,3.729,ok
1992-08-21,3.735,ok
1992-08-24,3.762,ok
1992-08-25,3.707,ok
1992-08-26,3.648,ok
1992-08-27,3.695,ok
1992-08-28,3.719,ok
1992-09-01,3.752,ok
1992-09-02,3.72,ok
1992-09-03,3.717,ok
1992-09-04,3.742,ok
1992-09-07,3.728,ok
1992-09-08,3.725,ok
1992-09-09,3.748,ok
1992-09-10,3.73,ok
1992-09-11,3.688,ok
1992-09-14,3.748,ok
1992-09-15,3.785,ok
1992-09-16,3.838,ok
1992-09-17,3.828,ok
1992-09-18,3.808,ok
1992-09-21,3.823,ok
1992-09-22,3.791,ok
1992-09-23,3.835,ok
1992-09-24,3.82,ok
1992-09-25,3.822,ok
1992-09-28,3.809,ok
1992-09-29,3.725,ok
1992-09-30,3.766,ok
1992-10-01,3.753,ok
1992-10-02,3.733,ok
1992-10-05,3.747,ok
1992-10-06,3.759,ok
1992-10-07,3.752,ok
1992-10-08,3.734,ok
1992-10-09,3.746,ok
1992-10-12,3.744,ok
1992-10-13,3.718,ok
1992-10-14,3.705,ok
1992-10-15,3.725,ok
1992-10-16,3.71,ok
1992-10-19,3.723,ok
1992-10-20,3.74,ok
1992-10-21,3.814,ok
1992-10-22,3.8,ok
1992-10-23,3.799,ok
1992-10-26,3.753,ok
1992-10-27,3.75,ok
1992-10-28,3.765,ok
1992-10-29,3.767,ok
1992-10-30,3.764,ok
1992-11-02,3.757,ok
1992-11-03,3.793,ok
1992-11-04,3.795,ok
1992-11-05,3.873,ok
1992-11-06,3.908,ok
1992-11-09,3.859,ok
1992-11-10,3.713,ok
1992-11-11,3.688,ok
1992-11-12,3.688,ok
1992-11-13,3.799,ok
1992-11-16,3.762,ok
1992-11-17,3.757,ok
1992-11-18,3.768,ok
1992-11-19,3.749,ok
1992-11-20,3.773,ok
1992-11-23,3.752,ok
1992-11-24,3.758,ok
1992-11-25,3.76,ok
1992-11-26,3.763,ok
1992-11-27,3.75,ok
1992-11-30,3.733,ok
1992-12-01,3.76,ok
1992-12-02,3.758,ok
1992-12-03,3.759,ok
1992-12-04,3.763,ok
1992-12-07,3.759,ok
1992-12-08,3.759,ok
1992-12-09,3.714,ok
1992-12-10,3.705,ok
1992-12-11,3.724,ok
1992-12-14,3.728,ok
1992-12-15,3.717,ok
1992-12-16,3.714,ok
1992-12-17,3.75,ok
1992-12-18,3.775,ok
1992-12-21,3.75,ok
1992-12-22,3.734,ok
1992-12-23,3.698,ok
1992-12-24,3.685,ok
1992-12-29,3.675,ok
1992-12-30,3.663,ok
1992-12-31,3.67,ok
1993-01-04,3.66,ok
1993-01-05,3.654,ok
1993-01-06,3.7,ok
1993-01-07,3.699,ok
1993-01-08,3.66,ok
1993-01-11,3.666,ok
1993-01-12,3.678,ok
1993-01-13,3.669,ok
1993-01-14,3.692,ok
1993-01-15,3.667,ok
1993-01-18,3.673,ok
1993-01-19,3.687,ok
1993-01-20,3.685,ok
1993-01-21,3.716,ok
1993-01-22,3.713,ok
1993-01-25,3.695,ok
1993-01-26,3.702,ok
1993-01-27,3.675,ok
1993-01-28,3.69,ok
1993-01-29,3.708,ok
1993-02-01,3.66,ok
1993-02-02,3.669,ok
1993-02-03,3.674,ok
1993-02-04,3.67,ok
1993-02-05,3.67,ok
1993-02-08,3.658,ok
1993-02-09,3.683,ok
1993-02-10,3.713,ok
1993-02-11,3.768,ok
1993-02-12,3.742,ok
1993-02-15,3.688,ok
1993-02-16,3.687,ok
1993-02-17,3.705,ok
1993-02-18,3.656,ok
1993-02-19,3.64,ok
1993-02-22,3.582,ok
1993-02-23,3.58,ok
1993-02-24,3.602,ok
1993-02-25,3.59,ok
1993-02-26,3.567,ok
1993-03-01,3.583,ok
1993-03-02,3.585,ok
1993-03-03,3.584,ok
1993-03-04,3.573,ok
1993-03-05,3.587,ok
1993-03-08,3.575,ok
1993-03-09,3.56,ok
1993-03-10,3.57,ok
1993-03-11,3.6,ok
1993-03-12,3.64,ok
1993-03-15,3.625,ok
1993-03-16,3.65,ok
1993-03-17,3.659,ok
1993-03-18,3.642,ok
1993-03-19,3.678,ok
1993-03-22,3.683,ok
1993-03-23,3.665,ok
1993-03-24,3.654,ok
1993-03-25,3.683,ok
1993-03-26,3.718,ok
1993-03-29,3.704,ok
1993-03-30,3.778,ok
1993-03-31,3.89,ok
1993-04-01,3.858,ok
1993-04-02,3.972,ok
1993-04-05,3.858,ok
1993-04-06,3.875,ok
1993-04-07,3.792,ok
1993-04-08,3.878,ok
1993-04-13,3.873,ok
1993-04-14,3.902,ok
1993-04-15,3.933,ok
1993-04-16,3.87,ok
1993-04-19,3.975,ok
1993-04-20,3.953,ok
1993-04-21,3.912,ok
1993-04-22,3.878,ok
1993-04-23,3.933,ok
1993-04-26,4.019,ok
1993-04-27,4.103,ok
1993-04-28,4.045,ok
1993-04-29,4.36,ok
1993-04-30,4.299,ok
1993-05-04,4.274,ok
1993-05-05,4.252,ok
1993-05-06,4.303,ok
1993-05-07,4.363,ok
1993-05-10,4.278,ok
1993-05-11,4.244,ok
1993-05-12,4.233,ok
1993-05-13,4.52,ok
1993-05-14,4.435,ok
1993-05-17,4.462,ok
1993-05-18,4.403,ok
1993-05-19,4.744,ok
1993-05-20,4.513,ok
1993-05-21,4.523,ok
1993-05-24,4.723,ok
1993-05-25,4.522,ok
1993-05-26,4.555,ok
1993-05-27,4.591,ok
1993-05-28,4.714,ok
1993-06-01,4.615,ok
1993-06-02,4.365,ok
1993-06-03,4.385,ok
1993-06-04,4.5,ok
1993-06-07,4.355,ok
1993-06-08,4.393,ok
1993-06-09,4.368,ok
1993-06-10,4.305,ok
1993-06-11,4.31,ok
1993-06-14,4.22,ok
1993-06-15,4.225,ok
1993-06-16,4.318,ok
1993-06-17,4.326,ok
1993-06-18,4.343,ok
1993-06-21,4.29,ok
1993-06-22,4.297,ok
1993-06-23,4.266,ok
1993-06-24,4.43,ok
1993-06-25,4.403,ok
1993-06-28,4.505,ok
1993-06-29,4.455,ok
1993-06-30,4.575,ok
1993-07-01,4.548,ok
1993-07-02,4.835,ok
1993-07-05,4.885,ok
1993-07-06,5.07,ok
1993-07-07,5.168,ok
1993-07-08,5.115,ok
1993-07-09,4.99,ok
1993-07-12,5.065,ok
1993-07-13,4.978,ok
1993-07-14,5.095,ok
1993-07-15,4.925,ok
1993-07-16,5.045,ok
1993-07-19,5.069,ok
1993-07-20,5.045,ok
1993-07-21,5.05,ok
1993-07-22,4.938,ok
1993-07-23,5.028,ok
1993-07-26,4.967,ok
1993-07-27,5.105,ok
1993-07-28,5.065,ok
1993-07-29,5.145,ok
1993-07-30,5.3,ok
1993-08-02,5.42,ok
1993-08-03,5.377,ok
1993-08-04,5.29,ok
1993-08-05,5.17,ok
1993-08-06,4.82,ok
1993-08-09,4.675,ok
1993-08-10,4.796,ok
1993-08-11,4.785,ok
1993-08-12,4.686,ok
1993-08-13,4.593,ok
1993-08-16,4.772,ok
1993-08-17,4.735,ok
1993-08-18,4.693,ok
1993-08-19,4.725,ok
1993-08-20,4.658,ok
1993-08-23,4.783,ok
1993-08-24,4.764,ok
1993-08-25,4.748,ok
1993-08-26,4.725,ok
1993-08-27,4.688,ok
1993-08-31,4.843,ok
1993-09-01,4.833,ok
1993-09-02,4.72,ok
1993-09-03,4.555,ok
1993-09-06,4.525,ok
1993-09-07,4.503,ok
1993-09-08,4.255,ok
1993-09-09,4.243,ok
1993-09-10,4.278,ok
1993-09-13,4.064,ok
1993-09-14,3.924,ok
1993-09-15,4.038,ok
1993-09-16,4.057,ok
1993-09-17,4.098,ok
1993-09-20,4.111,ok
1993-09-21,4.108,ok
1993-09-22,4.074,ok
1993-09-23,4.039,ok
1993-09-24,4.142,ok
1993-09-27,4.108,ok
1993-09-28,4.045,ok
1993-09-29,4.063,ok
1993-09-30,4.03,ok
1993-10-01,4.058,ok
1993-10-04,4.088,ok
1993-10-05,4.05,ok
1993-10-06,4.153,ok
1993-10-07,4.33,ok
1993-10-08,4.365,ok
1993-10-11,4.378,ok
1993-10-12,4.287,ok
1993-10-13,4.448,ok
1993-10-14,4.434,ok
1993-10-15,4.333,ok
1993-10-18,4.355,ok
1993-10-19,4.454,ok
1993-10-20,4.493,ok
1993-10-21,4.512,ok
1993-10-22,4.436,ok
1993-10-25,4.433,ok
1993-10-26,4.393,ok
1993-10-27,4.388,ok
1993-10-28,4.42,ok
1993-10-29,4.403,ok
1993-11-01,4.285,ok
1993-11-02,4.212,ok
1993-11-03,4.213,ok
1993-11-04,4.382,ok
1993-11-05,4.478,ok
1993-11-08,4.518,ok
1993-11-09,4.543,ok
1993-11-10,4.533,ok
1993-11-11,4.568,ok
1993-11-12,4.58,ok
1993-11-15,4.518,ok
1993-11-16,4.578,ok
1993-11-17,4.55,ok
1993-11-18,4.612,ok
1993-11-19,4.693,ok
1993-11-22,4.733,ok
1993-11-23,4.683,ok
1993-11-24,4.645,ok
1993-11-25,4.642,ok
1993-11-26,4.672,ok
1993-11-29,4.632,ok
1993-11-30,4.467,ok
1993-12-01,4.429,ok
1993-12-02,4.66,ok
1993-12-03,4.608,ok
1993-12-06,4.84,ok
1993-12-07,4.835,ok
1993-12-08,4.96,ok
1993-12-09,4.978,ok
1993-12-10,4.987,ok
1993-12-13,5.1,ok
1993-12-14,5.138,ok
1993-12-15,5.095,ok
1993-12-16,5.095,ok
1993-12-17,5.018,ok
1993-12-20,5.123,ok
1993-12-21,5.108,ok
1993-12-22,4.998,ok
1993-12-23,5.035,ok
1993-12-24,5.025,ok
1993-12-29,5.09,ok
1993-12-30,5.108,ok
1993-12-31,5.115,ok
1994-01-04,5.277,ok
1994-01-05,5.233,ok
1994-01-06,5.02,ok
1994-01-07,5.11,ok
1994-01-10,4.912,ok
1994-01-11,5.043,ok
1994-01-12,5.105,ok
1994-01-13,5.056,ok
1994-01-14,5.208,ok
1994-01-17,5.344,ok
1994-01-18,5.328,ok
1994-01-19,5.323,ok
1994-01-20,5.32,ok
1994-01-21,5.185,ok
1994-01-24,5.04,ok
1994-01-25,5.133,ok
1994-01-26,5.075,ok
1994-01-27,5.115,ok
1994-01-28,4.974,ok
1994-01-31,5.058,ok
1994-02-01,5.12,ok
1994-02-02,5.28,ok
1994-02-03,5.283,ok
1994-02-04,5.455,ok
1994-02-07,5.308,ok
1994-02-08,5.225,ok
1994-02-09,5.245,ok
1994-02-10,5.295,ok
1994-02-11,5.213,ok
1994-02-14,5.26,ok
1994-02-15,5.325,ok
1994-02-16,5.25,ok
1994-02-17,5.298,ok
1994-02-18,5.23,ok
1994-02-21,5.18,ok
1994-02-22,5.16,ok
1994-02-23,5.183,ok
1994-02-24,5.213,ok
1994-02-25,5.183,ok
1994-02-28,5.243,ok
1994-03-01,5.328,ok
1994-03-02,5.235,ok
1994-03-03,5.263,ok
1994-03-04,5.186,ok
1994-03-07,5.233,ok
1994-03-08,5.18,ok
1994-03-09,5.215,ok
1994-03-10,5.298,ok
1994-03-11,5.445,ok
1994-03-14,5.368,ok
1994-03-15,5.45,ok
1994-03-16,5.423,ok
1994-03-17,5.36,ok
1994-03-18,5.435,ok
1994-03-21,5.408,ok
1994-03-22,5.448,ok
1994-03-23,5.59,ok
1994-03-24,5.748,ok
1994-03-25,5.73,ok
1994-03-28,5.7,ok
1994-03-29,5.62,ok
1994-03-30,5.61,ok
1994-03-31,5.735,ok
1994-04-05,5.645,ok
1994-04-06,5.525,ok
1994-04-07,5.498,ok
1994-04-08,5.464,ok
1994-04-11,5.455,ok
1994-04-12,5.282,ok
1994-04-13,5.336,ok
1994-04-14,5.34,ok
1994-04-15,5.295,ok
1994-04-18,5.246,ok
1994-04-19,5.238,ok
1994-04-20,5.244,ok
1994-04-21,5.265,ok
1994-04-22,5.2,ok
1994-04-25,5.094,ok
1994-04-26,5.121,ok
1994-04-27,5.165,ok
1994-04-28,5.165,ok
1994-04-29,5.28,ok
1994-05-03,5.288,ok
1994-05-04,5.213,ok
1994-05-05,5.118,ok
1994-05-06,5.068,ok
1994-05-09,5.395,ok
1994-05-10,5.392,ok
1994-05-11,5.265,ok
1994-05-12,5.403,ok
1994-05-13,5.423,ok
1994-05-16,5.393,ok
1994-05-17,5.53,ok
1994-05-18,5.444,ok
1994-05-19,5.57,ok
1994-05-20,5.533,ok
1994-05-23,5.715,ok
1994-05-24,5.73,ok
1994-05-25,5.568,ok
1994-05-26,5.512,ok
1994-05-27,5.45,ok
1994-05-31,5.495,ok
1994-06-01,5.543,ok
1994-06-02,5.348,ok
1994-06-03,5.338,ok
1994-06-06,5.273,ok
1994-06-07,5.28,ok
1994-06-08,5.329,ok
1994-06-09,5.355,ok
1994-06-10,5.387,ok
1994-06-13,5.325,ok
1994-06-14,5.418,ok
1994-06-15,5.355,ok
1994-06-16,5.53,ok
1994-06-17,5.47,ok
1994-06-20,5.605,ok
1994-06-21,5.483,ok
1994-06-22,5.544,ok
1994-06-23,5.365,ok
1994-06-24,5.407,ok
1994-06-27,5.39,ok
1994-06-28,5.265,ok
1994-06-29,5.27,ok
1994-06-30,5.251,ok
1994-07-01,5.355,ok
1994-07-04,5.386,ok
1994-07-05,5.408,ok
1994-07-06,5.318,ok
1994-07-07,5.24,ok
1994-07-08,5.238,ok
1994-07-11,5.248,ok
1994-07-12,5.315,ok
1994-07-13,5.215,ok
1994-07-14,5.163,ok
1994-07-15,5.223,ok
1994-07-18,5.255,ok
1994-07-19,5.212,ok
1994-07-20,5.322,ok
1994-07-21,5.26,ok
1994-07-22,5.253,ok
1994-07-25,5.26,ok
1994-07-26,5.32,ok
1994-07-27,5.323,ok
1994-07-28,5.333,ok
1994-07-29,5.293,ok
1994-08-01,5.33,ok
1994-08-02,5.285,ok
1994-08-03,5.213,ok
1994-08-04,5.155,ok
1994-08-05,5.175,ok
1994-08-08,5.113,ok
1994-08-09,5.113,ok
1994-08-10,5.159,ok
1994-08-11,5.115,ok
1994-08-12,5.193,ok
1994-08-15,5.05,ok
1994-08-16,5.073,ok
1994-08-17,5.128,ok
1994-08-18,5.108,ok
1994-08-19,5.173,ok
1994-08-22,5.227,ok
1994-08-23,5.213,ok
1994-08-24,5.214,ok
1994-08-25,5.253,ok
1994-08-26,5.255,ok
1994-08-30,5.382,ok
1994-08-31,5.358,ok
1994-09-01,5.402,ok
1994-09-02,5.438,ok
1994-09-05,5.408,ok
1994-09-06,5.438,ok
1994-09-07,5.51,ok
1994-09-08,5.51,ok
1994-09-09,5.45,ok
1994-09-12,5.51,ok
1994-09-13,5.456,ok
1994-09-14,5.463,ok
1994-09-15,5.395,ok
1994-09-16,5.385,ok
1994-09-19,5.43,ok
1994-09-20,5.48,ok
1994-09-21,5.672,ok
1994-09-22,5.603,ok
1994-09-23,5.71,ok
1994-09-26,5.657,ok
1994-09-27,5.665,ok
1994-09-28,5.7,ok
1994-09-29,5.623,ok
1994-09-30,5.62,ok
1994-10-03,5.525,ok
1994-10-04,5.605,ok
1994-10-05,5.597,ok
1994-10-06,5.596,ok
1994-10-07,5.655,ok
1994-10-10,5.614,ok
1994-10-11,5.558,ok
1994-10-12,5.508,ok
1994-10-13,5.508,ok
1994-10-14,5.37,ok
1994-10-17,5.393,ok
1994-10-18,5.414,ok
1994-10-19,5.355,ok
1994-10-20,5.41,ok
1994-10-21,5.4,ok
1994-10-24,5.315,ok
1994-10-25,5.33,ok
1994-10-26,5.308,ok
1994-10-27,5.388,ok
1994-10-28,5.368,ok
1994-10-31,5.345,ok
1994-11-01,5.223,ok
1994-11-02,5.278,ok
1994-11-03,5.32,ok
1994-11-04,5.265,ok
1994-11-07,5.228,ok
1994-11-08,5.207,ok
1994-11-09,5.2,ok
1994-11-10,5.135,ok
1994-11-11,5.178,ok
1994-11-14,5.158,ok
1994-11-15,5.214,ok
1994-11-16,5.19,ok
1994-11-17,5.235,ok
1994-11-18,5.228,ok
1994-11-21,5.149,ok
1994-11-22,5.15,ok
1994-11-23,5.17,ok
1994-11-24,5.15,ok
1994-11-25,5.173,ok
1994-11-28,5.172,ok
1994-11-29,5.14,ok
1994-11-30,5.075,ok
1994-12-01,4.918,ok
1994-12-02,4.932,ok
1994-12-05,4.74,ok
1994-12-06,4.648,ok
1994-12-07,4.688,ok
1994-12-08,4.64,ok
1994-12-09,4.67,ok
1994-12-12,4.728,ok
1994-12-13,4.813,ok
1994-12-14,4.765,ok
1994-12-15,4.765,ok
1994-12-16,4.823,ok
1994-12-19,4.77,ok
1994-12-20,4.814,ok
1994-12-21,4.83,ok
1994-12-22,4.788,ok
1994-12-23,4.753,ok
1994-12-28,4.81,ok
1994-12-29,4.903,ok
1994-12-30,4.85,ok
1995-01-03,4.842,ok
1995-01-04,4.715,ok
1995-01-05,4.623,ok
1995-01-06,4.703,ok
1995-01-09,4.645,ok
1995-01-10,4.683,ok
1995-01-11,4.678,ok
1995-01-12,4.738,ok
1995-01-13,4.84,ok
1995-01-16,4.769,ok
1995-01-17,4.8,ok
1995-01-18,4.9,ok
1995-01-19,4.923,ok
1995-01-20,4.845,ok
1995-01-23,4.915,ok
1995-01-24,4.815,ok
1995-01-25,4.813,ok
1995-01-26,4.78,ok
1995-01-27,4.764,ok
1995-01-30,4.675,ok
1995-01-31,4.698,ok
1995-02-01,4.678,ok
1995-02-02,4.675,ok
1995-02-03,4.735,ok
1995-02-06,4.695,ok
1995-02-07,4.7,ok
1995-02-08,4.667,ok
1995-02-09,4.73,ok
1995-02-10,4.761,ok
1995-02-13,4.737,ok
1995-02-14,4.745,ok
1995-02-15,4.763,ok
1995-02-16,4.735,ok
1995-02-17,4.728,ok
1995-02-20,4.783,ok
1995-02-21,4.778,ok
1995-02-22,4.755,ok
1995-02-23,4.824,ok
1995-02-24,4.81,ok
1995-02-27,4.65,ok
1995-02-28,4.49,ok
1995-03-01,4.473,ok
1995-03-02,4.416,ok
1995-03-03,4.434,ok
1995-03-06,4.419,ok
1995-03-07,4.534,ok
1995-03-08,4.676,ok
1995-03-09,4.631,ok
1995-03-10,4.608,ok
1995-03-13,4.623,ok
1995-03-14,4.718,ok
1995-03-15,4.73,ok
1995-03-16,4.7,ok
1995-03-17,4.673,ok
1995-03-20,4.68,ok
1995-03-21,4.688,ok
1995-03-22,4.583,ok
1995-03-23,4.693,ok
1995-03-24,4.696,ok
1995-03-27,4.63,ok
1995-03-28,4.656,ok
1995-03-29,4.731,ok
1995-03-30,4.763,ok
1995-03-31,5.16,ok
1995-04-03,5.302,ok
1995-04-04,5.21,ok
1995-04-05,5.363,ok
1995-04-06,5.365,ok
1995-04-07,5.407,ok
1995-04-10,5.33,ok
1995-04-11,5.21,ok
1995-04-12,5.337,ok
1995-04-13,5.25,ok
1995-04-18,5.655,ok
1995-04-19,5.915,ok
1995-04-20,5.65,ok
1995-04-21,5.643,ok
1995-04-24,5.703,ok
1995-04-25,5.628,ok
1995-04-26,5.685,ok
1995-04-27,5.575,ok
1995-04-28,5.829,ok
1995-05-01,5.698,ok
1995-05-02,5.868,ok
1995-05-03,5.883,ok
1995-05-04,5.975,ok
1995-05-05,6.038,ok
1995-05-09,5.92,ok
1995-05-10,5.475,ok
1995-05-11,5.425,ok
1995-05-12,5.39,ok
1995-05-15,5.328,ok
1995-05-16,5.397,ok
1995-05-17,5.383,ok
1995-05-18,5.361,ok
1995-05-19,5.445,ok
1995-05-22,5.368,ok
1995-05-23,5.275,ok
1995-05-24,5.398,ok
1995-05-25,5.486,ok
1995-05-26,5.488,ok
1995-05-30,5.46,ok
1995-05-31,5.295,ok
1995-06-01,5.263,ok
1995-06-02,5.353,ok
1995-06-05,5.23,ok
1995-06-06,5.343,ok
1995-06-07,5.335,ok
1995-06-08,5.373,ok
1995-06-09,5.345,ok
1995-06-12,5.432,ok
1995-06-13,5.388,ok
1995-06-14,5.365,ok
1995-06-15,5.33,ok
1995-06-16,5.455,ok
1995-06-19,5.433,ok
1995-06-20,5.508,ok
1995-06-21,5.49,ok
1995-06-22,5.428,ok
1995-06-23,5.353,ok
1995-06-26,5.33,ok
1995-06-27,5.335,ok
1995-06-28,5.328,ok
1995-06-29,5.262,ok
1995-06-30,5.328,ok
1995-07-03,5.084,ok
1995-07-04,5.07,ok
1995-07-05,5.071,ok
1995-07-06,5.073,ok
1995-07-07,5.118,ok
1995-07-10,5.168,ok
1995-07-11,5.123,ok
1995-07-12,5.158,ok
1995-07-13,5.265,ok
1995-07-14,5.188,ok
1995-07-17,5.226,ok
1995-07-18,5.355,ok
1995-07-19,5.338,ok
1995-07-20,5.156,ok
1995-07-21,5.163,ok
1995-07-24,5.223,ok
1995-07-25,5.174,ok
1995-07-26,5.152,ok
1995-07-27,5.183,ok
1995-07-28,5.08,ok
1995-07-31,5.098,ok
1995-08-01,5.03,ok
1995-08-02,5.15,ok
1995-08-03,5.14,ok
1995-08-04,5.203,ok
1995-08-07,5.165,ok
1995-08-08,5.225,ok
1995-08-09,5.291,ok
1995-08-10,5.255,ok
1995-08-11,5.313,ok
1995-08-14,5.228,ok
1995-08-15,5.383,ok
1995-08-16,5.36,ok
1995-08-17,5.496,ok
1995-08-18,5.66,ok
1995-08-21,5.799,ok
1995-08-22,5.705,ok
1995-08-23,5.56,ok
1995-08-24,5.675,ok
1995-08-25,5.58,ok
1995-08-29,5.585,ok
1995-08-30,5.455,ok
1995-08-31,5.323,ok
1995-09-01,5.345,ok
1995-09-04,5.308,ok
1995-09-05,5.285,ok
1995-09-06,5.213,ok
1995-09-07,5.383,ok
1995-09-08,5.497,ok
1995-09-11,5.398,ok
1995-09-12,5.523,ok
1995-09-13,5.543,ok
1995-09-14,5.448,ok
1995-09-15,5.49,ok
1995-09-18,5.485,ok
1995-09-19,5.562,ok
1995-09-20,5.479,ok
1995-09-21,5.363,ok
1995-09-22,5.462,ok
1995-09-25,5.405,ok
1995-09-26,5.488,ok
1995-09-27,5.455,ok
1995-09-28,5.481,ok
1995-09-29,5.528,ok
1995-10-02,5.425,ok
1995-10-03,5.34,ok
1995-10-04,5.335,ok
1995-10-05,5.35,ok
1995-10-06,5.323,ok
1995-10-09,5.443,ok
1995-10-10,5.435,ok
1995-10-11,5.418,ok
1995-10-12,5.423,ok
1995-10-13,5.383,ok
1995-10-16,5.384,ok
1995-10-17,5.35,ok
1995-10-18,5.353,ok
1995-10-19,5.349,ok
1995-10-20,5.328,ok
1995-10-23,5.37,ok
1995-10-24,5.353,ok
1995-10-25,5.345,ok
1995-10-26,5.439,ok
1995-10-27,5.4,ok
1995-10-30,5.33,ok
1995-10-31,5.36,ok
1995-11-01,5.333,ok
1995-11-02,5.31,ok
1995-11-03,5.358,ok
1995-11-06,5.288,ok
1995-11-07,5.283,ok
1995-11-08,5.38,ok
1995-11-09,5.358,ok
1995-11-10,5.429,ok
1995-11-13,5.423,ok
1995-11-14,5.323,ok
1995-11-15,5.338,ok
1995-11-16,5.328,ok
1995-11-17,5.36,ok
1995-11-20,5.353,ok
1995-11-21,5.375,ok
1995-11-22,5.303,ok
1995-11-23,5.208,ok
1995-11-24,5.236,ok
1995-11-27,5.275,ok
1995-11-28,5.275,ok
1995-11-29,5.221,ok
1995-11-30,5.18,ok
1995-12-01,5.218,ok
1995-12-04,5.185,ok
1995-12-05,5.22,ok
1995-12-06,5.256,ok
1995-12-07,5.245,ok
1995-12-08,5.248,ok
1995-12-11,5.253,ok
1995-12-12,5.228,ok
1995-12-13,5.158,ok
1995-12-14,5.105,ok
1995-12-15,5.143,ok
1995-12-18,5.15,ok
1995-12-19,5.175,ok
1995-12-20,5.123,ok
1995-12-21,5.158,ok
1995-12-22,5.122,ok
1995-12-27,5.158,ok
1995-12-28,5.133,ok
1995-12-29,5.142,ok
1996-01-02,5.165,ok
1996-01-03,5.35,ok
1996-01-04,5.348,ok
1996-01-05,5.5,ok
1996-01-08,5.53,ok
1996-01-09,5.509,ok
1996-01-10,5.538,ok
1996-01-11,5.557,ok
1996-01-12,5.463,ok
1996-01-15,5.4,ok
1996-01-16,5.458,ok
1996-01-17,5.493,ok
1996-01-18,5.465,ok
1996-01-19,5.413,ok
1996-01-22,5.504,ok
1996-01-23,5.59,ok
1996-01-24,5.54,ok
1996-01-25,5.518,ok
1996-01-26,5.616,ok
1996-01-29,5.508,ok
1996-01-30,5.575,ok
1996-01-31,5.52,ok
1996-02-01,5.595,ok
1996-02-02,5.828,ok
1996-02-05,5.798,ok
1996-02-06,5.753,ok
1996-02-07,5.823,ok
1996-02-08,5.655,ok
1996-02-09,5.725,ok
1996-02-12,5.638,ok
1996-02-13,5.708,ok
1996-02-14,5.69,ok
1996-02-15,5.748,ok
1996-02-16,5.679,ok
1996-02-19,5.705,ok
1996-02-20,5.69,ok
1996-02-21,5.55,ok
1996-02-22,5.593,ok
1996-02-23,5.514,ok
1996-02-26,5.493,ok
1996-02-27,5.485,ok
1996-02-28,5.463,ok
1996-02-29,5.523,ok
1996-03-01,5.525,ok
1996-03-04,5.493,ok
1996-03-05,5.35,ok
1996-03-06,5.36,ok
1996-03-07,5.373,ok
1996-03-08,5.43,ok
1996-03-11,5.488,ok
1996-03-12,5.498,ok
1996-03-13,5.575,ok
1996-03-14,5.586,ok
1996-03-15,5.57,ok
1996-03-18,5.55,ok
1996-03-19,5.548,ok
1996-03-20,5.503,ok
1996-03-21,5.565,ok
1996-03-22,5.603,ok
1996-03-25,5.63,ok
1996-03-26,5.64,ok
1996-03-27,5.688,ok
1996-03-28,5.639,ok
1996-03-29,5.518,ok
1996-04-01,5.518,ok
1996-04-02,5.528,ok
1996-04-03,5.51,ok
1996-04-04,5.525,ok
1996-04-09,5.545,ok
1996-04-10,5.463,ok
1996-04-11,5.532,ok
1996-04-12,5.537,ok
1996-04-15,5.498,ok
1996-04-16,5.47,ok
1996-04-17,5.312,ok
1996-04-18,5.334,ok
1996-04-19,5.254,ok
1996-04-22,5.285,ok
1996-04-23,5.328,ok
1996-04-24,5.318,ok
1996-04-25,5.32,ok
1996-04-26,5.37,ok
1996-04-29,5.29,ok
1996-04-30,5.278,ok
1996-05-01,5.325,ok
1996-05-02,5.385,ok
1996-05-03,5.41,ok
1996-05-07,5.458,ok
1996-05-08,5.483,ok
1996-05-09,5.433,ok
1996-05-10,5.42,ok
1996-05-13,5.375,ok
1996-05-14,5.363,ok
1996-05-15,5.4,ok
1996-05-16,5.375,ok
1996-05-17,5.364,ok
1996-05-20,5.29,ok
1996-05-21,5.285,ok
1996-05-22,5.293,ok
1996-05-23,5.336,ok
1996-05-24,5.311,ok
1996-05-28,5.34,ok
1996-05-29,5.368,ok
1996-05-30,5.338,ok
1996-05-31,5.335,ok
1996-06-03,5.384,ok
1996-06-04,5.362,ok
1996-06-05,5.205,ok
1996-06-06,5.155,ok
1996-06-07,5.2,ok
1996-06-10,5.2,ok
1996-06-11,5.17,ok
1996-06-12,5.123,ok
1996-06-13,5.113,ok
1996-06-14,4.978,ok
1996-06-17,5.166,ok
1996-06-18,5.18,ok
1996-06-19,5.211,ok
1996-06-20,5.112,ok
1996-06-21,5.109,ok
1996-06-24,5.106,ok
1996-06-25,5.178,ok
1996-06-26,5.148,ok
1996-06-27,5.105,ok
1996-06-28,5.026,ok
1996-07-01,5.048,ok
1996-07-02,5.068,ok
1996-07-03,5.138,ok
1996-07-04,5.075,ok
1996-07-05,5.074,ok
1996-07-08,5.12,ok
1996-07-09,5.075,ok
1996-07-10,5.12,ok
1996-07-11,5.098,ok
1996-07-12,5.134,ok
1996-07-15,5.135,ok
1996-07-16,5.152,ok
1996-07-17,4.995,ok
1996-07-18,5,ok
1996-07-19,5.015,ok
1996-07-22,4.973,ok
1996-07-23,5.03,ok
1996-07-24,4.983,ok
1996-07-25,4.987,ok
1996-07-26,4.988,ok
1996-07-29,5.088,ok
1996-07-30,5.069,ok
1996-07-31,5.113,ok
1996-08-01,5.15,ok
1996-08-02,5.125,ok
1996-08-05,5.103,ok
1996-08-06,5.07,ok
1996-08-07,5.05,ok
1996-08-08,5.04,ok
1996-08-09,5.12,ok
1996-08-12,5.045,ok
1996-08-13,5.076,ok
1996-08-14,5.088,ok
1996-08-15,5.041,ok
1996-08-16,5.083,ok
1996-08-19,5.083,ok
1996-08-20,5.203,ok
1996-08-21,5.208,ok
1996-08-22,5.188,ok
1996-08-23,5.213,ok
1996-08-27,5.255,ok
1996-08-28,5.212,ok
1996-08-29,5.18,ok
1996-08-30,5.195,ok
1996-09-02,5.183,ok
1996-09-03,5.198,ok
1996-09-04,5.153,ok
1996-09-05,5.198,ok
1996-09-06,5.14,ok
1996-09-09,5.118,ok
1996-09-10,5.085,ok
1996-09-11,5.09,ok
1996-09-12,5.083,ok
1996-09-13,5.046,ok
1996-09-16,5.045,ok
1996-09-17,5.062,ok
1996-09-18,5.046,ok
1996-09-19,5.058,ok
1996-09-20,4.945,ok
1996-09-23,4.875,ok
1996-09-24,4.91,ok
1996-09-25,4.935,ok
1996-09-26,4.873,ok
1996-09-27,4.848,ok
1996-09-30,4.881,ok
1996-10-01,4.848,ok
1996-10-02,4.913,ok
1996-10-03,4.913,ok
1996-10-04,4.899,ok
1996-10-07,4.86,ok
1996-10-08,4.893,ok
1996-10-09,4.88,ok
1996-10-10,4.975,ok
1996-10-11,5.033,ok
1996-10-14,5.04,ok
1996-10-15,5.02,ok
1996-10-16,5.018,ok
1996-10-17,4.975,ok
1996-10-18,4.888,ok
1996-10-21,4.898,ok
1996-10-22,4.953,ok
1996-10-23,4.983,ok
1996-10-24,4.984,ok
1996-10-25,4.903,ok
1996-10-28,4.919,ok
1996-10-29,4.895,ok
1996-10-30,4.826,ok
1996-10-31,4.825,ok
1996-11-01,4.801,ok
1996-11-04,4.814,ok
1996-11-05,4.832,ok
1996-11-06,4.79,ok
1996-11-07,4.743,ok
1996-11-08,4.828,ok
1996-11-11,4.835,ok
1996-11-12,4.905,ok
1996-11-13,4.9,ok
1996-11-14,4.893,ok
1996-11-15,4.845,ok
1996-11-18,4.908,ok
1996-11-19,4.874,ok
1996-11-20,4.899,ok
1996-11-21,4.93,ok
1996-11-22,4.86,ok
1996-11-25,4.835,ok
1996-11-26,4.761,ok
1996-11-27,4.74,ok
1996-11-28,4.728,ok
1996-11-29,4.743,ok
1996-12-02,4.733,ok
1996-12-03,4.71,ok
1996-12-04,4.825,ok
1996-12-05,4.754,ok
1996-12-06,4.888,ok
1996-12-09,4.765,ok
1996-12-10,4.814,ok
1996-12-11,4.865,ok
1996-12-12,4.83,ok
1996-12-13,4.833,ok
1996-12-16,4.81,ok
1996-12-17,4.805,ok
1996-12-18,4.85,ok
1996-12-19,4.864,ok
1996-12-20,4.875,ok
1996-12-23,4.825,ok
1996-12-24,4.845,ok
1996-12-27,4.884,ok
1996-12-30,4.88,ok
1996-12-31,4.798,ok
1997-01-02,4.77,ok
1997-01-03,4.703,ok
1997-01-06,4.665,ok
1997-01-07,4.683,ok
1997-01-08,4.655,ok
1997-01-09,4.663,ok
1997-01-10,4.75,ok
1997-01-13,4.76,ok
1997-01-14,4.693,ok
1997-01-15,4.654,ok
1997-01-16,4.678,ok
1997-01-17,4.749,ok
1997-01-20,4.745,ok
1997-01-21,4.73,ok
1997-01-22,4.698,ok
1997-01-23,4.73,ok
1997-01-24,4.973,ok
1997-01-27,4.941,ok
1997-01-28,5.03,ok
1997-01-29,4.918,ok
1997-01-30,4.878,ok
1997-01-31,4.958,ok
1997-02-03,4.879,ok
1997-02-04,4.905,ok
1997-02-05,4.855,ok
1997-02-06,4.875,ok
1997-02-07,4.8,ok
1997-02-10,4.918,ok
1997-02-11,4.935,ok
1997-02-12,4.82,ok
1997-02-13,5.123,ok
1997-02-14,5.143,ok
1997-02-17,5.218,ok
1997-02-18,5.232,ok
1997-02-19,5.203,ok
1997-02-20,5.165,ok
1997-02-21,5.24,ok
1997-02-24,5.215,ok
1997-02-25,5.187,ok
1997-02-26,5.229,ok
1997-02-27,5.253,ok
1997-02-28,5.253,ok
1997-03-03,5.308,ok
1997-03-04,5.283,ok
1997-03-05,5.214,ok
1997-03-06,5.185,ok
1997-03-07,5.175,ok
1997-03-10,5.138,ok
1997-03-11,5.25,ok
1997-03-12,5.228,ok
1997-03-13,5.23,ok
1997-03-14,5.273,ok
1997-03-17,5.255,ok
1997-03-18,5.21,ok
1997-03-19,5.169,ok
1997-03-20,5.24,ok
1997-03-21,5.186,ok
1997-03-24,5.129,ok
1997-03-25,5.168,ok
1997-03-26,5.093,ok
1997-03-27,5.13,ok
1997-04-01,5.035,ok
1997-04-02,4.976,ok
1997-04-03,4.862,ok
1997-04-04,4.743,ok
1997-04-07,4.763,ok
1997-04-08,4.833,ok
1997-04-09,4.77,ok
1997-04-10,4.773,ok
1997-04-11,4.793,ok
1997-04-14,4.725,ok
1997-04-15,4.72,ok
1997-04-16,4.728,ok
1997-04-17,4.835,ok
1997-04-18,4.725,ok
1997-04-21,4.75,ok
1997-04-22,4.763,ok
1997-04-23,4.723,ok
1997-04-24,4.713,ok
1997-04-25,4.743,ok
1997-04-28,4.724,ok
1997-04-29,4.643,ok
1997-04-30,4.663,ok
1997-05-01,4.675,ok
1997-05-02,4.735,ok
1997-05-06,4.752,ok
1997-05-07,4.721,ok
1997-05-08,4.753,ok
1997-05-09,4.833,ok
1997-05-12,4.86,ok
1997-05-13,4.825,ok
1997-05-14,4.874,ok
1997-05-15,4.835,ok
1997-05-16,4.838,ok
1997-05-19,4.68,ok
1997-05-20,4.718,ok
1997-05-21,4.672,ok
1997-05-22,4.675,ok
1997-05-23,4.658,ok
1997-05-27,4.748,ok
1997-05-28,4.76,ok
1997-05-29,4.723,ok
1997-05-30,4.857,ok
1997-06-02,4.733,ok
1997-06-03,4.745,ok
1997-06-04,4.725,ok
1997-06-05,4.733,ok
1997-06-06,4.9,ok
1997-06-09,4.814,ok
1997-06-10,4.759,ok
1997-06-11,4.77,ok
1997-06-12,4.745,ok
1997-06-13,4.71,ok
1997-06-16,4.705,ok
1997-06-17,4.72,ok
1997-06-18,4.798,ok
1997-06-19,4.725,ok
1997-06-20,4.75,ok
1997-06-23,4.723,ok
1997-06-24,4.8,ok
1997-06-25,4.773,ok
1997-06-26,4.77,ok
1997-06-27,4.75,ok
1997-06-30,4.715,ok
1997-07-01,4.645,ok
1997-07-02,4.645,ok
1997-07-03,4.654,ok
1997-07-04,4.548,ok
1997-07-07,4.474,ok
1997-07-08,4.25,ok
1997-07-09,4.278,ok
1997-07-10,4.345,ok
1997-07-11,4.359,ok
1997-07-14,4.343,ok
1997-07-15,4.278,ok
1997-07-16,4.318,ok
1997-07-17,4.224,ok
1997-07-18,4.265,ok
1997-07-21,4.32,ok
1997-07-22,4.28,ok
1997-07-23,4.295,ok
1997-07-24,4.283,ok
1997-07-25,4.313,ok
1997-07-28,4.345,ok
1997-07-29,4.363,ok
1997-07-30,4.364,ok
1997-07-31,4.383,ok
1997-08-01,4.474,ok
1997-08-04,4.46,ok
1997-08-05,4.508,ok
1997-08-06,4.34,ok
1997-08-07,4.325,ok
1997-08-08,4.383,ok
1997-08-11,4.393,ok
1997-08-12,4.432,ok
1997-08-13,4.46,ok
1997-08-14,4.479,ok
1997-08-15,4.41,ok
1997-08-18,4.525,ok
1997-08-19,4.514,ok
1997-08-20,4.51,ok
1997-08-21,4.518,ok
1997-08-22,4.498,ok
1997-08-26,4.659,ok
1997-08-27,4.655,ok
1997-08-28,4.659,ok
1997-08-29,4.725,ok
1997-09-01,4.66,ok
1997-09-02,4.703,ok
1997-09-03,4.633,ok
1997-09-04,4.673,ok
1997-09-05,4.705,ok
1997-09-08,4.715,ok
1997-09-09,4.675,ok
1997-09-10,4.735,ok
1997-09-11,4.738,ok
1997-09-12,4.783,ok
1997-09-15,4.758,ok
1997-09-16,4.713,ok
1997-09-17,4.587,ok
1997-09-18,4.632,ok
1997-09-19,4.721,ok
1997-09-22,4.713,ok
1997-09-23,4.685,ok
1997-09-24,4.723,ok
1997-09-25,4.751,ok
1997-09-26,4.765,ok
1997-09-29,4.87,ok
1997-09-30,5.168,ok
1997-10-01,5.185,ok
1997-10-02,5.145,ok
1997-10-03,5.153,ok
1997-10-06,5.28,ok
1997-10-07,5.181,ok
1997-10-08,5.251,ok
1997-10-09,5.238,ok
1997-10-10,5.143,ok
1997-10-13,5.185,ok
1997-10-14,5.125,ok
1997-10-15,4.99,ok
1997-10-16,5.103,ok
1997-10-17,4.915,ok
1997-10-20,4.939,ok
1997-10-21,4.955,ok
1997-10-22,4.97,ok
1997-10-23,5.075,ok
1997-10-24,4.903,ok
1997-10-27,4.828,ok
1997-10-28,4.825,ok
1997-10-29,4.794,ok
1997-10-30,4.806,ok
1997-10-31,4.815,ok
1997-11-03,4.783,ok
1997-11-04,4.843,ok
1997-11-05,4.85,ok
1997-11-06,4.85,ok
1997-11-07,4.95,ok
1997-11-10,4.87,ok
1997-11-11,4.938,ok
1997-11-12,4.945,ok
1997-11-13,5.023,ok
1997-11-14,5.058,ok
1997-11-17,5.135,ok
1997-11-18,5.108,ok
1997-11-19,5.123,ok
1997-11-20,5.23,ok
1997-11-21,5.25,ok
1997-11-24,5.475,ok
1997-11-25,5.331,ok
1997-11-26,5.235,ok
1997-11-27,5.268,ok
1997-11-28,5.298,ok
1997-12-01,5.235,ok
1997-12-02,5.315,ok
1997-12-03,5.315,ok
1997-12-04,5.295,ok
1997-12-05,5.31,ok
1997-12-08,5.43,ok
1997-12-09,5.383,ok
1997-12-10,5.835,ok
1997-12-11,6.05,ok
1997-12-12,5.785,ok
1997-12-15,5.96,ok
1997-12-16,5.838,ok
1997-12-17,6.05,ok
1997-12-18,6.01,ok
1997-12-19,6.085,ok
1997-12-22,6.055,ok
1997-12-23,6.03,ok
1997-12-24,6.268,ok
1997-12-29,6.24,ok
1997-12-30,6.203,ok
1997-12-31,5.995,ok
1998-01-02,5.94,ok
1998-01-05,5.88,ok
1998-01-06,6.02,ok
1998-01-07,6.095,ok
1998-01-08,6.064,ok
1998-01-09,5.74,ok
1998-01-12,5.533,ok
1998-01-13,5.59,ok
1998-01-14,5.7,ok
1998-01-15,5.795,ok
1998-01-16,5.893,ok
1998-01-19,5.765,ok
1998-01-20,5.8,ok
1998-01-21,5.795,ok
1998-01-22,5.88,ok
1998-01-23,5.825,ok
1998-01-26,5.938,ok
1998-01-27,6.048,ok
1998-01-28,6.018,ok
1998-01-29,6.158,ok
1998-01-30,6.048,ok
1998-02-02,6.25,ok
1998-02-03,6.385,ok
1998-02-04,7.05,ok
1998-02-05,7.546,ok
1998-02-06,7.81,ok
1998-02-09,7.19,ok
1998-02-10,7.135,ok
1998-02-11,7.09,ok
1998-02-12,7,ok
1998-02-13,7.08,ok
1998-02-16,7.09,ok
1998-02-17,7.215,ok
1998-02-18,6.715,ok
1998-02-19,6.69,ok
1998-02-20,6.765,ok
1998-02-23,6.475,ok
1998-02-24,6.39,ok
1998-02-25,6.34,ok
1998-02-26,6.048,ok
1998-02-27,6.37,ok
1998-03-02,6.605,ok
1998-03-03,6.498,ok
1998-03-04,6.39,ok
1998-03-05,6.32,ok
1998-03-06,6.31,ok
1998-03-09,6.064,ok
1998-03-10,6.118,ok
1998-03-11,6.313,ok
1998-03-12,6.175,ok
1998-03-13,6.235,ok
1998-03-16,6.118,ok
1998-03-17,6.073,ok
1998-03-18,5.8,ok
1998-03-19,5.845,ok
1998-03-20,5.933,ok
1998-03-23,6.323,ok
1998-03-24,6.46,ok
1998-03-25,6.338,ok
1998-03-26,6.36,ok
1998-03-27,6.375,ok
1998-03-30,6.35,ok
1998-03-31,6.345,ok
1998-04-01,6.465,ok
1998-04-02,6.454,ok
1998-04-03,6.73,ok
1998-04-06,6.635,ok
1998-04-07,6.385,ok
1998-04-08,6.46,ok
1998-04-09,6.41,ok
1998-04-14,6.41,ok
1998-04-15,6.24,ok
1998-04-16,6.07,ok
1998-04-17,6.275,ok
1998-04-20,6.274,ok
1998-04-21,6.23,ok
1998-04-22,6.31,ok
1998-04-23,6.32,ok
1998-04-24,6.315,ok
1998-04-27,6.215,ok
1998-04-28,6.135,ok
1998-04-29,6.105,ok
1998-04-30,6.215,ok
1998-05-01,6.17,ok
1998-05-05,6.235,ok
1998-05-06,6.078,ok
1998-05-07,5.88,ok
1998-05-08,6.008,ok
1998-05-11,5.79,ok
1998-05-12,5.788,ok
1998-05-13,5.46,ok
1998-05-14,5.56,ok
1998-05-15,5.663,ok
1998-05-18,5.42,ok
1998-05-19,5.253,ok
1998-05-20,5.21,ok
1998-05-21,5.34,ok
1998-05-22,5.31,ok
1998-05-26,5.28,ok
1998-05-27,5.085,ok
1998-05-28,5.175,ok
1998-05-29,4.957,ok
1998-06-01,5.143,ok
1998-06-02,5.118,ok
1998-06-03,5.19,ok
1998-06-04,5.175,ok
1998-06-05,5.23,ok
1998-06-08,5.255,ok
1998-06-09,5.46,ok
1998-06-10,5.355,ok
1998-06-11,5.308,ok
1998-06-12,5.165,ok
1998-06-15,5.093,ok
1998-06-16,5.135,ok
1998-06-17,5.28,ok
1998-06-18,5.318,ok
1998-06-19,5.295,ok
1998-06-22,5.31,ok
1998-06-23,5.36,ok
1998-06-24,5.335,ok
1998-06-25,5.293,ok
1998-06-26,5.39,ok
1998-06-29,5.305,ok
1998-06-30,5.358,ok
1998-07-01,5.525,ok
1998-07-02,5.445,ok
1998-07-03,5.343,ok
1998-07-06,5.32,ok
1998-07-07,5.345,ok
1998-07-08,5.33,ok
1998-07-09,5.335,ok
1998-07-10,5.295,ok
1998-07-13,5.268,ok
1998-07-14,5.33,ok
1998-07-15,5.32,ok
1998-07-16,5.363,ok
1998-07-17,5.285,ok
1998-07-20,5.39,ok
1998-07-21,5.423,ok
1998-07-22,5.65,ok
1998-07-23,5.673,ok
1998-07-24,5.833,ok
1998-07-27,5.625,ok
1998-07-28,5.64,ok
1998-07-29,5.67,ok
1998-07-30,5.54,ok
1998-07-31,5.525,ok
1998-08-03,5.408,ok
1998-08-04,5.385,ok
1998-08-05,5.473,ok
1998-08-06,5.42,ok
1998-08-07,5.41,ok
1998-08-10,5.285,ok
1998-08-11,5.2,ok
1998-08-12,5.245,ok
1998-08-13,5.105,ok
1998-08-14,5.14,ok
1998-08-17,5.13,ok
1998-08-18,5.12,ok
1998-08-19,5.1,ok
1998-08-20,5.103,ok
1998-08-21,5.16,ok
1998-08-24,5.16,ok
1998-08-25,5.073,ok
1998-08-26,4.965,ok
1998-08-27,4.975,ok
1998-08-28,4.785,ok
1998-09-01,4.73,ok
1998-09-02,4.848,ok
1998-09-03,4.81,ok
1998-09-04,4.98,ok
1998-09-07,5.04,ok
1998-09-08,5.01,ok
1998-09-09,4.85,ok
1998-09-10,4.98,ok
1998-09-11,5.053,ok
1998-09-14,4.96,ok
1998-09-15,4.93,ok
1998-09-16,4.95,ok
1998-09-17,4.943,ok
1998-09-18,4.995,ok
1998-09-21,5.005,ok
1998-09-22,4.895,ok
1998-09-23,4.88,ok
1998-09-24,5.06,ok
1998-09-25,5.185,ok
1998-09-28,5.14,ok
1998-09-29,5.355,ok
1998-09-30,5.385,ok
1998-10-01,5.36,ok
1998-10-02,5.305,ok
1998-10-05,5.155,ok
1998-10-06,5.088,ok
1998-10-07,5.13,ok
1998-10-08,5.22,ok
1998-10-09,5.013,ok
1998-10-12,4.845,ok
1998-10-13,4.865,ok
1998-10-14,4.803,ok
1998-10-15,4.82,ok
1998-10-16,4.96,ok
1998-10-19,4.9,ok
1998-10-20,4.855,ok
1998-10-21,4.89,ok
1998-10-22,4.88,ok
1998-10-23,4.865,ok
1998-10-26,4.86,ok
1998-10-27,5,ok
1998-10-28,5.06,ok
1998-10-29,5.045,ok
1998-10-30,5.055,ok
1998-11-02,5.035,ok
1998-11-03,4.96,ok
1998-11-04,4.925,ok
1998-11-05,4.95,ok
1998-11-06,5.035,ok
1998-11-09,4.995,ok
1998-11-10,5,ok
1998-11-11,4.988,ok
1998-11-12,4.985,ok
1998-11-13,5.128,ok
1998-11-16,5.035,ok
1998-11-17,4.95,ok
1998-11-18,4.955,ok
1998-11-19,5.01,ok
1998-11-20,4.96,ok
1998-11-23,4.915,ok
1998-11-24,4.918,ok
1998-11-25,4.915,ok
1998-11-26,4.92,ok
1998-11-27,4.935,ok
1998-11-30,4.925,ok
1998-12-01,4.875,ok
1998-12-02,4.875,ok
1998-12-03,4.69,ok
1998-12-04,4.783,ok
1998-12-07,4.76,ok
1998-12-08,4.78,ok
1998-12-09,4.82,ok
1998-12-10,4.835,ok
1998-12-11,4.835,ok
1998-12-14,4.785,ok
1998-12-15,4.87,ok
1998-12-16,4.943,ok
1998-12-17,5.018,ok
1998-12-18,4.935,ok
1998-12-21,4.95,ok
1998-12-22,4.89,ok
1998-12-23,4.89,ok
1998-12-24,4.905,ok
1998-12-29,4.915,ok
1998-12-30,5.03,ok
1998-12-31,5.005,ok
1999-01-04,4.995,ok
1999-01-05,4.91,ok
1999-01-06,5.153,ok
1999-01-07,5.29,ok
1999-01-08,5.21,ok
1999-01-11,5.255,ok
1999-01-12,5.355,ok
1999-01-13,5.185,ok
1999-01-14,5.14,ok
1999-01-15,5.105,ok
1999-01-18,5.13,ok
1999-01-19,5.125,ok
1999-01-20,5.13,ok
1999-01-21,5.153,ok
1999-01-22,5.135,ok
1999-01-25,5.095,ok
1999-01-26,5.15,ok
1999-01-27,5.08,ok
1999-01-28,5.088,ok
1999-01-29,5.238,ok
1999-02-01,5.275,ok
1999-02-02,5.28,ok
1999-02-03,5.54,ok
1999-02-04,5.62,ok
1999-02-05,5.69,ok
1999-02-08,5.575,ok
1999-02-09,5.53,ok
1999-02-10,5.525,ok
1999-02-11,5.495,ok
1999-02-12,5.64,ok
1999-02-15,5.75,ok
1999-02-16,5.665,ok
1999-02-17,5.385,ok
1999-02-18,5.463,ok
1999-02-19,5.6,ok
1999-02-22,5.575,ok
1999-02-23,5.505,ok
1999-02-24,5.5,ok
1999-02-25,5.42,ok
1999-02-26,5.58,ok
1999-03-01,5.62,ok
1999-03-02,5.485,ok
1999-03-03,5.345,ok
1999-03-04,5.223,ok
1999-03-05,5.295,ok
1999-03-08,5.245,ok
1999-03-09,5.315,ok
1999-03-10,5.24,ok
1999-03-11,5.285,ok
1999-03-12,5.308,ok
1999-03-15,5.205,ok
1999-03-16,5.055,ok
1999-03-17,5.043,ok
1999-03-18,5.04,ok
1999-03-19,5.035,ok
1999-03-22,5.07,ok
1999-03-23,5.13,ok
1999-03-24,5.095,ok
1999-03-25,5.055,ok
1999-03-26,5.058,ok
1999-03-29,5.093,ok
1999-03-30,5.115,ok
1999-03-31,5.025,ok
1999-04-01,5.01,ok
1999-04-06,4.945,ok
1999-04-07,4.958,ok
1999-04-08,4.978,ok
1999-04-09,4.915,ok
1999-04-12,4.98,ok
1999-04-13,4.89,ok
1999-04-14,4.94,ok
1999-04-15,4.88,ok
1999-04-16,5.02,ok
1999-04-19,5.065,ok
1999-04-20,5.145,ok
1999-04-21,5.115,ok
1999-04-22,5.153,ok
1999-04-23,5.183,ok
1999-04-26,5.145,ok
1999-04-27,5.098,ok
1999-04-28,5.205,ok
1999-04-29,5.275,ok
1999-04-30,5.44,ok
1999-05-04,5.325,ok
1999-05-05,5.295,ok
1999-05-06,5.43,ok
1999-05-07,5.273,ok
1999-05-10,5.375,ok
1999-05-11,5.383,ok
1999-05-12,5.4,ok
1999-05-13,5.365,ok
1999-05-14,5.47,ok
1999-05-17,5.36,ok
1999-05-18,5.375,ok
1999-05-19,5.285,ok
1999-05-20,5.315,ok
1999-05-21,5.305,ok
1999-05-24,5.145,ok
1999-05-25,5.085,ok
1999-05-26,5.05,ok
1999-05-27,4.955,ok
1999-05-28,4.935,ok
1999-06-01,4.88,ok
1999-06-02,4.98,ok
1999-06-03,4.96,ok
1999-06-04,4.903,ok
1999-06-07,4.98,ok
1999-06-08,4.98,ok
1999-06-09,4.928,ok
1999-06-10,5.02,ok
1999-06-11,5.09,ok
1999-06-14,5.115,ok
1999-06-15,5.073,ok
1999-06-16,5.01,ok
1999-06-17,5.048,ok
1999-06-18,5.065,ok
1999-06-21,4.97,ok
1999-06-22,5.02,ok
1999-06-23,5.07,ok
1999-06-24,5.1,ok
1999-06-25,5.125,ok
1999-06-28,5.073,ok
1999-06-29,5.15,ok
1999-06-30,5.218,ok
1999-07-01,5.31,ok
1999-07-02,5.24,ok
1999-07-05,5.27,ok
1999-07-06,5.258,ok
1999-07-07,5.175,ok
1999-07-08,5.225,ok
1999-07-09,5.215,ok
1999-07-12,5.228,ok
1999-07-13,5.089,ok
1999-07-14,5.12,ok
1999-07-15,5.05,ok
1999-07-16,5.11,ok
1999-07-19,5.05,ok
1999-07-20,5.05,ok
1999-07-21,5.025,ok
1999-07-22,5.115,ok
1999-07-23,5.13,ok
1999-07-26,5.115,ok
1999-07-27,5.16,ok
1999-07-28,5.15,ok
1999-07-29,5.323,ok
1999-07-30,5.448,ok
1999-08-02,5.36,ok
1999-08-03,5.41,ok
1999-08-04,5.52,ok
1999-08-05,5.455,ok
1999-08-06,5.385,ok
1999-08-09,5.358,ok
1999-08-10,5.28,ok
1999-08-11,5.34,ok
1999-08-12,5.395,ok
1999-08-13,5.34,ok
1999-08-16,5.258,ok
1999-08-17,5.235,ok
1999-08-18,5.24,ok
1999-08-19,5.205,ok
1999-08-20,5.188,ok
1999-08-23,5.245,ok
1999-08-24,5.13,ok
1999-08-25,5.11,ok
1999-08-26,5.075,ok
1999-08-27,5.12,ok
1999-08-31,5.078,ok
1999-09-01,5.195,ok
1999-09-02,5.143,ok
1999-09-03,5.19,ok
1999-09-06,5.135,ok
1999-09-07,5.16,ok
1999-09-08,5.165,ok
1999-09-09,5.188,ok
1999-09-10,5.2,ok
1999-09-13,5.19,ok
1999-09-14,5.135,ok
1999-09-15,5.13,ok
1999-09-16,5.1,ok
1999-09-17,5.098,ok
1999-09-20,5.115,ok
1999-09-21,5.14,ok
1999-09-22,5.255,ok
1999-09-23,5.26,ok
1999-09-24,5.25,ok
1999-09-27,5.318,ok
1999-09-28,5.44,ok
1999-09-29,5.71,ok
1999-09-30,5.575,ok
1999-10-01,5.673,ok
1999-10-04,5.605,ok
1999-10-05,5.71,ok
1999-10-06,5.473,ok
1999-10-07,5.578,ok
1999-10-08,5.555,ok
1999-10-11,5.52,ok
1999-10-12,5.565,ok
1999-10-13,5.55,ok
1999-10-14,5.65,ok
1999-10-15,5.38,ok
1999-10-18,5.345,ok
1999-10-19,5.23,ok
1999-10-20,5.24,ok
1999-10-21,5.173,ok
1999-10-22,5.21,ok
1999-10-25,5.24,ok
1999-10-26,5.263,ok
1999-10-27,5.185,ok
1999-10-28,5.21,ok
1999-10-29,5.29,ok
1999-11-01,5.195,ok
1999-11-02,5.21,ok
1999-11-03,5.22,ok
1999-11-04,5.22,ok
1999-11-05,5.21,ok
1999-11-08,5.055,ok
1999-11-09,5.078,ok
1999-11-10,5.11,ok
1999-11-11,5.125,ok
1999-11-12,5.075,ok
1999-11-15,5.07,ok
1999-11-16,5.095,ok
1999-11-17,5.168,ok
1999-11-18,5.1,ok
1999-11-19,5.13,ok
1999-11-22,5.135,ok
1999-11-23,5.173,ok
1999-11-24,5.25,ok
1999-11-25,5.198,ok
1999-11-26,5.198,ok
1999-11-29,5.22,ok
1999-11-30,5.18,ok
1999-12-01,5.19,ok
1999-12-02,5.16,ok
1999-12-03,5.085,ok
1999-12-06,5.07,ok
1999-12-07,5.135,ok
1999-12-08,5.14,ok
1999-12-09,5.09,ok
1999-12-10,5.108,ok
1999-12-13,5.115,ok
1999-12-14,5.103,ok
1999-12-15,5.185,ok
1999-12-16,5.16,ok
1999-12-17,5.2,ok
1999-12-20,5.2,ok
1999-12-21,5.175,ok
1999-12-22,5.165,ok
1999-12-23,5.198,ok
1999-12-24,5.19,ok
1999-12-29,5.19,ok
1999-12-30,5.33,ok
2000-01-04,5.303,ok
2000-01-05,5.285,ok
2000-01-06,5.14,ok
2000-01-07,5.135,ok
2000-01-10,5.145,ok
2000-01-11,5.155,ok
2000-01-12,5.145,ok
2000-01-13,5.09,ok
2000-01-14,5.095,ok
2000-01-17,5.125,ok
2000-01-18,5.13,ok
2000-01-19,5.103,ok
2000-01-20,5.13,ok
2000-01-21,5.18,ok
2000-01-24,5.21,ok
2000-01-25,5.268,ok
2000-01-26,5.2,ok
2000-01-27,5.295,ok
2000-01-28,5.37,ok
2000-01-31,5.26,ok
2000-02-01,5.243,ok
2000-02-02,5.208,ok
2000-02-03,5.2,ok
2000-02-04,5.23,ok
2000-02-07,5.448,ok
2000-02-08,5.27,ok
2000-02-09,5.363,ok
2000-02-10,5.36,ok
2000-02-11,5.36,ok
2000-02-14,5.235,ok
2000-02-15,5.24,ok
2000-02-16,5.23,ok
2000-02-17,5.285,ok
2000-02-18,5.23,ok
2000-02-21,5.24,ok
2000-02-22,5.24,ok
2000-02-23,5.255,ok
2000-02-24,5.22,ok
2000-02-25,5.15,ok
2000-02-28,5.078,ok
2000-02-29,5.095,ok
2000-03-01,5.125,ok
2000-03-02,5.035,ok
2000-03-03,5.02,ok
2000-03-06,5.09,ok
2000-03-07,5.05,ok
2000-03-08,5.065,ok
2000-03-09,5.05,ok
2000-03-10,5.11,ok
2000-03-13,5.093,ok
2000-03-14,5.08,ok
2000-03-15,5.08,ok
2000-03-16,5.115,ok
2000-03-17,5.06,ok
2000-03-20,5.065,ok
2000-03-21,5.035,ok
2000-03-22,5.13,ok
2000-03-23,5.105,ok
2000-03-24,5.08,ok
2000-03-27,5.09,ok
2000-03-28,5.065,ok
2000-03-29,5.05,ok
2000-03-30,4.94,ok
2000-03-31,4.935,ok
2000-04-03,5.04,ok
2000-04-04,4.99,ok
2000-04-05,5.11,ok
2000-04-06,5.095,ok
2000-04-07,5.085,ok
2000-04-10,5.08,ok
2000-04-11,5.118,ok
2000-04-12,5.095,ok
2000-04-13,5.1,ok
2000-04-14,5.13,ok
2000-04-17,5.135,ok
2000-04-18,5.085,ok
2000-04-19,5.103,ok
2000-04-20,5.095,ok
2000-04-25,4.96,ok
2000-04-26,4.97,ok
2000-04-27,4.975,ok
2000-04-28,4.938,ok
2000-05-02,5.005,ok
2000-05-03,5,ok
2000-05-04,5,ok
2000-05-05,5.075,ok
2000-05-08,4.985,ok
2000-05-09,4.99,ok
2000-05-10,5.025,ok
2000-05-11,5,ok
2000-05-12,4.97,ok
2000-05-15,4.98,ok
2000-05-16,5.005,ok
2000-05-17,5.04,ok
2000-05-18,4.965,ok
2000-05-19,4.98,ok
2000-05-22,4.978,ok
2000-05-23,4.995,ok
2000-05-24,4.98,ok
2000-05-25,4.968,ok
2000-05-26,4.915,ok
2000-05-30,4.94,ok
2000-05-31,4.9,ok
2000-06-01,4.895,ok
2000-06-02,4.91,ok
2000-06-05,5.03,ok
2000-06-06,5.005,ok
2000-06-07,5.045,ok
2000-06-08,5.055,ok
2000-06-09,5.035,ok
2000-06-12,5.01,ok
2000-06-13,5.088,ok
2000-06-14,4.995,ok
2000-06-15,5.06,ok
2000-06-16,5.05,ok
2000-06-19,5.04,ok
2000-06-20,4.99,ok
2000-06-21,5.02,ok
2000-06-22,4.93,ok
2000-06-23,4.955,ok
2000-06-26,4.94,ok
2000-06-27,4.955,ok
2000-06-28,4.935,ok
2000-06-29,4.978,ok
2000-06-30,5.018,ok
2000-07-03,4.995,ok
2000-07-04,4.99,ok
2000-07-05,4.99,ok
2000-07-06,4.97,ok
2000-07-07,4.985,ok
2000-07-10,4.975,ok
2000-07-11,4.975,ok
2000-07-12,4.955,ok
2000-07-13,4.955,ok
2000-07-14,4.96,ok
2000-07-17,5.005,ok
2000-07-18,5.015,ok
2000-07-19,4.99,ok
2000-07-20,4.96,ok
2000-07-21,4.988,ok
2000-07-24,4.925,ok
2000-07-25,4.92,ok
2000-07-26,4.965,ok
2000-07-27,4.935,ok
2000-07-28,4.95,ok
2000-07-31,4.95,ok
2000-08-01,4.978,ok
2000-08-02,4.96,ok
2000-08-03,4.958,ok
2000-08-04,4.948,ok
2000-08-07,4.92,ok
2000-08-08,4.925,ok
2000-08-09,4.87,ok
2000-08-10,4.875,ok
2000-08-11,4.9,ok
2000-08-14,4.91,ok
2000-08-15,4.865,ok
2000-08-16,4.845,ok
2000-08-17,4.87,ok
2000-08-18,4.853,ok
2000-08-21,4.835,ok
2000-08-22,4.828,ok
2000-08-23,4.81,ok
2000-08-24,4.76,ok
2000-08-25,4.86,ok
2000-08-29,4.885,ok
2000-08-30,4.893,ok
2000-08-31,4.91,ok
2000-09-01,4.94,ok
2000-09-04,4.955,ok
2000-09-05,4.943,ok
2000-09-06,4.95,ok
2000-09-07,4.91,ok
2000-09-08,4.89,ok
2000-09-11,4.865,ok
2000-09-12,4.855,ok
2000-09-13,4.88,ok
2000-09-14,4.865,ok
2000-09-15,4.868,ok
2000-09-18,4.855,ok
2000-09-19,4.848,ok
2000-09-20,4.855,ok
2000-09-21,4.82,ok
2000-09-22,4.883,ok
2000-09-25,4.893,ok
2000-09-26,4.898,ok
2000-09-27,4.9,ok
2000-09-28,4.938,ok
2000-09-29,4.888,ok
2000-10-02,4.883,ok
2000-10-03,4.88,ok
2000-10-04,4.885,ok
2000-10-05,4.875,ok
2000-10-06,4.855,ok
2000-10-09,4.86,ok
2000-10-10,4.865,ok
2000-10-11,4.885,ok
2000-10-12,4.853,ok
2000-10-13,4.883,ok
2000-10-16,4.86,ok
2000-10-17,4.845,ok
2000-10-18,4.84,ok
2000-10-19,4.83,ok
2000-10-20,4.815,ok
2000-10-23,4.83,ok
2000-10-24,4.78,ok
2000-10-25,4.78,ok
2000-10-26,4.75,ok
2000-10-27,4.718,ok
2000-10-30,4.755,ok
2000-10-31,4.74,ok
2000-11-01,4.75,ok
2000-11-02,4.75,ok
2000-11-03,4.71,ok
2000-11-06,4.73,ok
2000-11-07,4.74,ok
2000-11-08,4.715,ok
2000-11-09,4.723,ok
2000-11-10,4.725,ok
2000-11-13,4.67,ok
2000-11-14,4.663,ok
2000-11-15,4.66,ok
2000-11-16,4.67,ok
2000-11-17,4.653,ok
2000-11-20,4.645,ok
2000-11-21,4.648,ok
2000-11-22,4.62,ok
2000-11-23,4.62,ok
2000-11-24,4.615,ok
2000-11-27,4.62,ok
2000-11-28,4.693,ok
2000-11-29,4.695,ok
2000-11-30,4.63,ok
2000-12-01,4.685,ok
2000-12-04,4.665,ok
2000-12-05,4.693,ok
2000-12-06,4.71,ok
2000-12-07,4.745,ok
2000-12-08,4.71,ok
2000-12-11,4.66,ok
2000-12-12,4.66,ok
2000-12-13,4.65,ok
2000-12-14,4.638,ok
2000-12-15,4.61,ok
2000-12-18,4.575,ok
2000-12-19,4.57,ok
2000-12-20,4.61,ok
2000-12-21,4.605,ok
2000-12-22,4.6,ok
2000-12-27,4.63,ok
2000-12-28,4.595,ok
2000-12-29,4.575,ok
2001-01-02,4.59,ok
2001-01-03,4.525,ok
2001-01-04,4.495,ok
2001-01-05,4.52,ok
2001-01-08,4.57,ok
2001-01-09,4.55,ok
2001-01-10,4.53,ok
2001-01-11,4.545,ok
2001-01-12,4.56,ok
2001-01-15,4.6,ok
2001-01-16,4.605,ok
2001-01-17,4.668,ok
2001-01-18,4.725,ok
2001-01-19,4.82,ok
2001-01-22,4.775,ok
2001-01-23,4.805,ok
2001-01-24,4.765,ok
2001-01-25,4.778,ok
2001-01-26,4.785,ok
2001-01-29,4.785,ok
2001-01-30,4.798,ok
2001-01-31,4.79,ok
2001-02-01,4.798,ok
2001-02-02,4.745,ok
2001-02-05,4.72,ok
2001-02-06,4.66,ok
2001-02-07,4.63,ok
2001-02-08,4.58,ok
2001-02-09,4.57,ok
2001-02-12,4.555,ok
2001-02-13,4.57,ok
2001-02-14,4.55,ok
2001-02-15,4.515,ok
2001-02-16,4.5,ok
2001-02-19,4.495,ok
2001-02-20,4.498,ok
2001-02-21,4.42,ok
2001-02-22,4.425,ok
2001-02-23,4.45,ok
2001-02-26,4.435,ok
2001-02-27,4.463,ok
2001-02-28,4.43,ok
2001-03-01,4.51,ok
2001-03-02,4.42,ok
2001-03-05,4.4,ok
2001-03-06,4.42,ok
2001-03-07,4.42,ok
2001-03-08,4.46,ok
2001-03-09,4.505,ok
2001-03-12,4.51,ok
2001-03-13,4.415,ok
2001-03-14,4.45,ok
2001-03-15,4.42,ok
2001-03-16,4.35,ok
2001-03-19,4.325,ok
2001-03-20,4.335,ok
2001-03-21,4.335,ok
2001-03-22,4.34,ok
2001-03-23,4.345,ok
2001-03-26,4.35,ok
2001-03-27,4.365,ok
2001-03-28,4.428,ok
2001-03-29,4.36,ok
2001-03-30,4.33,ok
2001-04-02,4.295,ok
2001-04-03,4.325,ok
2001-04-04,4.325,ok
2001-04-05,4.345,ok
2001-04-06,4.35,ok
2001-04-09,4.35,ok
2001-04-10,4.325,ok
2001-04-11,4.33,ok
2001-04-12,4.365,ok
2001-04-17,4.405,ok
2001-04-18,4.325,ok
2001-04-19,4.375,ok
2001-04-20,4.43,ok
2001-04-23,4.42,ok
2001-04-24,4.43,ok
2001-04-25,4.435,ok
2001-04-26,4.38,ok
2001-04-27,4.4,ok
2001-04-30,4.365,ok
2001-05-01,4.338,ok
2001-05-02,4.385,ok
2001-05-03,4.385,ok
2001-05-04,4.36,ok
2001-05-08,4.325,ok
2001-05-09,4.323,ok
2001-05-10,4.395,ok
2001-05-11,4.345,ok
2001-05-14,4.34,ok
2001-05-15,4.34,ok
2001-05-16,4.335,ok
2001-05-17,4.42,ok
2001-05-18,4.45,ok
2001-05-21,4.585,ok
2001-05-22,4.515,ok
2001-05-23,4.52,ok
2001-05-24,4.625,ok
2001-05-25,4.568,ok
2001-05-29,4.52,ok
2001-05-30,4.513,ok
2001-05-31,4.425,ok
2001-06-01,4.395,ok
2001-06-04,4.405,ok
2001-06-05,4.348,ok
2001-06-06,4.36,ok
2001-06-07,4.335,ok
2001-06-08,4.345,ok
2001-06-11,4.36,ok
2001-06-12,4.333,ok
2001-06-13,4.385,ok
2001-06-14,4.398,ok
2001-06-15,4.45,ok
2001-06-18,4.375,ok
2001-06-19,4.43,ok
2001-06-20,4.4,ok
2001-06-21,4.35,ok
2001-06-22,4.335,ok
2001-06-25,4.32,ok
2001-06-26,4.3,ok
2001-06-27,4.353,ok
2001-06-28,4.305,ok
2001-06-29,4.335,ok
2001-07-02,4.305,ok
2001-07-03,4.29,ok
2001-07-04,4.27,ok
2001-07-05,4.26,ok
2001-07-06,4.225,ok
2001-07-09,4.265,ok
2001-07-10,4.265,ok
2001-07-11,4.255,ok
2001-07-12,4.26,ok
2001-07-13,4.253,ok
2001-07-16,4.31,ok
2001-07-17,4.22,ok
2001-07-18,4.24,ok
2001-07-19,4.27,ok
2001-07-20,4.22,ok
2001-07-23,4.258,ok
2001-07-24,4.26,ok
2001-07-25,4.24,ok
2001-07-26,4.24,ok
2001-07-27,4.25,ok
2001-07-30,4.225,ok
2001-07-31,4.215,ok
2001-08-01,4.24,ok
2001-08-02,4.233,ok
2001-08-03,4.24,ok
2001-08-06,4.22,ok
2001-08-07,4.14,ok
2001-08-08,4.155,ok
2001-08-09,4.155,ok
2001-08-10,4.22,ok
2001-08-13,4.175,ok
2001-08-14,4.16,ok
2001-08-15,4.23,ok
2001-08-16,4.17,ok
2001-08-17,4.215,ok
2001-08-20,4.24,ok
2001-08-21,4.165,ok
2001-08-22,4.205,ok
2001-08-23,4.195,ok
2001-08-24,4.22,ok
2001-08-28,4.21,ok
2001-08-29,4.21,ok
2001-08-30,4.203,ok
2001-08-31,4.2,ok
2001-09-03,4.195,ok
2001-09-04,4.175,ok
2001-09-05,4.19,ok
2001-09-06,4.18,ok
2001-09-07,4.185,ok
2001-09-10,4.18,ok
2001-09-11,4.18,ok
2001-09-12,4.22,ok
2001-09-13,4.215,ok
2001-09-14,4.27,ok
2001-09-17,4.29,ok
2001-09-18,4.365,ok
2001-09-19,4.465,ok
2001-09-20,4.62,ok
2001-09-21,4.6,ok
2001-09-24,4.508,ok
2001-09-25,4.52,ok
2001-09-26,4.553,ok
2001-09-27,4.545,ok
2001-09-28,4.585,ok
2001-10-01,4.58,ok
2001-10-02,4.595,ok
2001-10-03,4.588,ok
2001-10-04,4.61,ok
2001-10-05,4.645,ok
2001-10-08,4.645,ok
2001-10-09,4.63,ok
2001-10-10,4.488,ok
2001-10-11,4.415,ok
2001-10-12,4.42,ok
2001-10-15,4.42,ok
2001-10-16,4.355,ok
2001-10-17,4.375,ok
2001-10-18,4.345,ok
2001-10-19,4.24,ok
2001-10-22,4.235,ok
2001-10-23,4.225,ok
2001-10-24,4.245,ok
2001-10-25,4.19,ok
2001-10-26,4.205,ok
2001-10-29,4.215,ok
2001-10-30,4.288,ok
2001-10-31,4.275,ok
2001-11-01,4.235,ok
2001-11-02,4.22,ok
2001-11-05,4.125,ok
2001-11-06,4.125,ok
2001-11-07,4.145,ok
2001-11-08,4.13,ok
2001-11-09,4.105,ok
2001-11-12,4.15,ok
2001-11-13,4.113,ok
2001-11-14,4.18,ok
2001-11-15,4.11,ok
2001-11-16,4.118,ok
2001-11-19,4.11,ok
2001-11-20,4.08,ok
2001-11-21,4.065,ok
2001-11-22,4.065,ok
2001-11-23,4.095,ok
2001-11-26,4.07,ok
2001-11-27,4.07,ok
2001-11-28,4.09,ok
2001-11-29,4.138,ok
2001-11-30,4.14,ok
2001-12-03,4.18,ok
2001-12-04,4.208,ok
2001-12-05,4.145,ok
2001-12-06,4.22,ok
2001-12-07,4.27,ok
2001-12-10,4.235,ok
2001-12-11,4.245,ok
2001-12-12,4.29,ok
2001-12-13,4.27,ok
2001-12-14,4.36,ok
2001-12-17,4.385,ok
2001-12-18,4.44,ok
2001-12-19,4.49,ok
2001-12-20,4.385,ok
2001-12-21,4.52,ok
2001-12-24,4.54,ok
2001-12-27,4.54,ok
2001-12-28,4.5,ok
2001-12-31,4.52,ok
2002-01-02,4.59,ok
2002-01-03,4.63,ok
2002-01-04,4.68,ok
2002-01-07,4.715,ok
2002-01-08,4.77,ok
2002-01-09,4.75,ok
2002-01-10,4.845,ok
2002-01-11,4.76,ok
2002-01-14,4.668,ok
2002-01-15,4.555,ok
2002-01-16,4.67,ok
2002-01-17,4.565,ok
2002-01-18,4.413,ok
2002-01-21,4.355,ok
2002-01-22,4.34,ok
2002-01-23,4.298,ok
2002-01-24,4.293,ok
2002-01-25,4.333,ok
2002-01-28,4.285,ok
2002-01-29,4.235,ok
2002-01-30,4.295,ok
2002-01-31,4.275,ok
2002-02-01,4.248,ok
2002-02-04,4.3,ok
2002-02-05,4.3,ok
2002-02-06,4.475,ok
2002-02-07,4.365,ok
2002-02-08,4.38,ok
2002-02-11,4.4,ok
2002-02-12,4.388,ok
2002-02-13,4.44,ok
2002-02-14,4.51,ok
2002-02-15,4.58,ok
2002-02-18,4.545,ok
2002-02-19,4.515,ok
2002-02-20,4.495,ok
2002-02-21,4.405,ok
2002-02-22,4.445,ok
2002-02-25,4.395,ok
2002-02-26,4.375,ok
2002-02-27,4.45,ok
2002-02-28,4.435,ok
2002-03-01,4.495,ok
2002-03-04,4.598,ok
2002-03-05,4.57,ok
2002-03-06,4.525,ok
2002-03-07,4.48,ok
2002-03-08,4.485,ok
2002-03-11,4.53,ok
2002-03-12,4.493,ok
2002-03-13,4.503,ok
2002-03-14,4.543,ok
2002-03-15,4.485,ok
2002-03-18,4.485,ok
2002-03-19,4.508,ok
2002-03-20,4.515,ok
2002-03-21,4.513,ok
2002-03-22,4.505,ok
2002-03-25,4.535,ok
2002-03-26,4.563,ok
2002-03-27,4.642,ok
2002-03-28,4.675,ok
2002-04-02,4.665,ok
2002-04-03,4.7,ok
2002-04-04,4.613,ok
2002-04-05,4.615,ok
2002-04-08,4.558,ok
2002-04-09,4.565,ok
2002-04-10,4.555,ok
2002-04-11,4.615,ok
2002-04-12,4.565,ok
2002-04-15,4.58,ok
2002-04-16,4.46,ok
2002-04-17,4.445,ok
2002-04-18,4.46,ok
2002-04-19,4.503,ok
2002-04-22,4.54,ok
2002-04-23,4.525,ok
2002-04-24,4.583,ok
2002-04-25,4.59,ok
2002-04-26,4.62,ok
2002-04-29,4.635,ok
2002-04-30,4.6,ok
2002-05-01,4.54,ok
2002-05-02,4.52,ok
2002-05-03,4.565,ok
2002-05-07,4.62,ok
2002-05-08,4.62,ok
2002-05-09,4.56,ok
2002-05-10,4.623,ok
2002-05-13,4.69,ok
2002-05-14,4.615,ok
2002-05-15,4.6,ok
2002-05-16,4.635,ok
2002-05-17,4.64,ok
2002-05-20,4.66,ok
2002-05-21,4.785,ok
2002-05-22,4.82,ok
2002-05-23,4.775,ok
2002-05-24,4.855,ok
2002-05-27,4.77,ok
2002-05-28,4.82,ok
2002-05-29,4.91,ok
2002-05-30,4.905,ok
2002-05-31,5.045,ok
2002-06-05,5.05,ok
2002-06-06,4.935,ok
2002-06-07,5.008,ok
2002-06-10,4.94,ok
2002-06-11,4.89,ok
2002-06-12,4.88,ok
2002-06-13,4.865,ok
2002-06-14,4.89,ok
2002-06-17,4.82,ok
2002-06-18,4.845,ok
2002-06-19,4.895,ok
2002-06-20,4.86,ok
2002-06-21,4.88,ok
2002-06-24,4.905,ok
2002-06-25,4.85,ok
2002-06-26,4.88,ok
2002-06-27,4.82,ok
2002-06-28,4.87,ok
2002-07-01,4.8,ok
2002-07-02,4.865,ok
2002-07-03,4.915,ok
2002-07-04,4.91,ok
2002-07-05,4.91,ok
2002-07-08,4.94,ok
2002-07-09,4.965,ok
2002-07-10,5.043,ok
2002-07-11,5.02,ok
2002-07-12,5.06,ok
2002-07-15,5.045,ok
2002-07-16,5.098,ok
2002-07-17,5,ok
2002-07-18,4.995,ok
2002-07-19,5.01,ok
2002-07-22,5.05,ok
2002-07-23,4.988,ok
2002-07-24,4.86,ok
2002-07-25,4.86,ok
2002-07-26,4.825,ok
2002-07-29,4.65,ok
2002-07-30,4.66,ok
2002-07-31,4.66,ok
2002-08-01,4.54,ok
2002-08-02,4.625,ok
2002-08-05,4.62,ok
2002-08-06,4.605,ok
2002-08-07,4.64,ok
2002-08-08,4.68,ok
2002-08-09,4.63,ok
2002-08-12,4.705,ok
2002-08-13,4.6,ok
2002-08-14,4.63,ok
2002-08-15,4.485,ok
2002-08-16,4.505,ok
2002-08-19,4.498,ok
2002-08-20,4.435,ok
2002-08-21,4.44,ok
2002-08-22,4.42,ok
2002-08-23,4.44,ok
2002-08-27,4.44,ok
2002-08-28,4.5,ok
2002-08-29,4.495,ok
2002-08-30,4.565,ok
2002-09-02,4.47,ok
2002-09-03,4.485,ok
2002-09-04,4.465,ok
2002-09-05,4.505,ok
2002-09-06,4.53,ok
2002-09-09,4.535,ok
2002-09-10,4.54,ok
2002-09-11,4.53,ok
2002-09-12,4.548,ok
2002-09-13,4.59,ok
2002-09-16,4.545,ok
2002-09-17,4.55,ok
2002-09-18,4.58,ok
2002-09-19,4.648,ok
2002-09-20,4.62,ok
2002-09-23,4.638,ok
2002-09-24,4.625,ok
2002-09-25,4.62,ok
2002-09-26,4.555,ok
2002-09-27,4.51,ok
2002-09-30,4.533,ok
2002-10-01,4.523,ok
2002-10-02,4.485,ok
2002-10-03,4.488,ok
2002-10-04,4.475,ok
2002-10-07,4.485,ok
2002-10-08,4.44,ok
2002-10-09,4.355,ok
2002-10-10,4.345,ok
2002-10-11,4.295,ok
2002-10-14,4.333,ok
2002-10-15,4.305,ok
2002-10-16,4.315,ok
2002-10-17,4.355,ok
2002-10-18,4.34,ok
2002-10-21,4.375,ok
2002-10-22,4.378,ok
2002-10-23,4.41,ok
2002-10-24,4.39,ok
2002-10-25,4.375,ok
2002-10-28,4.42,ok
2002-10-29,4.43,ok
2002-10-30,4.478,ok
2002-10-31,4.475,ok
2002-11-01,4.545,ok
2002-11-04,4.45,ok
2002-11-05,4.5,ok
2002-11-06,4.47,ok
2002-11-07,4.503,ok
2002-11-08,4.588,ok
2002-11-11,4.53,ok
2002-11-12,4.565,ok
2002-11-13,4.573,ok
2002-11-14,4.555,ok
2002-11-15,4.55,ok
2002-11-18,4.54,ok
2002-11-19,4.55,ok
2002-11-20,4.545,ok
2002-11-21,4.535,ok
2002-11-22,4.46,ok
2002-11-25,4.5,ok
2002-11-26,4.47,ok
2002-11-27,4.44,ok
2002-11-28,4.43,ok
2002-11-29,4.43,ok
2002-12-02,4.43,ok
2002-12-03,4.443,ok
2002-12-04,4.57,ok
2002-12-05,4.615,ok
2002-12-06,4.653,ok
2002-12-09,4.625,ok
2002-12-10,4.58,ok
2002-12-11,4.625,ok
2002-12-12,4.65,ok
2002-12-13,4.743,ok
2002-12-16,4.7,ok
2002-12-17,4.725,ok
2002-12-18,4.62,ok
2002-12-19,4.72,ok
2002-12-20,4.665,ok
2002-12-23,4.625,ok
2002-12-24,4.615,ok
2002-12-27,4.67,ok
2002-12-30,4.72,ok
2002-12-31,4.665,ok
2003-01-02,4.74,ok
2003-01-03,4.785,ok
2003-01-06,4.91,ok
2003-01-07,4.84,ok
2003-01-08,4.775,ok
2003-01-09,4.833,ok
2003-01-10,4.84,ok
2003-01-13,4.82,ok
2003-01-14,4.81,ok
2003-01-15,4.733,ok
2003-01-16,4.77,ok
2003-01-17,4.813,ok
2003-01-20,4.785,ok
2003-01-21,4.76,ok
2003-01-22,4.825,ok
2003-01-23,4.85,ok
2003-01-24,4.78,ok
2003-01-27,4.905,ok
2003-01-28,4.8,ok
2003-01-29,4.85,ok
2003-01-30,4.785,ok
2003-01-31,4.873,ok
2003-02-03,4.845,ok
2003-02-04,4.85,ok
2003-02-05,4.928,ok
2003-02-06,4.775,ok
2003-02-07,4.71,ok
2003-02-10,4.65,ok
2003-02-11,4.573,ok
2003-02-12,4.565,ok
2003-02-13,4.523,ok
2003-02-14,4.53,ok
2003-02-17,4.493,ok
2003-02-18,4.51,ok
2003-02-19,4.578,ok
2003-02-20,4.64,ok
2003-02-21,4.638,ok
2003-02-24,4.675,ok
2003-02-25,4.698,ok
2003-02-26,4.625,ok
2003-02-27,4.65,ok
2003-02-28,4.595,ok
2003-03-03,4.61,ok
2003-03-04,4.678,ok
2003-03-05,4.658,ok
2003-03-06,4.63,ok
2003-03-07,4.668,ok
2003-03-10,4.675,ok
2003-03-11,4.655,ok
2003-03-12,4.665,ok
2003-03-13,4.585,ok
2003-03-14,4.54,ok
2003-03-17,4.57,ok
2003-03-18,4.47,ok
2003-03-19,4.48,ok
2003-03-20,4.405,ok
2003-03-21,4.403,ok
2003-03-24,4.378,ok
2003-03-25,4.395,ok
2003-03-26,4.38,ok
2003-03-27,4.408,ok
2003-03-28,4.385,ok
2003-03-31,4.46,ok
2003-04-01,4.438,ok
2003-04-02,4.395,ok
2003-04-03,4.37,ok
2003-04-04,4.39,ok
2003-04-07,4.385,ok
2003-04-08,4.42,ok
2003-04-09,4.475,ok
2003-04-10,4.47,ok
2003-04-11,4.465,ok
2003-04-14,4.48,ok
2003-04-15,4.515,ok
2003-04-16,4.49,ok
2003-04-17,4.48,ok
2003-04-22,4.543,ok
2003-04-23,4.565,ok
2003-04-24,4.605,ok
2003-04-25,4.62,ok
2003-04-28,4.625,ok
2003-04-29,4.555,ok
2003-04-30,4.605,ok
2003-05-01,4.66,ok
2003-05-02,4.75,ok
2003-05-06,4.795,ok
2003-05-07,4.76,ok
2003-05-08,4.725,ok
2003-05-09,4.78,ok
2003-05-12,4.79,ok
2003-05-13,4.835,ok
2003-05-14,4.815,ok
2003-05-15,4.865,ok
2003-05-16,4.79,ok
2003-05-19,4.83,ok
2003-05-20,4.84,ok
2003-05-21,4.74,ok
2003-05-22,4.715,ok
2003-05-23,4.675,ok
2003-05-27,4.683,ok
2003-05-28,4.59,ok
2003-05-29,4.61,ok
2003-05-30,4.56,ok
2003-06-02,4.5,ok
2003-06-03,4.515,ok
2003-06-04,4.52,ok
2003-06-05,4.48,ok
2003-06-06,4.53,ok
2003-06-09,4.52,ok
2003-06-10,4.51,ok
2003-06-11,4.483,ok
2003-06-12,4.495,ok
2003-06-13,4.51,ok
2003-06-16,4.59,ok
2003-06-17,4.615,ok
2003-06-18,4.57,ok
2003-06-19,4.523,ok
2003-06-20,4.555,ok
2003-06-23,4.53,ok
2003-06-24,4.54,ok
2003-06-25,4.505,ok
2003-06-26,4.53,ok
2003-06-27,4.525,ok
2003-06-30,4.505,ok
2003-07-01,4.555,ok
2003-07-02,4.575,ok
2003-07-03,4.625,ok
2003-07-04,4.655,ok
2003-07-07,4.655,ok
2003-07-08,4.69,ok
2003-07-09,4.74,ok
2003-07-10,4.825,ok
2003-07-11,4.755,ok
2003-07-14,4.795,ok
2003-07-15,4.78,ok
2003-07-16,4.67,ok
2003-07-17,4.68,ok
2003-07-18,4.66,ok
2003-07-21,4.73,ok
2003-07-22,4.753,ok
2003-07-23,4.833,ok
2003-07-24,5.06,ok
2003-07-25,5.015,ok
2003-07-28,5.08,ok
2003-07-29,5.02,ok
2003-07-30,5.1,ok
2003-07-31,5.08,ok
2003-08-01,5.12,ok
2003-08-04,5.035,ok
2003-08-05,4.98,ok
2003-08-06,4.93,ok
2003-08-07,4.935,ok
2003-08-08,5.05,ok
2003-08-11,4.98,ok
2003-08-12,4.98,ok
2003-08-13,4.87,ok
2003-08-14,5.04,ok
2003-08-15,5.015,ok
2003-08-18,4.915,ok
2003-08-19,4.92,ok
2003-08-20,4.995,ok
2003-08-21,4.985,ok
2003-08-22,4.93,ok
2003-08-26,4.95,ok
2003-08-27,4.995,ok
2003-08-28,5.09,ok
2003-08-29,5.105,ok
2003-09-01,5.155,ok
2003-09-02,5.11,ok
2003-09-03,4.975,ok
2003-09-04,5.015,ok
2003-09-05,5,ok
2003-09-08,5.095,ok
2003-09-09,5.135,ok
2003-09-10,5.21,ok
2003-09-11,5.225,ok
2003-09-12,5.315,ok
2003-09-15,5.155,ok
2003-09-16,5.165,ok
2003-09-17,5.16,ok
2003-09-18,5.3,ok
2003-09-19,5.2,ok
2003-09-22,5.31,ok
2003-09-23,5.255,ok
2003-09-24,5.225,ok
2003-09-25,5.318,ok
2003-09-26,5.19,ok
2003-09-29,5.125,ok
2003-09-30,5.115,ok
2003-10-01,5.125,ok
2003-10-02,5.075,ok
2003-10-03,5.08,ok
2003-10-06,4.835,ok
2003-10-07,4.84,ok
2003-10-08,4.89,ok
2003-10-09,4.815,ok
2003-10-10,4.855,ok
2003-10-13,4.885,ok
2003-10-14,4.94,ok
2003-10-15,4.905,ok
2003-10-16,4.91,ok
2003-10-17,4.92,ok
2003-10-20,4.915,ok
2003-10-21,5,ok
2003-10-22,5.08,ok
2003-10-23,5.145,ok
2003-10-24,5.148,ok
2003-10-27,5.125,ok
2003-10-28,5.15,ok
2003-10-29,5.093,ok
2003-10-30,5.185,ok
2003-10-31,5.135,ok
2003-11-03,5.06,ok
2003-11-04,4.933,ok
2003-11-05,5.008,ok
2003-11-06,4.955,ok
2003-11-07,4.965,ok
2003-11-10,5.03,ok
2003-11-11,5.06,ok
2003-11-12,5.075,ok
2003-11-13,5.32,ok
2003-11-14,5.3,ok
2003-11-17,5.385,ok
2003-11-18,5.205,ok
2003-11-19,5.32,ok
2003-11-20,5.265,ok
2003-11-21,5.235,ok
2003-11-24,5.24,ok
2003-11-25,5.21,ok
2003-11-26,5.3,ok
2003-11-27,5.34,ok
2003-11-28,5.35,ok
2003-12-01,5.36,ok
2003-12-02,5.46,ok
2003-12-03,5.47,ok
2003-12-04,5.44,ok
2003-12-05,5.415,ok
2003-12-08,5.505,ok
2003-12-09,5.54,ok
2003-12-10,5.605,ok
2003-12-11,5.54,ok
2003-12-12,5.62,ok
2003-12-15,5.555,ok
2003-12-16,5.66,ok
2003-12-17,5.63,ok
2003-12-18,5.7,ok
2003-12-19,5.665,ok
2003-12-22,5.725,ok
2003-12-23,5.685,ok
2003-12-24,5.72,ok
2003-12-29,5.86,ok
2003-12-30,5.91,ok
2003-12-31,5.965,ok
2004-01-02,5.985,ok
2004-01-05,5.975,ok
2004-01-06,6.28,ok
2004-01-07,6.215,ok
2004-01-08,6.2,ok
2004-01-09,6.245,ok
2004-01-12,6.65,ok
2004-01-13,6.615,ok
2004-01-14,6.545,ok
2004-01-15,6.315,ok
2004-01-16,6.205,ok
2004-01-19,6.335,ok
2004-01-20,6.39,ok
2004-01-21,6.3,ok
2004-01-22,6.26,ok
2004-01-23,6.345,ok
2004-01-26,6.245,ok
2004-01-27,6.24,ok
2004-01-28,6.54,ok
2004-01-29,6.535,ok
2004-01-30,6.225,ok
2004-02-02,6.205,ok
2004-02-03,6.175,ok
2004-02-04,6.08,ok
2004-02-05,6.14,ok
2004-02-06,6.095,ok
2004-02-09,6.345,ok
2004-02-10,6.435,ok
2004-02-11,6.285,ok
2004-02-12,6.54,ok
2004-02-13,6.563,ok
2004-02-16,6.535,ok
2004-02-17,6.64,ok
2004-02-18,6.82,ok
2004-02-19,6.618,ok
2004-02-20,6.608,ok
2004-02-23,6.49,ok
2004-02-24,6.538,ok
2004-02-25,6.758,ok
2004-02-26,6.363,ok
2004-02-27,6.58,ok
2004-03-01,6.73,ok
2004-03-02,6.86,ok
2004-03-03,6.595,ok
2004-03-04,6.82,ok
2004-03-05,6.795,ok
2004-03-08,6.92,ok
2004-03-09,6.92,ok
2004-03-10,7.17,ok
2004-03-11,7.095,ok
2004-03-12,7.205,ok
2004-03-15,7.105,ok
2004-03-16,7.155,ok
2004-03-17,7.155,ok
2004-03-18,7.235,ok
2004-03-19,7.425,ok
2004-03-22,7.65,ok
2004-03-23,7.54,ok
2004-03-24,7.675,ok
2004-03-25,7.54,ok
2004-03-26,7.49,ok
2004-03-29,7.67,ok
2004-03-30,7.61,ok
2004-03-31,7.825,ok
2004-04-01,7.94,ok
2004-04-02,8.29,ok
2004-04-05,8.195,ok
2004-04-06,8.14,ok
2004-04-07,8.155,ok
2004-04-08,8.085,ok
2004-04-13,7.855,ok
2004-04-14,7.155,ok
2004-04-15,6.86,ok
2004-04-16,7.115,ok
2004-04-19,7.275,ok
2004-04-20,7.035,ok
2004-04-21,6.42,ok
2004-04-22,6.14,ok
2004-04-23,6.19,ok
2004-04-26,6.225,ok
2004-04-27,6.275,ok
2004-04-28,6.23,ok
2004-04-29,5.57,ok
2004-04-30,5.95,ok
2004-05-04,6.1,ok
2004-05-05,6.085,ok
2004-05-06,6.03,ok
2004-05-07,5.8,ok
2004-05-10,5.495,ok
2004-05-11,5.67,ok
2004-05-12,5.635,ok
2004-05-13,5.55,ok
2004-05-14,5.56,ok
2004-05-17,5.81,ok
2004-05-18,5.74,ok
2004-05-19,5.72,ok
2004-05-20,5.835,ok
2004-05-21,5.86,ok
2004-05-24,5.835,ok
2004-05-25,6.03,ok
2004-05-26,6.11,ok
2004-05-27,6.07,ok
2004-05-28,6.165,ok
2004-06-01,6.17,ok
2004-06-02,6.09,ok
2004-06-03,5.82,ok
2004-06-04,5.76,ok
2004-06-07,5.865,ok
2004-06-08,5.9,ok
2004-06-09,5.74,ok
2004-06-10,5.658,ok
2004-06-11,5.69,ok
2004-06-14,5.66,ok
2004-06-15,5.63,ok
2004-06-16,5.65,ok
2004-06-17,5.755,ok
2004-06-18,5.95,ok
2004-06-21,5.94,ok
2004-06-22,5.8,ok
2004-06-23,5.88,ok
2004-06-24,5.875,ok
2004-06-25,6.15,ok
2004-06-28,6.178,ok
2004-06-29,5.89,ok
2004-06-30,5.91,ok
2004-07-01,5.875,ok
2004-07-02,5.885,ok
2004-07-05,6.035,ok
2004-07-06,6.025,ok
2004-07-07,6.035,ok
2004-07-08,6.2,ok
2004-07-09,6.5,ok
2004-07-12,6.53,ok
2004-07-13,6.38,ok
2004-07-14,6.415,ok
2004-07-15,6.54,ok
2004-07-16,6.62,ok
2004-07-19,6.705,ok
2004-07-20,6.575,ok
2004-07-21,6.47,ok
2004-07-22,6.345,ok
2004-07-23,6.31,ok
2004-07-26,6.295,ok
2004-07-27,6.24,ok
2004-07-28,6.19,ok
2004-07-29,6.32,ok
2004-07-30,6.42,ok
2004-08-02,6.64,ok
2004-08-03,6.5,ok
2004-08-04,6.62,ok
2004-08-05,6.64,ok
2004-08-06,6.68,ok
2004-08-09,6.7,ok
2004-08-10,6.68,ok
2004-08-11,6.6,ok
2004-08-12,6.58,ok
2004-08-13,6.48,ok
2004-08-16,6.69,ok
2004-08-17,6.71,ok
2004-08-18,6.695,ok
2004-08-19,6.82,ok
2004-08-20,6.805,ok
2004-08-23,6.77,ok
2004-08-24,6.65,ok
2004-08-25,6.57,ok
2004-08-26,6.6,ok
2004-08-27,6.675,ok
2004-08-31,6.74,ok
2004-09-01,6.73,ok
2004-09-02,6.76,ok
2004-09-03,6.713,ok
2004-09-06,6.54,ok
2004-09-07,6.515,ok
2004-09-08,6.18,ok
2004-09-09,6.13,ok
2004-09-10,6.14,ok
2004-09-13,6.13,ok
2004-09-14,6.19,ok
2004-09-15,6.185,ok
2004-09-16,6.268,ok
2004-09-17,6.265,ok
2004-09-20,6.205,ok
2004-09-21,6.28,ok
2004-09-22,6.3,ok
2004-09-23,6.39,ok
2004-09-24,6.42,ok
2004-09-27,6.39,ok
2004-09-28,6.59,ok
2004-09-29,6.53,ok
2004-09-30,6.665,ok
2004-10-01,6.84,ok
2004-10-04,6.83,ok
2004-10-05,6.735,ok
2004-10-06,7.15,ok
2004-10-07,7.13,ok
2004-10-08,7.15,ok
2004-10-11,7.235,ok
2004-10-12,7.025,ok
2004-10-13,6.785,ok
2004-10-14,6.995,ok
2004-10-15,7.06,ok
2004-10-18,7.04,ok
2004-10-19,6.96,ok
2004-10-20,7.24,ok
2004-10-21,7.325,ok
2004-10-22,7.205,ok
2004-10-25,7.44,ok
2004-10-26,7.31,ok
2004-10-27,7.32,ok
2004-10-28,7.06,ok
2004-10-29,7.16,ok
2004-11-01,7.24,ok
2004-11-02,7.195,ok
2004-11-03,7.045,ok
2004-11-04,7.255,ok
2004-11-05,7.36,ok
2004-11-08,7.445,ok
2004-11-09,7.43,ok
2004-11-10,7.5,ok
2004-11-11,7.415,ok
2004-11-12,7.485,ok
2004-11-15,7.59,ok
2004-11-16,7.505,ok
2004-11-17,7.623,ok
2004-11-18,7.66,ok
2004-11-19,7.585,ok
2004-11-22,7.615,ok
2004-11-23,7.565,ok
2004-11-24,7.56,ok
2004-11-25,7.69,ok
2004-11-26,7.67,ok
2004-11-29,7.65,ok
2004-11-30,7.755,ok
2004-12-01,7.715,ok
2004-12-02,8.04,ok
2004-12-03,7.83,ok
2004-12-06,8,ok
2004-12-07,7.843,ok
2004-12-08,7.48,ok
2004-12-09,6.9,ok
2004-12-10,6.71,ok
2004-12-13,6.828,ok
2004-12-14,6.765,ok
2004-12-15,6.78,ok
2004-12-16,6.785,ok
2004-12-17,6.685,ok
2004-12-20,6.81,ok
2004-12-21,6.85,ok
2004-12-22,6.845,ok
2004-12-23,6.88,ok
2004-12-24,6.885,ok
2004-12-29,6.97,ok
2004-12-30,6.77,ok
2004-12-31,6.815,ok
2005-01-04,6.39,ok
2005-01-05,6.455,ok
2005-01-06,6.42,ok
2005-01-07,6.46,ok
2005-01-10,6.47,ok
2005-01-11,6.523,ok
2005-01-12,6.58,ok
2005-01-13,6.708,ok
2005-01-14,6.63,ok
2005-01-17,6.595,ok
2005-01-18,6.58,ok
2005-01-19,6.68,ok
2005-01-20,6.52,ok
2005-01-21,6.58,ok
2005-01-24,6.81,ok
2005-01-25,6.79,ok
2005-01-26,6.72,ok
2005-01-27,6.785,ok
2005-01-28,6.77,ok
2005-01-31,6.72,ok
2005-02-01,6.7,ok
2005-02-02,6.73,ok
2005-02-03,6.705,ok
2005-02-04,6.655,ok
2005-02-07,6.595,ok
2005-02-08,6.485,ok
2005-02-09,6.55,ok
2005-02-10,6.578,ok
2005-02-11,6.98,ok
2005-02-14,7.245,ok
2005-02-15,7.245,ok
2005-02-16,7.13,ok
2005-02-17,7.255,ok
2005-02-18,7.32,ok
2005-02-21,7.365,ok
2005-02-22,7.55,ok
2005-02-23,7.45,ok
2005-02-24,7.47,ok
2005-02-25,7.243,ok
2005-02-28,7.35,ok
2005-03-01,7.26,ok
2005-03-02,7.13,ok
2005-03-03,7.29,ok
2005-03-04,7.17,ok
2005-03-07,7.35,ok
2005-03-08,7.4,ok
2005-03-09,7.57,ok
2005-03-10,7.52,ok
2005-03-11,7.415,ok
2005-03-14,7.475,ok
2005-03-15,7.415,ok
2005-03-16,7.41,ok
2005-03-17,7.36,ok
2005-03-18,7.335,ok
2005-03-21,7.25,ok
2005-03-22,7.11,ok
2005-03-23,6.915,ok
2005-03-24,6.935,ok
2005-03-29,6.92,ok
2005-03-30,6.96,ok
2005-03-31,7.188,ok
2005-04-01,7.105,ok
2005-04-04,6.96,ok
2005-04-05,6.94,ok
2005-04-06,7.05,ok
2005-04-07,7.12,ok
2005-04-08,7.03,ok
2005-04-11,7.185,ok
2005-04-12,7.235,ok
2005-04-13,7.16,ok
2005-04-14,7.105,ok
2005-04-15,7.01,ok
2005-04-18,7.045,ok
2005-04-19,7.055,ok
2005-04-20,7.205,ok
2005-04-21,7.285,ok
2005-04-22,7.235,ok
2005-04-25,7.215,ok
2005-04-26,7.265,ok
2005-04-27,7.215,ok
2005-04-28,7.095,ok
2005-04-29,6.98,ok
2005-05-03,6.85,ok
2005-05-04,6.895,ok
2005-05-05,7.05,ok
2005-05-06,7.035,ok
2005-05-09,6.955,ok
2005-05-10,7.06,ok
2005-05-11,7.08,ok
2005-05-12,7.005,ok
2005-05-13,6.88,ok
2005-05-16,6.885,ok
2005-05-17,6.97,ok
2005-05-18,7.02,ok
2005-05-19,7.18,ok
2005-05-20,7.1,ok
2005-05-23,6.98,ok
2005-05-24,7.008,ok
2005-05-25,7.01,ok
2005-05-26,7.08,ok
2005-05-27,7.17,ok
2005-05-31,7.13,ok
2005-06-01,7.38,ok
2005-06-02,7.48,ok
2005-06-03,7.53,ok
2005-06-06,7.46,ok
2005-06-07,7.525,ok
2005-06-08,7.4,ok
2005-06-09,7.38,ok
2005-06-10,7.24,ok
2005-06-13,7.2,ok
2005-06-14,7.255,ok
2005-06-15,7.255,ok
2005-06-16,7.375,ok
2005-06-17,7.395,ok
2005-06-20,7.37,ok
2005-06-21,7.215,ok
2005-06-22,7.24,ok
2005-06-23,7.22,ok
2005-06-24,7.285,ok
2005-06-27,7.24,ok
2005-06-28,7.215,ok
2005-06-29,7.07,ok
2005-06-30,7.1,ok
2005-07-01,7.02,ok
2005-07-04,6.91,ok
2005-07-05,6.89,ok
2005-07-06,6.885,ok
2005-07-07,7.03,ok
2005-07-08,6.943,ok
2005-07-11,7.04,ok
2005-07-12,7.103,ok
2005-07-13,7.035,ok
2005-07-14,6.985,ok
2005-07-15,6.965,ok
2005-07-18,6.995,ok
2005-07-19,6.945,ok
2005-07-20,6.965,ok
2005-07-21,7.095,ok
2005-07-22,7.115,ok
2005-07-25,7.11,ok
2005-07-26,7.075,ok
2005-07-27,6.99,ok
2005-07-28,7.065,ok
2005-07-29,7.145,ok
2005-08-01,7.25,ok
2005-08-02,7.24,ok
2005-08-03,7.255,ok
2005-08-04,7.225,ok
2005-08-05,7.203,ok
2005-08-08,7.13,ok
2005-08-09,6.995,ok
2005-08-10,7.07,ok
2005-08-11,7.085,ok
2005-08-12,7.175,ok
2005-08-15,7.065,ok
2005-08-16,6.98,ok
2005-08-17,7,ok
2005-08-18,6.96,ok
2005-08-19,6.995,ok
2005-08-22,6.99,ok
2005-08-23,7.055,ok
2005-08-24,6.965,ok
2005-08-25,6.945,ok
2005-08-26,6.845,ok
2005-08-30,6.755,ok
2005-08-31,6.74,ok
2005-09-01,6.855,ok
2005-09-02,7.02,ok
2005-09-05,7.055,ok
2005-09-06,7.025,ok
2005-09-07,7.02,ok
2005-09-08,7.04,ok
2005-09-09,6.985,ok
2005-09-12,6.975,ok
2005-09-13,6.985,ok
2005-09-14,6.955,ok
2005-09-15,7.028,ok
2005-09-16,7.08,ok
2005-09-19,7.31,ok
2005-09-20,7.33,ok
2005-09-21,7.285,ok
2005-09-22,7.423,ok
2005-09-23,7.29,ok
2005-09-26,7.225,ok
2005-09-27,7.295,ok
2005-09-28,7.27,ok
2005-09-29,7.4,ok
2005-09-30,7.53,ok
2005-10-03,7.375,ok
2005-10-04,7.43,ok
2005-10-05,7.345,ok
2005-10-06,7.43,ok
2005-10-07,7.62,ok
2005-10-10,7.775,ok
2005-10-11,7.76,ok
2005-10-12,7.845,ok
2005-10-13,7.735,ok
2005-10-14,7.67,ok
2005-10-17,7.86,ok
2005-10-18,7.775,ok
2005-10-19,7.73,ok
2005-10-20,7.6,ok
2005-10-21,7.6,ok
2005-10-24,7.615,ok
2005-10-25,7.72,ok
2005-10-26,7.83,ok
2005-10-27,7.81,ok
2005-10-28,7.79,ok
2005-10-31,7.765,ok
2005-11-01,7.535,ok
2005-11-02,7.42,ok
2005-11-03,7.575,ok
2005-11-04,7.555,ok
2005-11-07,7.485,ok
2005-11-08,7.523,ok
2005-11-09,7.65,ok
2005-11-10,7.74,ok
2005-11-11,7.698,ok
2005-11-14,7.828,ok
2005-11-15,7.77,ok
2005-11-16,7.785,ok
2005-11-17,8.095,ok
2005-11-18,8.11,ok
2005-11-21,8.11,ok
2005-11-22,8.165,ok
2005-11-23,8.05,ok
2005-11-24,8.135,ok
2005-11-25,8.2,ok
2005-11-28,8.268,ok
2005-11-29,8.29,ok
2005-11-30,8.21,ok
2005-12-01,8.315,ok
2005-12-02,8.535,ok
2005-12-05,8.59,ok
2005-12-06,8.6,ok
2005-12-07,8.82,ok
2005-12-08,8.79,ok
2005-12-09,8.97,ok
2005-12-12,9.225,ok
2005-12-13,8.74,ok
2005-12-14,8.39,ok
2005-12-15,8.39,ok
2005-12-16,8.61,ok
2005-12-19,8.615,ok
2005-12-20,8.55,ok
2005-12-21,8.275,ok
2005-12-22,8.385,ok
2005-12-23,8.5,ok
2005-12-28,8.76,ok
2005-12-29,8.905,ok
2005-12-30,8.83,ok
2006-01-03,9.04,ok
2006-01-04,9.14,ok
2006-01-05,8.99,ok
2006-01-06,8.83,ok
2006-01-09,9.1,ok
2006-01-10,9.04,ok
2006-01-11,8.9,ok
2006-01-12,9,ok
2006-01-13,9.01,ok
2006-01-16,9.19,ok
2006-01-17,9.035,ok
2006-01-18,8.875,ok
2006-01-19,8.905,ok
2006-01-20,9.08,ok
2006-01-23,8.925,ok
2006-01-24,9,ok
2006-01-25,9.425,ok
2006-01-26,9.49,ok
2006-01-27,9.69,ok
2006-01-30,9.655,ok
2006-01-31,9.91,ok
2006-02-01,9.77,ok
2006-02-02,9.82,ok
2006-02-03,9.81,ok
2006-02-06,9.76,ok
2006-02-07,9.72,ok
2006-02-08,9.275,ok
2006-02-09,9.5,ok
2006-02-10,9.55,ok
2006-02-13,9.26,ok
2006-02-14,9.22,ok
2006-02-15,9.32,ok
2006-02-16,9.2,ok
2006-02-17,9.46,ok
2006-02-20,9.54,ok
2006-02-21,9.49,ok
2006-02-22,9.53,ok
2006-02-23,9.573,ok
2006-02-24,9.54,ok
2006-02-27,9.665,ok
2006-02-28,9.695,ok
2006-03-01,9.8,ok
2006-03-02,9.788,ok
2006-03-03,10.26,ok
2006-03-06,10.22,ok
2006-03-07,9.995,ok
2006-03-08,9.95,ok
2006-03-09,9.875,ok
2006-03-10,9.855,ok
2006-03-13,10.015,ok
2006-03-14,10.065,ok
2006-03-15,10.25,ok
2006-03-16,10.275,ok
2006-03-17,10.365,ok
2006-03-20,10.34,ok
2006-03-21,10.28,ok
2006-03-22,10.53,ok
2006-03-23,10.5,ok
2006-03-24,10.68,ok
2006-03-27,10.895,ok
2006-03-28,10.81,ok
2006-03-29,10.875,ok
2006-03-30,11.45,ok
2006-03-31,11.755,ok
2006-04-03,11.585,ok
2006-04-04,11.745,ok
2006-04-05,11.655,ok
2006-04-06,12.03,ok
2006-04-07,12.165,ok
2006-04-10,12.418,ok
2006-04-11,12.67,ok
2006-04-12,12.75,ok
2006-04-13,12.61,ok
2006-04-18,13.635,ok
2006-04-19,14.27,ok
2006-04-20,14.31,ok
2006-04-21,12.185,ok
2006-04-24,12.78,ok
2006-04-25,12.465,ok
2006-04-26,12.72,ok
2006-04-27,12.52,ok
2006-04-28,12.555,ok
2006-05-02,13.92,ok
2006-05-03,14.42,ok
2006-05-04,13.685,ok
2006-05-05,14.07,ok
2006-05-08,13.75,ok
2006-05-09,13.895,ok
2006-05-10,14.34,ok
2006-05-11,14.43,ok
2006-05-12,14.94,ok
2006-05-15,13.25,ok
2006-05-16,13.22,ok
2006-05-17,13.82,ok
2006-05-18,13.12,ok
2006-05-19,12.43,ok
2006-05-22,12.16,ok
2006-05-23,12.87,ok
2006-05-24,12.8,ok
2006-05-25,12.57,ok
2006-05-26,12.7,ok
2006-05-30,12.9,ok
2006-05-31,13.13,ok
2006-06-01,12.05,ok
2006-06-02,12.15,ok
2006-06-05,12.37,ok
2006-06-06,11.87,ok
2006-06-07,11.46,ok
2006-06-08,11.55,ok
2006-06-09,11.41,ok
2006-06-12,11.02,ok
2006-06-13,10.47,ok
2006-06-14,9.72,ok
2006-06-15,10.15,ok
2006-06-16,10.28,ok
2006-06-19,9.89,ok
2006-06-20,10.15,ok
2006-06-21,10.27,ok
2006-06-22,10.54,ok
2006-06-23,10.09,ok
2006-06-26,10.36,ok
2006-06-27,10.26,ok
2006-06-28,10.38,ok
2006-06-29,10.38,ok
2006-06-30,10.7,ok
2006-07-03,11.28,ok
2006-07-04,11.23,ok
2006-07-05,11.45,ok
2006-07-06,11.31,ok
2006-07-07,11.51,ok
2006-07-10,11.04,ok
2006-07-11,11.29,ok
2006-07-12,11.75,ok
2006-07-13,11.62,ok
2006-07-14,11.63,ok
2006-07-17,11.5,ok
2006-07-18,11.01,ok
2006-07-19,10.52,ok
2006-07-20,11.08,ok
2006-07-21,11.01,ok
2006-07-24,10.74,ok
2006-07-25,11.01,ok
2006-07-26,10.9,ok
2006-07-27,11.22,ok
2006-07-28,11.34,ok
2006-07-31,11.44,ok
2006-08-01,11.355,ok
2006-08-02,11.75,ok
2006-08-03,12.065,ok
2006-08-04,12.2,ok
2006-08-07,12.45,ok
2006-08-08,12.13,ok
2006-08-09,12.265,ok
2006-08-10,12.43,ok
2006-08-11,12.275,ok
2006-08-14,11.76,ok
2006-08-15,11.99,ok
2006-08-16,12.15,ok
2006-08-17,12.28,ok
2006-08-18,12.01,ok
2006-08-21,12.24,ok
2006-08-22,12.2,ok
2006-08-23,12.42,ok
2006-08-24,12.58,ok
2006-08-25,12.4,ok
2006-08-29,12.14,ok
2006-08-30,12.22,ok
2006-08-31,12.6,ok
2006-09-01,12.75,ok
2006-09-04,12.995,ok
2006-09-05,13.15,ok
2006-09-06,12.95,ok
2006-09-07,13.06,ok
2006-09-08,12.29,ok
2006-09-11,11.76,ok
2006-09-12,11.34,ok
2006-09-13,11,ok
2006-09-14,11.35,ok
2006-09-15,10.7,ok
2006-09-18,10.97,ok
2006-09-19,10.91,ok
2006-09-20,10.74,ok
2006-09-21,11.02,ok
2006-09-22,11.28,ok
2006-09-25,11.05,ok
2006-09-26,11.11,ok
2006-09-27,11.58,ok
2006-09-28,11.66,ok
2006-09-29,11.55,ok
2006-10-02,11.58,ok
2006-10-03,11.34,ok
2006-10-04,10.825,ok
2006-10-05,10.96,ok
2006-10-06,11.01,ok
2006-10-09,11.335,ok
2006-10-10,11.21,ok
2006-10-11,11.14,ok
2006-10-12,11.3,ok
2006-10-13,11.4,ok
2006-10-16,11.72,ok
2006-10-17,11.85,ok
2006-10-18,11.76,ok
2006-10-19,11.62,ok
2006-10-20,11.98,ok
2006-10-23,11.71,ok
2006-10-24,11.57,ok
2006-10-25,11.75,ok
2006-10-26,11.97,ok
2006-10-27,12.05,ok
2006-10-30,12.13,ok
2006-10-31,12.08,ok
2006-11-01,12.36,ok
2006-11-02,12.41,ok
2006-11-03,12.62,ok
2006-11-06,12.51,ok
2006-11-07,12.62,ok
2006-11-08,12.605,ok
2006-11-09,12.595,ok
2006-11-10,13.025,ok
2006-11-13,12.86,ok
2006-11-14,12.85,ok
2006-11-15,12.69,ok
2006-11-16,12.94,ok
2006-11-17,12.75,ok
2006-11-20,12.92,ok
2006-11-21,12.92,ok
2006-11-22,13.07,ok
2006-11-23,13.12,ok
2006-11-24,13.365,ok
2006-11-27,13.485,ok
2006-11-28,13.44,ok
2006-11-29,13.65,ok
2006-11-30,13.68,ok
2006-12-01,13.85,ok
2006-12-04,14.05,ok
2006-12-05,14.045,ok
2006-12-06,13.68,ok
2006-12-07,13.67,ok
2006-12-08,13.84,ok
2006-12-11,13.72,ok
2006-12-12,13.85,ok
2006-12-13,13.795,ok
2006-12-14,13.77,ok
2006-12-15,13.73,ok
2006-12-18,12.97,ok
2006-12-19,12.46,ok
2006-12-20,12.8,ok
2006-12-21,12.52,ok
2006-12-22,12.5,ok
2006-12-27,12.86,ok
2006-12-28,12.84,ok
2006-12-29,12.9,ok
2007-01-02,13.01,ok
2007-01-03,12.91,ok
2007-01-04,12.62,ok
2007-01-05,12.7,ok
2007-01-08,12.21,ok
2007-01-09,12.36,ok
2007-01-10,12.45,ok
2007-01-11,12.41,ok
2007-01-12,12.43,ok
2007-01-15,12.885,ok
2007-01-16,12.84,ok
2007-01-17,12.55,ok
2007-01-18,12.84,ok
2007-01-19,12.72,ok
2007-01-22,12.865,ok
2007-01-23,13.09,ok
2007-01-24,13.2,ok
2007-01-25,13.38,ok
2007-01-26,13.22,ok
2007-01-29,13.25,ok
2007-01-30,13.15,ok
2007-01-31,13.36,ok
2007-02-01,13.58,ok
2007-02-02,13.66,ok
2007-02-05,13.29,ok
2007-02-06,13.66,ok
2007-02-07,13.65,ok
2007-02-08,13.53,ok
2007-02-09,13.84,ok
2007-02-12,13.78,ok
2007-02-13,13.79,ok
2007-02-14,13.96,ok
2007-02-15,13.98,ok
2007-02-16,13.9,ok
2007-02-19,14.03,ok
2007-02-20,13.9,ok
2007-02-21,13.74,ok
2007-02-22,14.25,ok
2007-02-23,14.28,ok
2007-02-26,14.58,ok
2007-02-27,14.49,ok
2007-02-28,14.31,ok
2007-03-01,14.29,ok
2007-03-02,13.53,ok
2007-03-05,12.605,ok
2007-03-06,12.935,ok
2007-03-07,12.89,ok
2007-03-08,13.09,ok
2007-03-09,13.07,ok
2007-03-12,12.97,ok
2007-03-13,12.92,ok
2007-03-14,12.65,ok
2007-03-15,12.9,ok
2007-03-16,13.07,ok
2007-03-19,13.16,ok
2007-03-20,13.25,ok
2007-03-21,13.33,ok
2007-03-22,13.375,ok
2007-03-23,13.37,ok
2007-03-26,13.26,ok
2007-03-27,13.34,ok
2007-03-28,13.36,ok
2007-03-29,13.34,ok
2007-03-30,13.35,ok
2007-04-02,13.335,ok
2007-04-03,13.28,ok
2007-04-04,13.45,ok
2007-04-05,13.58,ok
2007-04-10,13.84,ok
2007-04-11,13.92,ok
2007-04-12,13.84,ok
2007-04-13,13.88,ok
2007-04-16,14.09,ok
2007-04-17,13.96,ok
2007-04-18,13.96,ok
2007-04-19,13.835,ok
2007-04-20,13.87,ok
2007-04-23,13.86,ok
2007-04-24,14.03,ok
2007-04-25,13.79,ok
2007-04-26,13.66,ok
2007-04-27,13.35,ok
2007-04-30,13.5,ok
2007-05-01,13.45,ok
2007-05-02,13.18,ok
2007-05-03,13.33,ok
2007-05-04,13.4,ok
2007-05-08,13.48,ok
2007-05-09,13.45,ok
2007-05-10,13.29,ok
2007-05-11,13.04,ok
2007-05-14,13.19,ok
2007-05-15,13.02,ok
2007-05-16,13.16,ok
2007-05-17,12.9,ok
2007-05-18,12.87,ok
2007-05-21,12.93,ok
2007-05-22,13.07,ok
2007-05-23,12.96,ok
2007-05-24,13.04,ok
2007-05-25,12.925,ok
2007-05-29,13.03,ok
2007-05-30,13.11,ok
2007-05-31,13.25,ok
2007-06-01,13.53,ok
2007-06-04,13.67,ok
2007-06-05,13.71,ok
2007-06-06,13.69,ok
2007-06-07,13.65,ok
2007-06-08,13.31,ok
2007-06-11,13.16,ok
2007-06-12,13.15,ok
2007-06-13,12.86,ok
2007-06-14,13.04,ok
2007-06-15,13.06,ok
2007-06-18,13.31,ok
2007-06-19,13.19,ok
2007-06-20,13.34,ok
2007-06-21,13.17,ok
2007-06-22,13.155,ok
2007-06-25,12.96,ok
2007-06-26,12.85,ok
2007-06-27,12.26,ok
2007-06-28,12.425,ok
2007-06-29,12.54,ok
2007-07-02,12.47,ok
2007-07-03,12.6,ok
2007-07-04,12.605,ok
2007-07-05,12.6,ok
2007-07-06,12.4,ok
2007-07-09,12.74,ok
2007-07-10,12.76,ok
2007-07-11,12.95,ok
2007-07-12,12.95,ok
2007-07-13,13.125,ok
2007-07-16,13.03,ok
2007-07-17,12.9,ok
2007-07-18,12.94,ok
2007-07-19,13.25,ok
2007-07-20,13.29,ok
2007-07-23,13.34,ok
2007-07-24,13.34,ok
2007-07-25,13.175,ok
2007-07-26,13.13,ok
2007-07-27,12.75,ok
2007-07-30,12.73,ok
2007-07-31,12.93,ok
2007-08-01,12.77,ok
2007-08-02,12.96,ok
2007-08-03,12.96,ok
2007-08-06,13.1,ok
2007-08-07,12.99,ok
2007-08-08,13.03,ok
2007-08-09,12.975,ok
2007-08-10,12.69,ok
2007-08-13,12.87,ok
2007-08-14,12.76,ok
2007-08-15,12.51,ok
2007-08-16,12.365,ok
2007-08-17,11.69,ok
2007-08-20,11.95,ok
2007-08-21,11.67,ok
2007-08-22,11.68,ok
2007-08-23,11.88,ok
2007-08-24,11.7,ok
2007-08-28,11.83,ok
2007-08-29,11.8,ok
2007-08-30,11.86,ok
2007-08-31,11.95,ok
2007-09-03,12.1,ok
2007-09-04,12.095,ok
2007-09-05,12.215,ok
2007-09-06,12.245,ok
2007-09-07,12.57,ok
2007-09-10,12.56,ok
2007-09-11,12.57,ok
2007-09-12,12.66,ok
2007-09-13,12.47,ok
2007-09-14,12.5,ok
2007-09-17,12.59,ok
2007-09-18,12.96,ok
2007-09-19,12.995,ok
2007-09-20,13.17,ok
2007-09-21,13.47,ok
2007-09-24,13.62,ok
2007-09-25,13.28,ok
2007-09-26,13.44,ok
2007-09-27,13.51,ok
2007-09-28,13.65,ok
2007-10-01,13.775,ok
2007-10-02,13.28,ok
2007-10-03,13.35,ok
2007-10-04,13.22,ok
2007-10-05,13.435,ok
2007-10-08,13.29,ok
2007-10-09,13.21,ok
2007-10-10,13.62,ok
2007-10-11,13.67,ok
2007-10-12,13.79,ok
2007-10-15,13.95,ok
2007-10-16,13.66,ok
2007-10-17,13.6,ok
2007-10-18,13.68,ok
2007-10-19,13.83,ok
2007-10-22,13.35,ok
2007-10-23,13.57,ok
2007-10-24,13.44,ok
2007-10-25,13.725,ok
2007-10-26,14.07,ok
2007-10-29,14.41,ok
2007-10-30,14.175,ok
2007-10-31,14.32,ok
2007-11-01,14.36,ok
2007-11-02,14.32,ok
2007-11-05,14.49,ok
2007-11-06,14.96,ok
2007-11-07,15.82,ok
2007-11-08,15.36,ok
2007-11-09,15.15,ok
2007-11-12,15.14,ok
2007-11-13,14.675,ok
2007-11-14,14.97,ok
2007-11-15,14.82,ok
2007-11-16,14.45,ok
2007-11-19,14.52,ok
2007-11-20,14.36,ok
2007-11-21,14.55,ok
2007-11-22,14.52,ok
2007-11-23,14.55,ok
2007-11-26,14.885,ok
2007-11-27,14.65,ok
2007-11-28,14.275,ok
2007-11-29,14.38,ok
2007-11-30,14.23,ok
2007-12-03,13.86,ok
2007-12-04,14.25,ok
2007-12-05,14.34,ok
2007-12-06,14.06,ok
2007-12-07,14.44,ok
2007-12-10,14.38,ok
2007-12-11,14.615,ok
2007-12-12,14.635,ok
2007-12-13,14.61,ok
2007-12-14,14.01,ok
2007-12-17,13.745,ok
2007-12-18,13.97,ok
2007-12-19,13.98,ok
2007-12-20,13.97,ok
2007-12-21,14.28,ok
2007-12-24,14.35,ok
2007-12-27,14.67,ok
2007-12-28,14.75,ok
2007-12-31,14.76,ok
2008-01-02,14.93,ok
2008-01-03,15.38,ok
2008-01-04,15.275,ok
2008-01-07,15.24,ok
2008-01-08,15.485,ok
2008-01-09,16,ok
2008-01-10,15.62,ok
2008-01-11,16.06,ok
2008-01-14,16.5,ok
2008-01-15,16.24,ok
2008-01-16,15.85,ok
2008-01-17,15.88,ok
2008-01-18,15.825,ok
2008-01-21,15.77,ok
2008-01-22,15.57,ok
2008-01-23,15.95,ok
2008-01-24,16.35,ok
2008-01-25,16.53,ok
2008-01-28,16.44,ok
2008-01-29,16.75,ok
2008-01-30,16.76,ok
2008-01-31,16.74,ok
2008-02-01,17.19,ok
2008-02-04,16.7,ok
2008-02-05,16.51,ok
2008-02-06,16.48,ok
2008-02-07,16.7,ok
2008-02-08,16.95,ok
2008-02-11,17.37,ok
2008-02-12,17.46,ok
2008-02-13,16.98,ok
2008-02-14,17.26,ok
2008-02-15,17.38,ok
2008-02-18,17.01,ok
2008-02-19,17.25,ok
2008-02-20,17.42,ok
2008-02-21,17.98,ok
2008-02-22,17.94,ok
2008-02-25,18.06,ok
2008-02-26,18.12,ok
2008-02-27,19.33,ok
2008-02-28,19.24,ok
2008-02-29,19.62,ok
2008-03-03,20.16,ok
2008-03-04,20.32,ok
2008-03-05,19.48,ok
2008-03-06,20.8,ok
2008-03-07,20.22,ok
2008-03-10,19.57,ok
2008-03-11,20.25,ok
2008-03-12,19.7,ok
2008-03-13,20.79,ok
2008-03-14,20.41,ok
2008-03-17,20.92,ok
2008-03-18,20.38,ok
2008-03-19,19.88,ok
2008-03-20,17.53,ok
2008-03-25,17.575,ok
2008-03-26,18.07,ok
2008-03-27,18.2,ok
2008-03-28,18.36,ok
2008-03-31,17.99,ok
2008-04-01,16.74,ok
2008-04-02,16.89,ok
2008-04-03,17.15,ok
2008-04-04,17.45,ok
2008-04-07,17.96,ok
2008-04-08,18,ok
2008-04-09,17.49,ok
2008-04-10,18.32,ok
2008-04-11,17.95,ok
2008-04-14,17.45,ok
2008-04-15,17.86,ok
2008-04-16,18.07,ok
2008-04-17,18.56,ok
2008-04-18,18.18,ok
2008-04-21,17.86,ok
2008-04-22,17.56,ok
2008-04-23,17.55,ok
2008-04-24,17.09,ok
2008-04-25,16.68,ok
2008-04-28,16.94,ok
2008-04-29,16.78,ok
2008-04-30,16.47,ok
2008-05-01,16.64,ok
2008-05-02,16.19,ok
2008-05-06,16.7,ok
2008-05-07,16.69,ok
2008-05-08,16.58,ok
2008-05-09,16.97,ok
2008-05-12,16.74,ok
2008-05-13,17.08,ok
2008-05-14,16.69,ok
2008-05-15,16.6,ok
2008-05-16,16.83,ok
2008-05-19,17.18,ok
2008-05-20,17.03,ok
2008-05-21,17.77,ok
2008-05-22,17.82,ok
2008-05-23,18.1,ok
2008-05-27,18.14,ok
2008-05-28,17.26,ok
2008-05-29,17.17,ok
2008-05-30,16.85,ok
2008-06-02,16.86,ok
2008-06-03,16.82,ok
2008-06-04,16.67,ok
2008-06-05,16.65,ok
2008-06-06,17.19,ok
2008-06-09,17.46,ok
2008-06-10,16.94,ok
2008-06-11,16.58,ok
2008-06-12,16.59,ok
2008-06-13,16.31,ok
2008-06-16,16.73,ok
2008-06-17,17.22,ok
2008-06-18,17,ok
2008-06-19,17.22,ok
2008-06-20,17.44,ok
2008-06-23,17.19,ok
2008-06-24,16.85,ok
2008-06-25,16.7,ok
2008-06-26,16.88,ok
2008-06-27,17.4,ok
2008-06-30,17.65,ok
2008-07-01,17.56,ok
2008-07-02,17.92,ok
2008-07-03,18.31,ok
2008-07-04,18.01,ok
2008-07-07,17.85,ok
2008-07-08,17.62,ok
2008-07-09,17.82,ok
2008-07-10,18.17,ok
2008-07-11,18.38,ok
2008-07-14,18.69,ok
2008-07-15,19.3,ok
2008-07-16,18.83,ok
2008-07-17,18.67,ok
2008-07-18,18.55,ok
2008-07-21,18.35,ok
2008-07-22,18.6,ok
2008-07-23,17.59,ok
2008-07-24,17.52,ok
2008-07-25,17.55,ok
2008-07-28,17.47,ok
2008-07-29,17.42,ok
2008-07-30,17.12,ok
2008-07-31,17.48,ok
2008-08-01,17.59,ok
2008-08-04,17.37,ok
2008-08-05,16.67,ok
2008-08-06,16.74,ok
2008-08-07,16.59,ok
2008-08-08,15.76,ok
2008-08-11,15.335,ok
2008-08-12,14.45,ok
2008-08-13,14.68,ok
2008-08-14,14.86,ok
2008-08-15,12.82,ok
2008-08-18,13.01,ok
2008-08-19,13.01,ok
2008-08-20,13.27,ok
2008-08-21,13.59,ok
2008-08-22,13.62,ok
2008-08-26,13.05,ok
2008-08-27,13.76,ok
2008-08-28,13.78,ok
2008-08-29,13.76,ok
2008-09-01,13.58,ok
2008-09-02,13.18,ok
2008-09-03,12.79,ok
2008-09-04,13.02,ok
2008-09-05,12.72,ok
2008-09-08,12.38,ok
2008-09-09,12.04,ok
2008-09-10,11.27,ok
2008-09-11,10.66,ok
2008-09-12,10.8,ok
2008-09-15,10.84,ok
2008-09-16,10.88,ok
2008-09-17,10.77,ok
2008-09-18,12.93,ok
2008-09-19,12.15,ok
2008-09-22,12.985,ok
2008-09-23,13.38,ok
2008-09-24,13.29,ok
2008-09-25,13.34,ok
2008-09-26,13.18,ok
2008-09-29,13.06,ok
2008-09-30,12.96,ok
2008-10-01,12.28,ok
2008-10-02,12.25,ok
2008-10-03,11.2,ok
2008-10-06,11.29,ok
2008-10-07,11.64,ok
2008-10-08,11.65,ok
2008-10-09,11.64,ok
2008-10-10,11.74,ok
2008-10-13,10.61,ok
2008-10-14,10.89,ok
2008-10-15,10.92,ok
2008-10-16,9.99,ok
2008-10-17,9.56,ok
2008-10-20,9.79,ok
2008-10-21,9.86,ok
2008-10-22,9.84,ok
2008-10-23,9.34,ok
2008-10-24,8.88,ok
2008-10-27,9.01,ok
2008-10-28,9.09,ok
2008-10-29,9.38,ok
2008-10-30,10.02,ok
2008-10-31,9.28,ok
2008-11-03,10.05,ok
2008-11-04,9.95,ok
2008-11-05,10.28,ok
2008-11-06,10.41,ok
2008-11-07,10.13,ok
2008-11-10,10.31,ok
2008-11-11,9.94,ok
2008-11-12,9.65,ok
2008-11-13,9.365,ok
2008-11-14,9.33,ok
2008-11-17,9.5,ok
2008-11-18,9.38,ok
2008-11-19,9.4,ok
2008-11-20,9.39,ok
2008-11-21,9.17,ok
2008-11-24,10.04,ok
2008-11-25,10.33,ok
2008-11-26,10.3,ok
2008-11-27,10.26,ok
2008-11-28,10.12,ok
2008-12-01,9.91,ok
2008-12-02,9.41,ok
2008-12-03,9.43,ok
2008-12-04,9.58,ok
2008-12-05,9.46,ok
2008-12-08,9.73,ok
2008-12-09,9.83,ok
2008-12-10,9.96,ok
2008-12-11,10.39,ok
2008-12-12,10.07,ok
2008-12-15,10.33,ok
2008-12-16,10.5,ok
2008-12-17,10.98,ok
2008-12-18,11.29,ok
2008-12-19,10.61,ok
2008-12-22,10.97,ok
2008-12-23,10.7,ok
2008-12-24,10.29,ok
2008-12-29,10.93,ok
2008-12-30,10.83,ok
2008-12-31,10.79,ok
2009-01-02,11.08,ok
2009-01-05,11.07,ok
2009-01-06,10.85,ok
2009-01-07,11.41,ok
2009-01-08,10.88,ok
2009-01-09,11.22,ok
2009-01-12,11.09,ok
2009-01-13,10.62,ok
2009-01-14,10.77,ok
2009-01-15,10.51,ok
2009-01-16,10.78,ok
2009-01-19,11.16,ok
2009-01-20,11.32,ok
2009-01-21,11.34,ok
2009-01-22,11.32,ok
2009-01-23,11.46,ok
2009-01-26,12.1,ok
2009-01-27,11.91,ok
2009-01-28,11.98,ok
2009-01-29,11.74,ok
2009-01-30,12.51,ok
2009-02-02,12.43,ok
2009-02-03,12.37,ok
2009-02-04,12.4,ok
2009-02-05,12.8,ok
2009-02-06,12.89,ok
2009-02-09,13.01,ok
2009-02-10,12.96,ok
2009-02-11,13.39,ok
2009-02-12,13.34,ok
2009-02-13,13.37,ok
2009-02-16,13.55,ok
2009-02-17,13.9,ok
2009-02-18,14.05,ok
2009-02-19,14.26,ok
2009-02-20,14.28,ok
2009-02-23,14.36,ok
2009-02-24,14.39,ok
2009-02-25,13.81,ok
2009-02-26,13.48,ok
2009-02-27,13.21,ok
2009-03-02,13.14,ok
2009-03-03,12.68,ok
2009-03-04,12.87,ok
2009-03-05,13.15,ok
2009-03-06,13.46,ok
2009-03-09,13.36,ok
2009-03-10,12.71,ok
2009-03-11,12.62,ok
2009-03-12,12.84,ok
2009-03-13,13.11,ok
2009-03-16,13.06,ok
2009-03-17,12.86,ok
2009-03-18,12.61,ok
2009-03-19,13.13,ok
2009-03-20,13.65,ok
2009-03-23,13.76,ok
2009-03-24,13.51,ok
2009-03-25,13.16,ok
2009-03-26,13.6,ok
2009-03-27,13.22,ok
2009-03-30,12.96,ok
2009-03-31,13.11,ok
2009-04-01,12.98,ok
2009-04-02,12.88,ok
2009-04-03,12.86,ok
2009-04-06,12.41,ok
2009-04-07,12.17,ok
2009-04-08,12.28,ok
2009-04-09,12.3,ok
2009-04-14,12.65,ok
2009-04-15,12.935,ok
2009-04-16,12.65,ok
2009-04-17,11.98,ok
2009-04-20,12.06,ok
2009-04-21,12.14,ok
2009-04-22,12.12,ok
2009-04-23,12.43,ok
2009-04-24,12.78,ok
2009-04-27,12.98,ok
2009-04-28,12.56,ok
2009-04-29,12.5,ok
2009-04-30,12.63,ok
2009-05-01,12.15,ok
2009-05-05,13.11,ok
2009-05-06,13.44,ok
2009-05-07,14.01,ok
2009-05-08,13.9,ok
2009-05-11,13.9,ok
2009-05-12,14.09,ok
2009-05-13,14.14,ok
2009-05-14,13.84,ok
2009-05-15,13.92,ok
2009-05-18,13.79,ok
2009-05-19,13.88,ok
2009-05-20,14.29,ok
2009-05-21,14.23,ok
2009-05-22,14.66,ok
2009-05-26,14.3,ok
2009-05-27,14.5,ok
2009-05-28,14.88,ok
2009-05-29,15.52,ok
2009-06-01,15.86,ok
2009-06-02,15.62,ok
2009-06-03,15.97,ok
2009-06-04,15.305,ok
2009-06-05,15.65,ok
2009-06-08,14.84,ok
2009-06-09,14.93,ok
2009-06-10,15.39,ok
2009-06-11,15.09,ok
2009-06-12,15.07,ok
2009-06-15,14.31,ok
2009-06-16,14.3,ok
2009-06-17,14.02,ok
2009-06-18,14.19,ok
2009-06-19,14.23,ok
2009-06-22,13.83,ok
2009-06-23,13.77,ok
2009-06-24,13.88,ok
2009-06-25,13.87,ok
2009-06-26,14.26,ok
2009-06-29,14.07,ok
2009-06-30,13.94,ok
2009-07-01,13.65,ok
2009-07-02,13.41,ok
2009-07-03,13.44,ok
2009-07-06,13.03,ok
2009-07-07,13.32,ok
2009-07-08,13.05,ok
2009-07-09,12.89,ok
2009-07-10,12.63,ok
2009-07-13,12.47,ok
2009-07-14,12.88,ok
2009-07-15,13.27,ok
2009-07-16,13.21,ok
2009-07-17,13.16,ok
2009-07-20,13.74,ok
2009-07-21,13.52,ok
2009-07-22,13.4,ok
2009-07-23,13.76,ok
2009-07-24,13.78,ok
2009-07-27,14.06,ok
2009-07-28,14.02,ok
2009-07-29,13.6,ok
2009-07-30,13.4,ok
2009-07-31,13.63,ok
2009-08-03,14.29,ok
2009-08-04,14.08,ok
2009-08-05,14.67,ok
2009-08-06,14.67,ok
2009-08-07,14.65,ok
2009-08-10,14.47,ok
2009-08-11,14.355,ok
2009-08-12,14.28,ok
2009-08-13,15.07,ok
2009-08-14,14.98,ok
2009-08-17,14.13,ok
2009-08-18,14.09,ok
2009-08-19,13.585,ok
2009-08-20,14.04,ok
2009-08-21,14.01,ok
2009-08-24,14.41,ok
2009-08-25,14.11,ok
2009-08-26,14.32,ok
2009-08-27,14.2,ok
2009-08-28,14.54,ok
2009-09-01,14.74,ok
2009-09-02,14.91,ok
2009-09-03,15.73,ok
2009-09-04,15.95,ok
2009-09-07,16.21,ok
2009-09-08,16.75,ok
2009-09-09,16.24,ok
2009-09-10,16.09,ok
2009-09-11,16.89,ok
2009-09-14,16.35,ok
2009-09-15,16.52,ok
2009-09-16,17.29,ok
2009-09-17,17.38,ok
2009-09-18,17.11,ok
2009-09-21,16.68,ok
2009-09-22,17.24,ok
2009-09-23,17.1,ok
2009-09-24,16.76,ok
2009-09-25,16.2,ok
2009-09-28,15.91,ok
2009-09-29,16.07,ok
2009-09-30,16.45,ok
2009-10-01,16.55,ok
2009-10-02,16.21,ok
2009-10-05,16.23,ok
2009-10-06,16.95,ok
2009-10-07,17.4,ok
2009-10-08,17.8,ok
2009-10-09,17.63,ok
2009-10-12,17.89,ok
2009-10-13,17.99,ok
2009-10-14,17.93,ok
2009-10-15,17.54,ok
2009-10-16,17.31,ok
2009-10-19,17.52,ok
2009-10-20,17.755,ok
2009-10-21,17.39,ok
2009-10-22,17.55,ok
2009-10-23,17.65,ok
2009-10-26,17.61,ok
2009-10-27,17.06,ok
2009-10-28,16.33,ok
2009-10-29,16.33,ok
2009-10-30,16.57,ok
2009-11-02,16.58,ok
2009-11-03,16.35,ok
2009-11-04,17.48,ok
2009-11-05,17.38,ok
2009-11-06,17.525,ok
2009-11-09,17.68,ok
2009-11-10,17.26,ok
2009-11-11,17.63,ok
2009-11-12,17.51,ok
2009-11-13,17.323,ok
2009-11-16,17.74,ok
2009-11-17,18.1,ok
2009-11-18,18.74,ok
2009-11-19,18.2,ok
2009-11-20,18.18,ok
2009-11-23,18.76,ok
2009-11-24,18.57,ok
2009-11-25,18.63,ok
2009-11-26,18.49,ok
2009-11-27,17.98,ok
2009-11-30,18.14,ok
2009-12-01,18.72,ok
2009-12-02,19.18,ok
2009-12-03,19.11,ok
2009-12-04,18.83,ok
2009-12-07,18.04,ok
2009-12-08,18.11,ok
2009-12-09,17.77,ok
2009-12-10,17.39,ok
2009-12-11,17.51,ok
2009-12-14,17.19,ok
2009-12-15,17.18,ok
2009-12-16,17.6,ok
2009-12-17,17.4,ok
2009-12-18,17.31,ok
2009-12-21,17.27,ok
2009-12-22,16.95,ok
2009-12-23,16.92,ok
2009-12-24,17.32,ok
2009-12-29,17.42,ok
2009-12-30,16.92,ok
2009-12-31,16.99,ok
2010-01-04,17.17,ok
2010-01-05,17.57,ok
2010-01-06,17.89,ok
2010-01-07,18.09,ok
2010-01-08,18.12,ok
2010-01-11,18.84,ok
2010-01-12,18.41,ok
2010-01-13,18.35,ok
2010-01-14,18.58,ok
2010-01-15,18.52,ok
2010-01-18,18.66,ok
2010-01-19,18.5,ok
2010-01-20,18.48,ok
2010-01-21,17.68,ok
2010-01-22,17.28,ok
2010-01-25,17.16,ok
2010-01-26,16.79,ok
2010-01-27,16.74,ok
2010-01-28,16.62,ok
2010-01-29,16.29,ok
2010-02-01,16.23,ok
2010-02-02,16.78,ok
2010-02-03,16.79,ok
2010-02-04,16.13,ok
2010-02-05,15.17,ok
2010-02-08,15.14,ok
2010-02-09,15.2,ok
2010-02-10,15.6,ok
2010-02-11,15.37,ok
2010-02-12,15.33,ok
2010-02-15,15.57,ok
2010-02-16,15.82,ok
2010-02-17,16.21,ok
2010-02-18,15.83,ok
2010-02-19,15.95,ok
2010-02-22,16.44,ok
2010-02-23,16.1,ok
2010-02-24,15.76,ok
2010-02-25,15.92,ok
2010-02-26,16.12,ok
2010-03-01,16.5,ok
2010-03-02,16.57,ok
2010-03-03,17.17,ok
2010-03-04,17.34,ok
2010-03-05,17.25,ok
2010-03-08,17.33,ok
2010-03-09,17.05,ok
2010-03-10,17.47,ok
2010-03-11,16.91,ok
2010-03-12,17.31,ok
2010-03-15,17.02,ok
2010-03-16,17.24,ok
2010-03-17,17.54,ok
2010-03-18,17.49,ok
2010-03-19,17.31,ok
2010-03-22,16.78,ok
2010-03-23,16.78,ok
2010-03-24,16.68,ok
2010-03-25,16.79,ok
2010-03-26,16.85,ok
2010-03-29,17.15,ok
2010-03-30,17.41,ok
2010-03-31,17.5,ok
2010-04-01,17.69,ok
2010-04-06,17.92,ok
2010-04-07,17.97,ok
2010-04-08,17.98,ok
2010-04-09,18.34,ok
2010-04-12,18.49,ok
2010-04-13,18.16,ok
2010-04-14,18.39,ok
2010-04-15,18.27,ok
2010-04-16,18.35,ok
2010-04-19,17.5,ok
2010-04-20,18,ok
2010-04-21,17.82,ok
2010-04-22,17.98,ok
2010-04-23,17.89,ok
2010-04-26,18.35,ok
2010-04-27,18.16,ok
2010-04-28,17.96,ok
2010-04-29,18.15,ok
2010-04-30,18.62,ok
2010-05-04,18.71,ok
2010-05-05,17.63,ok
2010-05-06,17.69,ok
2010-05-07,17.7,ok
2010-05-10,18.46,ok
2010-05-11,18.42,ok
2010-05-12,19.59,ok
2010-05-13,19.43,ok
2010-05-14,19.64,ok
2010-05-17,19.11,ok
2010-05-18,18.82,ok
2010-05-19,18.53,ok
2010-05-20,17.93,ok
2010-05-21,17.72,ok
2010-05-24,17.78,ok
2010-05-25,17.63,ok
2010-05-26,18.27,ok
2010-05-27,18.36,ok
2010-05-28,18.53,ok
2010-06-01,18.3,ok
2010-06-02,18.43,ok
2010-06-03,18.27,ok
2010-06-04,17.76,ok
2010-06-07,17.36,ok
2010-06-08,18.34,ok
2010-06-09,18.27,ok
2010-06-10,17.98,ok
2010-06-11,18.31,ok
2010-06-14,18.43,ok
2010-06-15,18.42,ok
2010-06-16,18.51,ok
2010-06-17,18.5,ok
2010-06-18,18.77,ok
2010-06-21,19.37,ok
2010-06-22,18.625,ok
2010-06-23,18.91,ok
2010-06-24,18.38,ok
2010-06-25,18.65,ok
2010-06-28,19.11,ok
2010-06-29,18.57,ok
2010-06-30,18.74,ok
2010-07-01,18.65,ok
2010-07-02,17.98,ok
2010-07-05,17.85,ok
2010-07-06,17.85,ok
2010-07-07,17.65,ok
2010-07-08,18,ok
2010-07-09,17.87,ok
2010-07-12,18.06,ok
2010-07-13,18,ok
2010-07-14,18.29,ok
2010-07-15,18.42,ok
2010-07-16,18.25,ok
2010-07-19,17.78,ok
2010-07-20,17.55,ok
2010-07-21,17.88,ok
2010-07-22,17.82,ok
2010-07-23,18.17,ok
2010-07-26,18.01,ok
2010-07-27,18.16,ok
2010-07-28,17.63,ok
2010-07-29,17.6,ok
2010-07-30,17.66,ok
2010-08-02,18.11,ok
2010-08-03,18.42,ok
2010-08-04,18.5,ok
2010-08-05,18.35,ok
2010-08-06,18.3,ok
2010-08-09,18.48,ok
2010-08-10,18.09,ok
2010-08-11,18.12,ok
2010-08-12,17.92,ok
2010-08-13,18.06,ok
2010-08-16,18.2,ok
2010-08-17,18.54,ok
2010-08-18,18.36,ok
2010-08-19,18.45,ok
2010-08-20,18.14,ok
2010-08-23,17.94,ok
2010-08-24,17.88,ok
2010-08-25,18.63,ok
2010-08-26,19.11,ok
2010-08-27,19.03,ok
2010-08-31,18.87,ok
2010-09-01,19.47,ok
2010-09-02,19.45,ok
2010-09-03,19.66,ok
2010-09-06,19.86,ok
2010-09-07,19.65,ok
2010-09-08,20.02,ok
2010-09-09,19.97,ok
2010-09-10,19.9,ok
2010-09-13,19.93,ok
2010-09-14,20.31,ok
2010-09-15,20.44,ok
2010-09-16,20.76,ok
2010-09-17,20.85,ok
2010-09-20,20.91,ok
2010-09-21,20.76,ok
2010-09-22,21.08,ok
2010-09-23,21.08,ok
2010-09-24,21.35,ok
2010-09-27,21.54,ok
2010-09-28,21.165,ok
2010-09-29,21.87,ok
2010-09-30,22.07,ok
2010-10-01,21.95,ok
2010-10-04,22.03,ok
2010-10-05,22.24,ok
2010-10-06,22.92,ok
2010-10-07,23.38,ok
2010-10-08,22.37,ok
2010-10-11,23.31,ok
2010-10-12,23.03,ok
2010-10-13,23.53,ok
2010-10-14,24.49,ok
2010-10-15,24.42,ok
2010-10-18,24.02,ok
2010-10-19,24.26,ok
2010-10-20,23.71,ok
2010-10-21,23.9,ok
2010-10-22,23.05,ok
2010-10-25,23.71,ok
2010-10-26,23.48,ok
2010-10-27,23.77,ok
2010-10-28,23.73,ok
2010-10-29,23.96,ok
2010-11-01,24.91,ok
2010-11-02,24.73,ok
2010-11-03,25,ok
2010-11-04,25.38,ok
2010-11-05,26.14,ok
2010-11-08,26.72,ok
2010-11-09,28.55,ok
2010-11-10,27.53,ok
2010-11-11,27.75,ok
2010-11-12,26.79,ok
2010-11-15,26.01,ok
2010-11-16,25.48,ok
2010-11-17,25.2,ok
2010-11-18,26.57,ok
2010-11-19,27.07,ok
2010-11-22,27.42,ok
2010-11-23,27.31,ok
2010-11-24,27.41,ok
2010-11-25,27.44,ok
2010-11-26,26.62,ok
2010-11-29,26.74,ok
2010-11-30,27.13,ok
2010-12-01,28.74,ok
2010-12-02,28.5,ok
2010-12-03,28.74,ok
2010-12-06,29.6,ok
2010-12-07,30.5,ok
2010-12-08,29.02,ok
2010-12-09,28.41,ok
2010-12-10,28.79,ok
2010-12-13,29.33,ok
2010-12-14,29.88,ok
2010-12-15,29.06,ok
2010-12-16,29.15,ok
2010-12-17,28.78,ok
2010-12-20,29.21,ok
2010-12-21,29.25,ok
2010-12-22,29.35,ok
2010-12-23,29.18,ok
2010-12-24,29.07,ok
2010-12-29,30.44,ok
2010-12-30,30.7,ok
2010-12-31,30.63,ok
2011-01-04,30.67,ok
2011-01-05,29.21,ok
2011-01-06,29.08,ok
2011-01-07,28.39,ok
2011-01-10,28.79,ok
2011-01-11,29.54,ok
2011-01-12,29.6,ok
2011-01-13,29.22,ok
2011-01-14,28.52,ok
2011-01-17,28.19,ok
2011-01-18,28.79,ok
2011-01-19,29.32,ok
2011-01-20,28.41,ok
2011-01-21,27.14,ok
2011-01-24,27.56,ok
2011-01-25,26.7,ok
2011-01-26,27.1,ok
2011-01-27,27.39,ok
2011-01-28,26.68,ok
2011-01-31,27.75,ok
2011-02-01,28.32,ok
2011-02-02,28.27,ok
2011-02-03,28.3,ok
2011-02-04,28.91,ok
2011-02-07,29.21,ok
2011-02-08,29.42,ok
2011-02-09,30.22,ok
2011-02-10,29.8,ok
2011-02-11,30,ok
2011-02-14,30.16,ok
2011-02-15,30.72,ok
2011-02-16,30.77,ok
2011-02-17,30.61,ok
2011-02-18,31.94,ok
2011-02-21,33.43,ok
2011-02-22,32.89,ok
2011-02-23,33.29,ok
2011-02-24,33.28,ok
2011-02-25,32.54,ok
2011-02-28,33.49,ok
2011-03-01,34.37,ok
2011-03-02,34.75,ok
2011-03-03,34.53,ok
2011-03-04,34.43,ok
2011-03-07,36.6,ok
2011-03-08,36.37,ok
2011-03-09,36.17,ok
2011-03-10,35.19,ok
2011-03-11,34.1,ok
2011-03-14,36.18,ok
2011-03-15,33.88,ok
2011-03-16,34.73,ok
2011-03-17,34.47,ok
2011-03-18,35.15,ok
2011-03-21,36.16,ok
2011-03-22,35.95,ok
2011-03-23,36.58,ok
2011-03-24,37.78,ok
2011-03-25,37.68,ok
2011-03-28,36.62,ok
2011-03-29,36.62,ok
2011-03-30,37.53,ok
2011-03-31,37.87,ok
2011-04-01,37.63,ok
2011-04-04,38.46,ok
2011-04-05,38.08,ok
2011-04-06,39.63,ok
2011-04-07,39.51,ok
2011-04-08,40.22,ok
2011-04-11,41.37,ok
2011-04-12,40.44,ok
2011-04-13,40.22,ok
2011-04-14,40.67,ok
2011-04-15,42.61,ok
2011-04-18,42.79,ok
2011-04-19,43.22,ok
2011-04-20,44.79,ok
2011-04-21,46.26,ok
2011-04-26,45.48,ok
2011-04-27,45.3,ok
2011-04-28,48.7,ok
2011-05-03,43.61,ok
2011-05-04,40.29,ok
2011-05-05,37.84,ok
2011-05-06,34.2,ok
2011-05-09,38,ok
2011-05-10,38.4,ok
2011-05-11,39.18,ok
2011-05-12,32.5,ok
2011-05-13,36.2,ok
2011-05-16,34.35,ok
2011-05-17,34.28,ok
2011-05-18,34.59,ok
2011-05-19,35.75,ok
2011-05-20,34.8,ok
2011-05-23,34.7,ok
2011-05-24,35.85,ok
2011-05-25,37.17,ok
2011-05-26,36.95,ok
2011-05-27,37.69,ok
2011-05-31,38.65,ok
2011-06-01,37.95,ok
2011-06-02,37.22,ok
2011-06-03,35.19,ok
2011-06-06,36.87,ok
2011-06-07,37.41,ok
2011-06-08,36.22,ok
2011-06-09,37.03,ok
2011-06-10,37.38,ok
2011-06-13,35.51,ok
2011-06-14,34.68,ok
2011-06-15,35.26,ok
2011-06-16,35.55,ok
2011-06-17,35.39,ok
2011-06-20,35.58,ok
2011-06-21,36.22,ok
2011-06-22,35.91,ok
2011-06-23,36.01,ok
2011-06-24,34.73,ok
2011-06-27,34.01,ok
2011-06-28,33.96,ok
2011-06-29,34.39,ok
2011-06-30,35.02,ok
2011-07-01,33.85,ok
2011-07-04,34.1,ok
2011-07-05,34.76,ok
2011-07-06,35.38,ok
2011-07-07,35.86,ok
2011-07-08,36.28,ok
2011-07-11,36.36,ok
2011-07-12,34.91,ok
2011-07-13,36.75,ok
2011-07-14,39.4,ok
2011-07-15,38.17,ok
2011-07-18,40.33,ok
2011-07-19,40.32,ok
2011-07-20,38.59,ok
2011-07-21,39.78,ok
2011-07-22,39.67,ok
2011-07-25,40.78,ok
2011-07-26,40.34,ok
2011-07-27,40.81,ok
2011-07-28,40.19,ok
2011-07-29,39.63,ok
2011-08-01,39.31,ok
2011-08-02,39.73,ok
2011-08-03,41.04,ok
2011-08-04,41.62,ok
2011-08-05,39.24,ok
2011-08-08,39.86,ok
2011-08-09,38.36,ok
2011-08-10,38.31,ok
2011-08-11,39.18,ok
2011-08-12,38.29,ok
2011-08-15,39.18,ok
2011-08-16,39.36,ok
2011-08-17,40.02,ok
2011-08-18,40.32,ok
2011-08-19,41.98,ok
2011-08-22,43.49,ok
2011-08-23,42.88,ok
2011-08-24,42.08,ok
2011-08-25,39,ok
2011-08-26,41.06,ok
2011-08-30,40.9,ok
2011-08-31,41.35,ok
2011-09-01,41.47,ok
2011-09-02,42.5,ok
2011-09-05,42.71,ok
2011-09-06,41.85,ok
2011-09-07,40.98,ok
2011-09-08,42.14,ok
2011-09-09,41.4,ok
2011-09-12,40.81,ok
2011-09-13,40.02,ok
2011-09-14,41.23,ok
2011-09-15,40.34,ok
2011-09-16,39.97,ok
2011-09-19,40.46,ok
2011-09-20,39.18,ok
2011-09-21,40.25,ok
2011-09-22,37.85,ok
2011-09-23,32.9,ok
2011-09-26,28.16,ok
2011-09-27,33.5,ok
2011-09-28,31.04,ok
2011-09-29,30.19,ok
2011-09-30,30.45,ok
2011-10-03,31.05,ok
2011-10-04,30.6,ok
2011-10-05,28.69,ok
2011-10-06,31.8,ok
2011-10-07,31.98,ok
2011-10-10,32.23,ok
2011-10-11,31.37,ok
2011-10-12,32.89,ok
2011-10-13,31.97,ok
2011-10-14,31.82,ok
2011-10-17,32.3,ok
2011-10-18,31,ok
2011-10-19,31.97,ok
2011-10-20,30.79,ok
2011-10-21,30.8,ok
2011-10-24,31.7,ok
2011-10-25,32,ok
2011-10-26,33.3,ok
2011-10-27,33.55,ok
2011-10-28,35.42,ok
2011-10-31,34.24,ok
2011-11-01,32.97,ok
2011-11-02,33.83,ok
2011-11-03,34.72,ok
2011-11-04,33.95,ok
2011-11-07,34.48,ok
2011-11-08,34.64,ok
2011-11-09,34.58,ok
2011-11-10,33.71,ok
2011-11-11,33.77,ok
2011-11-14,34.38,ok
2011-11-15,34.02,ok
2011-11-16,34.45,ok
2011-11-17,33.3,ok
2011-11-18,32.25,ok
2011-11-21,30.9,ok
2011-11-22,31.85,ok
2011-11-23,31.51,ok
2011-11-24,31.94,ok
2011-11-25,31.24,ok
2011-11-28,32,ok
2011-11-29,31.96,ok
2011-11-30,31.35,ok
2011-12-01,33.28,ok
2011-12-02,33.15,ok
2011-12-05,32.48,ok
2011-12-06,31.85,ok
2011-12-07,32.45,ok
2011-12-08,32.64,ok
2011-12-09,32,ok
2011-12-12,31.22,ok
2011-12-13,31.34,ok
2011-12-14,29.92,ok
2011-12-15,28.8,ok
2011-12-16,29.78,ok
2011-12-19,28.78,ok
2011-12-20,29.28,ok
2011-12-21,29.75,ok
2011-12-22,29.3,ok
2011-12-23,29.22,ok
2011-12-28,28.65,ok
2011-12-29,26.16,ok
2011-12-30,28.18,ok
2012-01-03,28.78,ok
2012-01-04,29.18,ok
2012-01-05,28.92,ok
2012-01-06,29.4,ok
2012-01-09,28.85,ok
2012-01-10,29.69,ok
2012-01-11,29.81,ok
2012-01-12,30.58,ok
2012-01-13,29.64,ok
2012-01-16,29.9,ok
2012-01-17,30.41,ok
2012-01-18,30.15,ok
2012-01-19,30.79,ok
2012-01-20,30.36,ok
2012-01-23,32.45,ok
2012-01-24,31.95,ok
2012-01-25,31.67,ok
2012-01-26,33.35,ok
2012-01-27,33.48,ok
2012-01-30,33.18,ok
2012-01-31,33.6,ok
2012-02-01,33.8,ok
2012-02-02,33.67,ok
2012-02-03,33.93,ok
2012-02-06,33.52,ok
2012-02-07,33.28,ok
2012-02-08,34.37,ok
2012-02-09,33.8,ok
2012-02-10,33.55,ok
2012-02-13,33.84,ok
2012-02-14,33.51,ok
2012-02-15,33.69,ok
2012-02-16,33.18,ok
2012-02-17,33.48,ok
2012-02-20,33.56,ok
2012-02-21,33.65,ok
2012-02-22,34.08,ok
2012-02-23,34.55,ok
2012-02-24,35.57,ok
2012-02-27,35.09,ok
2012-02-28,35.6,ok
2012-02-29,37.23,ok
2012-03-01,34.56,ok
2012-03-02,35.21,ok
2012-03-05,34.18,ok
2012-03-06,33.22,ok
2012-03-07,33.17,ok
2012-03-08,34.09,ok
2012-03-09,33.87,ok
2012-03-12,33.77,ok
2012-03-13,33.58,ok
2012-03-14,32.84,ok
2012-03-15,32.36,ok
2012-03-16,32.27,ok
2012-03-19,32.44,ok
2012-03-20,32.22,ok
2012-03-21,31.97,ok
2012-03-22,31.79,ok
2012-03-23,31.54,ok
2012-03-26,32.23,ok
2012-03-27,33.01,ok
2012-03-28,32.43,ok
2012-03-29,31.79,ok
2012-03-30,32.43,ok
2012-04-02,32.42,ok
2012-04-03,32.97,ok
2012-04-04,31.98,ok
2012-04-05,31.27,ok
2012-04-10,31.55,ok
2012-04-11,31.7,ok
2012-04-12,31.47,ok
2012-04-13,32.365,ok
2012-04-16,31.32,ok
2012-04-17,31.64,ok
2012-04-18,31.61,ok
2012-04-19,31.47,ok
2012-04-20,31.79,ok
2012-04-23,31.16,ok
2012-04-24,30.86,ok
2012-04-25,30.88,ok
2012-04-26,30.7,ok
2012-04-27,31.14,ok
2012-04-30,31.2,ok
2012-05-01,30.78,ok
2012-05-02,30.52,ok
2012-05-03,30.36,ok
2012-05-04,29.9,ok
2012-05-08,29.58,ok
2012-05-09,28.77,ok
2012-05-10,29.25,ok
2012-05-11,28.58,ok
2012-05-14,28.33,ok
2012-05-15,28.28,ok
2012-05-16,27.25,ok
2012-05-17,27.48,ok
2012-05-18,28.48,ok
2012-05-21,28.39,ok
2012-05-22,28.07,ok
2012-05-23,27.76,ok
2012-05-24,28.08,ok
2012-05-25,28.24,ok
2012-05-28,28.52,ok
2012-05-29,28.25,ok
2012-05-30,27.68,ok
2012-05-31,28.1,ok
2012-06-01,27.38,ok
2012-06-06,29.36,ok
2012-06-07,29.28,ok
2012-06-08,28.17,ok
2012-06-11,28.63,ok
2012-06-12,28.54,ok
2012-06-13,28.87,ok
2012-06-14,28.88,ok
2012-06-15,28.66,ok
2012-06-18,28.43,ok
2012-06-19,28.81,ok
2012-06-20,28.31,ok
2012-06-21,27.88,ok
2012-06-22,26.81,ok
2012-06-25,26.72,ok
2012-06-26,27.44,ok
2012-06-27,26.835,ok
2012-06-28,26.81,ok
2012-06-29,27.08,ok
2012-07-02,27.36,ok
2012-07-03,27.92,ok
2012-07-04,28.11,ok
2012-07-05,28.33,ok
2012-07-06,27.32,ok
2012-07-09,27.24,ok
2012-07-10,27.57,ok
2012-07-11,27.11,ok
2012-07-12,26.67,ok
2012-07-13,27.48,ok
2012-07-16,27.05,ok
2012-07-17,27.42,ok
2012-07-18,27.03,ok
2012-07-19,27.45,ok
2012-07-20,27.07,ok
2012-07-23,26.95,ok
2012-07-24,26.93,ok
2012-07-25,27.11,ok
2012-07-26,27.81,ok
2012-07-27,27.73,ok
2012-07-30,27.64,ok
2012-07-31,28.2,ok
2012-08-01,27.87,ok
2012-08-02,27.42,ok
2012-08-03,27.25,ok
2012-08-06,27.72,ok
2012-08-07,28,ok
2012-08-08,27.84,ok
2012-08-09,28.02,ok
2012-08-10,27.88,ok
2012-08-13,28.05,ok
2012-08-14,27.84,ok
2012-08-15,27.64,ok
2012-08-16,27.84,ok
2012-08-17,28.2,ok
2012-08-20,28.1,ok
2012-08-21,28.92,ok
2012-08-22,29.33,ok
2012-08-23,30.32,ok
2012-08-24,30.37,ok
2012-08-28,30.81,ok
2012-08-29,30.73,ok
2012-08-30,30.66,ok
2012-08-31,30.52,ok
2012-09-03,31.74,ok
2012-09-04,32.08,ok
2012-09-05,32.1,ok
2012-09-06,32.87,ok
2012-09-07,32.22,ok
2012-09-10,33.6,ok
2012-09-11,33.52,ok
2012-09-12,33.93,ok
2012-09-13,33,ok
2012-09-14,34.71,ok
2012-09-17,34.53,ok
2012-09-18,34.06,ok
2012-09-19,34.65,ok
2012-09-20,34.25,ok
2012-09-21,34.69,ok
2012-09-24,33.73,ok
2012-09-25,34.01,ok
2012-09-26,33.88,ok
2012-09-27,33.95,ok
2012-09-28,34.65,ok
2012-10-01,34.35,ok
2012-10-02,34.85,ok
2012-10-03,34.72,ok
2012-10-04,34.96,ok
2012-10-05,34.85,ok
2012-10-08,33.85,ok
2012-10-09,33.87,ok
2012-10-10,33.79,ok
2012-10-11,34.25,ok
2012-10-12,33.79,ok
2012-10-15,33.22,ok
2012-10-16,32.8,ok
2012-10-17,33.03,ok
2012-10-18,32.99,ok
2012-10-19,32.33,ok
2012-10-22,32.17,ok
2012-10-23,31.71,ok
2012-10-24,31.95,ok
2012-10-25,32.08,ok
2012-10-26,31.67,ok
2012-10-29,31.82,ok
2012-10-30,31.98,ok
2012-10-31,32.28,ok
2012-11-01,32.66,ok
2012-11-02,31.92,ok
2012-11-05,30.91,ok
2012-11-06,31.4,ok
2012-11-07,32.14,ok
2012-11-08,31.7,ok
2012-11-09,32.16,ok
2012-11-12,32.63,ok
2012-11-13,32.58,ok
2012-11-14,32.48,ok
2012-11-15,32.57,ok
2012-11-16,32.27,ok
2012-11-19,32.67,ok
2012-11-20,33.19,ok
2012-11-21,33.01,ok
2012-11-22,33.29,ok
2012-11-23,33.41,ok
2012-11-26,34.08,ok
2012-11-27,34.05,ok
2012-11-28,33.85,ok
2012-11-29,33.76,ok
2012-11-30,34.28,ok
2012-12-03,33.42,ok
2012-12-04,33.3,ok
2012-12-05,33.07,ok
2012-12-06,32.83,ok
2012-12-07,32.85,ok
2012-12-10,33.34,ok
2012-12-11,33.17,ok
2012-12-12,33.1,ok
2012-12-13,32.69,ok
2012-12-14,32.52,ok
2012-12-17,32.21,ok
2012-12-18,32.38,ok
2012-12-19,31.37,ok
2012-12-20,31.12,ok
2012-12-21,29.89,ok
2012-12-24,30.19,ok
2012-12-27,29.75,ok
2012-12-28,30.15,ok
2012-12-31,29.95,ok
2013-01-02,30.87,ok
2013-01-03,30.91,ok
2013-01-04,29.32,ok
2013-01-07,30.14,ok
2013-01-08,30.39,ok
2013-01-09,30.39,ok
2013-01-10,30.49,ok
2013-01-11,30.67,ok
2013-01-14,30.76,ok
2013-01-15,31.19,ok
2013-01-16,31.23,ok
2013-01-17,31.5,ok
2013-01-18,31.82,ok
2013-01-21,31.9,ok
2013-01-22,31.94,ok
2013-01-23,32.23,ok
2013-01-24,31.85,ok
2013-01-25,31.56,ok
2013-01-28,30.87,ok
2013-01-29,31.06,ok
2013-01-30,31.35,ok
2013-01-31,32.03,ok
2013-02-01,31.43,ok
2013-02-04,31.51,ok
2013-02-05,32.01,ok
2013-02-06,31.7,ok
2013-02-07,31.75,ok
2013-02-08,31.52,ok
2013-02-11,31.16,ok
2013-02-12,30.84,ok
2013-02-13,31.035,ok
2013-02-14,30.88,ok
2013-02-15,30.18,ok
2013-02-18,30,ok
2013-02-19,30,ok
2013-02-20,29.11,ok
2013-02-21,28.72,ok
2013-02-22,28.79,ok
2013-02-25,29.17,ok
2013-02-26,28.75,ok
2013-02-27,29.07,ok
2013-02-28,28.95,ok
2013-03-01,28.01,ok
2013-03-04,28.69,ok
2013-03-05,28.93,ok
2013-03-06,28.74,ok
2013-03-07,29.01,ok
2013-03-08,28.78,ok
2013-03-11,28.9,ok
2013-03-12,29.25,ok
2013-03-13,29.12,ok
2013-03-14,28.64,ok
2013-03-15,28.91,ok
2013-03-18,28.8,ok
2013-03-19,28.85,ok
2013-03-20,28.9,ok
2013-03-21,28.91,ok
2013-03-22,29.06,ok
2013-03-25,28.67,ok
2013-03-26,28.83,ok
2013-03-27,28.33,ok
2013-03-28,28.64,ok
2013-04-02,27.96,ok
2013-04-03,27.19,ok
2013-04-04,26.8,ok
2013-04-05,26.97,ok
2013-04-08,27.27,ok
2013-04-09,27.25,ok
2013-04-10,27.74,ok
2013-04-11,27.57,ok
2013-04-12,27.4,ok
2013-04-15,23.54,ok
2013-04-16,23.47,ok
2013-04-17,23.31,ok
2013-04-18,23.51,ok
2013-04-19,23.66,ok
2013-04-22,23.6,ok
2013-04-23,23.01,ok
2013-04-24,22.91,ok
2013-04-25,23.3,ok
2013-04-26,24.02,ok
2013-04-29,24.27,ok
2013-04-30,24.42,ok
2013-05-01,23.97,ok
2013-05-02,23.69,ok
2013-05-03,24.25,ok
2013-05-07,23.75,ok
2013-05-08,23.86,ok
2013-05-09,24.07,ok
2013-05-10,23.37,ok
2013-05-13,23.66,ok
2013-05-14,23.44,ok
2013-05-15,22.87,ok
2013-05-16,22.26,ok
2013-05-17,22.52,ok
2013-05-20,21.66,ok
2013-05-21,22.44,ok
2013-05-22,22.62,ok
2013-05-23,22.47,ok
2013-05-24,22.38,ok
2013-05-28,22.36,ok
2013-05-29,22.36,ok
2013-05-30,22.68,ok
2013-05-31,22.57,ok
2013-06-03,22.43,ok
2013-06-04,22.51,ok
2013-06-05,22.37,ok
2013-06-06,22.62,ok
2013-06-07,22.6,ok
2013-06-10,21.81,ok
2013-06-11,21.58,ok
2013-06-12,21.78,ok
2013-06-13,21.83,ok
2013-06-14,21.69,ok
2013-06-17,21.87,ok
2013-06-18,21.8,ok
2013-06-19,21.62,ok
2013-06-20,20.24,ok
2013-06-21,19.87,ok
2013-06-24,19.65,ok
2013-06-25,19.77,ok
2013-06-26,18.67,ok
2013-06-27,18.61,ok
2013-06-28,18.86,ok
2013-07-01,19.44,ok
2013-07-02,19.62,ok
2013-07-03,19.55,ok
2013-07-04,19.57,ok
2013-07-05,19.32,ok
2013-07-08,19.16,ok
2013-07-09,19.1,ok
2013-07-10,19.37,ok
2013-07-11,19.85,ok
2013-07-12,19.66,ok
2013-07-15,19.82,ok
2013-07-16,19.95,ok
2013-07-17,19.83,ok
2013-07-18,19.49,ok
2013-07-19,19.42,ok
2013-07-22,19.95,ok
2013-07-23,20.18,ok
2013-07-24,20.395,ok
2013-07-25,19.92,ok
2013-07-26,20.02,ok
2013-07-29,20.1,ok
2013-07-30,19.68,ok
2013-07-31,19.94,ok
2013-08-01,19.72,ok
2013-08-02,19.46,ok
2013-08-05,19.76,ok
2013-08-06,19.78,ok
2013-08-07,19.27,ok
2013-08-08,19.73,ok
2013-08-09,20.31,ok
2013-08-12,20.835,ok
2013-08-13,21.46,ok
2013-08-14,21.5,ok
2013-08-15,22,ok
2013-08-16,22.83,ok
2013-08-19,23.23,ok
2013-08-20,22.87,ok
2013-08-21,22.94,ok
2013-08-22,23.07,ok
2013-08-23,23.06,ok
2013-08-27,24.29,ok
2013-08-28,24.74,ok
2013-08-29,24.11,ok
2013-08-30,23.64,ok
2013-09-02,23.97,ok
2013-09-03,24.21,ok
2013-09-04,23.71,ok
2013-09-05,23.52,ok
2013-09-06,23.05,ok
2013-09-09,23.64,ok
2013-09-10,23.32,ok
2013-09-11,22.91,ok
2013-09-12,22.67,ok
2013-09-13,21.72,ok
2013-09-16,21.88,ok
2013-09-17,21.97,ok
2013-09-18,21.47,ok
2013-09-19,23,ok
2013-09-20,22.74,ok
2013-09-23,21.68,ok
2013-09-24,21.44,ok
2013-09-25,21.68,ok
2013-09-26,21.97,ok
2013-09-27,21.61,ok
2013-09-30,21.68,ok
2013-10-01,21.7,ok
2013-10-02,21.14,ok
2013-10-03,21.57,ok
2013-10-04,21.65,ok
2013-10-07,21.77,ok
2013-10-08,22.3,ok
2013-10-09,22.1,ok
2013-10-10,21.93,ok
2013-10-11,21.52,ok
2013-10-14,21.52,ok
2013-10-15,20.49,ok
2013-10-16,21.32,ok
2013-10-17,21.72,ok
2013-10-18,21.87,ok
2013-10-21,22.09,ok
2013-10-22,22.06,ok
2013-10-23,22.53,ok
2013-10-24,22.67,ok
2013-10-25,22.35,ok
2013-10-28,22.54,ok
2013-10-29,22.31,ok
2013-10-30,22.74,ok
2013-10-31,22.2,ok
2013-11-01,21.75,ok
2013-11-04,21.85,ok
2013-11-05,21.6,ok
2013-11-06,21.94,ok
2013-11-07,21.75,ok
2013-11-08,21.7,ok
2013-11-11,21.395,ok
2013-11-12,21.1,ok
2013-11-13,20.7,ok
2013-11-14,20.78,ok
2013-11-15,20.635,ok
2013-11-18,20.64,ok
2013-11-19,20.44,ok
2013-11-20,20.24,ok
2013-11-21,19.97,ok
2013-11-22,19.93,ok
2013-11-25,19.71,ok
2013-11-26,20.11,ok
2013-11-27,19.98,ok
2013-11-28,19.76,ok
2013-11-29,19.93,ok
2013-12-02,19.75,ok
2013-12-03,19.17,ok
2013-12-04,19.05,ok
2013-12-05,19.46,ok
2013-12-06,19.49,ok
2013-12-09,19.5,ok
2013-12-10,20.05,ok
2013-12-11,20.39,ok
2013-12-12,19.8,ok
2013-12-13,19.55,ok
2013-12-16,19.5,ok
2013-12-17,20.02,ok
2013-12-18,19.94,ok
2013-12-19,19.34,ok
2013-12-20,19.33,ok
2013-12-23,19.37,ok
2013-12-24,19.4,ok
2013-12-27,19.92,ok
2013-12-30,19.65,ok
2013-12-31,19.5,ok
2014-01-02,19.94,ok
2014-01-03,20.18,ok
2014-01-06,20.04,ok
2014-01-07,20.02,ok
2014-01-08,19.52,ok
2014-01-09,19.54,ok
2014-01-10,19.8,ok
2014-01-13,20.09,ok
2014-01-14,20.27,ok
2014-01-15,20.09,ok
2014-01-16,20,ok
2014-01-17,20.01,ok
2014-01-20,20.29,ok
2014-01-21,20.03,ok
2014-01-22,19.87,ok
2014-01-23,20.11,ok
2014-01-24,20.19,ok
2014-01-27,19.83,ok
2014-01-28,19.72,ok
2014-01-29,19.68,ok
2014-01-30,19.41,ok
2014-01-31,19.31,ok
2014-02-03,19.27,ok
2014-02-04,19.34,ok
2014-02-05,19.63,ok
2014-02-06,20.14,ok
2014-02-07,19.87,ok
2014-02-10,20.2,ok
2014-02-11,20.17,ok
2014-02-12,20.2,ok
2014-02-13,20.27,ok
2014-02-14,21.09,ok
2014-02-17,21.65,ok
2014-02-18,21.37,ok
2014-02-19,21.75,ok
2014-02-20,21.59,ok
2014-02-21,21.74,ok
2014-02-24,22.05,ok
2014-02-25,21.73,ok
2014-02-26,21.845,ok
2014-02-27,21.38,ok
2014-02-28,21.27,ok
2014-03-03,21.46,ok
2014-03-04,21.15,ok
2014-03-05,21.32,ok
2014-03-06,21.11,ok
2014-03-07,21.38,ok
2014-03-10,20.99,ok
2014-03-11,21.25,ok
2014-03-12,20.97,ok
2014-03-13,21.24,ok
2014-03-14,21.36,ok
2014-03-17,21.22,ok
2014-03-18,20.94,ok
2014-03-19,20.75,ok
2014-03-20,20.17,ok
2014-03-21,20.55,ok
2014-03-24,20.2,ok
2014-03-25,20,ok
2014-03-26,20.03,ok
2014-03-27,19.68,ok
2014-03-28,19.71,ok
2014-03-31,19.97,ok
2014-04-01,19.8,ok
2014-04-02,19.82,ok
2014-04-03,19.83,ok
2014-04-04,19.93,ok
2014-04-07,19.81,ok
2014-04-08,20.15,ok
2014-04-09,19.89,ok
2014-04-10,20.24,ok
2014-04-11,20.09,ok
2014-04-14,19.74,ok
2014-04-15,19.77,ok
2014-04-16,19.6,ok
2014-04-17,19.62,ok
2014-04-22,19.51,ok
2014-04-23,19.46,ok
2014-04-24,19.06,ok
2014-04-25,19.66,ok
2014-04-28,19.6,ok
2014-04-29,19.33,ok
2014-04-30,19.28,ok
2014-05-01,19.06,ok
2014-05-02,19.17,ok
2014-05-06,19.64,ok
2014-05-07,19.64,ok
2014-05-08,19.25,ok
2014-05-09,19.25,ok
2014-05-12,19.46,ok
2014-05-13,19.44,ok
2014-05-14,19.87,ok
2014-05-15,19.66,ok
2014-05-16,19.33,ok
2014-05-19,19.55,ok
2014-05-20,19.37,ok
2014-05-21,19.31,ok
2014-05-22,19.56,ok
2014-05-23,19.42,ok
2014-05-27,19.25,ok
2014-05-28,19.125,ok
2014-05-29,18.85,ok
2014-05-30,19,ok
2014-06-02,18.81,ok
2014-06-03,18.87,ok
2014-06-04,18.76,ok
2014-06-05,18.81,ok
2014-06-06,19.03,ok
2014-06-09,19.11,ok
2014-06-10,19,ok
2014-06-11,19.2,ok
2014-06-12,19.33,ok
2014-06-13,19.58,ok
2014-06-16,19.67,ok
2014-06-17,19.55,ok
2014-06-18,19.73,ok
2014-06-19,19.94,ok
2014-06-20,20.62,ok
2014-06-23,20.75,ok
2014-06-24,21.12,ok
2014-06-25,20.78,ok
2014-06-26,20.83,ok
2014-06-27,21.04,ok
2014-06-30,20.87,ok
2014-07-01,21.08,ok
2014-07-02,21.04,ok
2014-07-03,21,ok
2014-07-04,21.12,ok
2014-07-07,20.95,ok
2014-07-08,21.08,ok
2014-07-09,21.13,ok
2014-07-10,21.5,ok
2014-07-11,21.415,ok
2014-07-14,21.13,ok
2014-07-15,20.93,ok
2014-07-16,20.7,ok
2014-07-17,20.78,ok
2014-07-18,20.94,ok
2014-07-21,20.93,ok
2014-07-22,20.81,ok
2014-07-23,20.93,ok
2014-07-24,20.84,ok
2014-07-25,20.46,ok
2014-07-28,20.63,ok
2014-07-29,20.64,ok
2014-07-30,20.54,ok
2014-07-31,20.69,ok
2014-08-01,20.34,ok
2014-08-04,20.35,ok
2014-08-05,20.2,ok
2014-08-06,19.78,ok
2014-08-07,20.07,ok
2014-08-08,20.13,ok
2014-08-11,19.85,ok
2014-08-12,20.08,ok
2014-08-13,19.9,ok
2014-08-14,19.86,ok
2014-08-15,19.86,ok
2014-08-18,19.59,ok
2014-08-19,19.66,ok
2014-08-20,19.42,ok
2014-08-21,19.4,ok
2014-08-22,19.49,ok
2014-08-26,19.49,ok
2014-08-27,19.32,ok
2014-08-28,19.75,ok
2014-08-29,19.47,ok
2014-09-01,19.49,ok
2014-09-02,19.2,ok
2014-09-03,19.1,ok
2014-09-04,19.21,ok
2014-09-05,19.13,ok
2014-09-08,19.19,ok
2014-09-09,19,ok
2014-09-10,19.01,ok
2014-09-11,18.7,ok
2014-09-12,18.64,ok
2014-09-15,18.64,ok
2014-09-16,18.75,ok
2014-09-17,18.63,ok
2014-09-18,18.5,ok
2014-09-19,18.45,ok
2014-09-22,17.74,ok
2014-09-23,17.92,ok
2014-09-24,17.76,ok
2014-09-25,17.52,ok
2014-09-26,17.54,ok
2014-09-29,17.58,ok
2014-09-30,17.11,ok
2014-10-01,17.04,ok
2014-10-02,17.09,ok
2014-10-03,16.97,ok
2014-10-06,17.02,ok
2014-10-07,17.36,ok
2014-10-08,17.35,ok
2014-10-09,17.64,ok
2014-10-10,17.26,ok
2014-10-13,17.41,ok
2014-10-14,17.5,ok
2014-10-15,17.01,ok
2014-10-16,17.46,ok
2014-10-17,17.36,ok
2014-10-20,17.38,ok
2014-10-21,17.36,ok
2014-10-22,17.36,ok
2014-10-23,17.07,ok
2014-10-24,17.19,ok
2014-10-27,17.18,ok
2014-10-28,17.18,ok
2014-10-29,17.2,ok
2014-10-30,16.78,ok
2014-10-31,16.2,ok
2014-11-03,16.15,ok
2014-11-04,16.12,ok
2014-11-05,15.32,ok
2014-11-06,15.28,ok
2014-11-07,15.42,ok
2014-11-10,15.67,ok
2014-11-11,15.57,ok
2014-11-12,15.62,ok
2014-11-13,15.74,ok
2014-11-14,15.35,ok
2014-11-17,16.2,ok
2014-11-18,16.27,ok
2014-11-19,16.26,ok
2014-11-20,16.2,ok
2014-11-21,16.3,ok
2014-11-24,16.33,ok
2014-11-25,16.66,ok
2014-11-26,16.61,ok
2014-11-27,16.42,ok
2014-11-28,15.97,ok
2014-12-01,15.73,ok
2014-12-02,16.16,ok
2014-12-03,16.3,ok
2014-12-04,16.42,ok
2014-12-05,16.33,ok
2014-12-08,16.26,ok
2014-12-09,16.37,ok
2014-12-10,17.06,ok
2014-12-11,16.98,ok
2014-12-12,17.07,ok
2014-12-15,16.85,ok
2014-12-16,16.29,ok
2014-12-17,15.95,ok
2014-12-18,16.08,ok
2014-12-19,15.86,ok
2014-12-22,16.09,ok
2014-12-23,15.71,ok
2014-12-24,15.77,ok
2014-12-29,16,ok
2014-12-30,15.79,ok
2014-12-31,15.97,ok
2015-01-02,15.71,ok
2015-01-05,15.88,ok
2015-01-06,16.29,ok
2015-01-07,16.33,ok
2015-01-08,16.37,ok
2015-01-09,16.24,ok
2015-01-12,16.52,ok
2015-01-13,17,ok
2015-01-14,16.64,ok
2015-01-15,17.12,ok
2015-01-16,16.92,ok
2015-01-19,17.65,ok
2015-01-20,17.8,ok
2015-01-21,18.22,ok
2015-01-22,18.08,ok
2015-01-23,18.23,ok
2015-01-26,17.83,ok
2015-01-27,17.87,ok
2015-01-28,18.01,ok
2015-01-29,17.43,ok
2015-01-30,16.92,ok
2015-02-02,17.22,ok
2015-02-03,17.59,ok
2015-02-04,17.39,ok
2015-02-05,17,ok
2015-02-06,17.22,ok
2015-02-09,16.97,ok
2015-02-10,16.8,ok
2015-02-11,16.95,ok
2015-02-12,16.89,ok
2015-02-13,16.86,ok
2015-02-16,17.27,ok
2015-02-17,16.82,ok
2015-02-18,16.42,ok
2015-02-19,16.73,ok
2015-02-20,16.34,ok
2015-02-23,16.2,ok
2015-02-24,16.32,ok
2015-02-25,16.51,ok
2015-02-26,16.82,ok
2015-02-27,16.53,ok
2015-03-02,16.63,ok
2015-03-03,16.42,ok
2015-03-04,16.32,ok
2015-03-05,16.19,ok
2015-03-06,15.99,ok
2015-03-09,15.92,ok
2015-03-10,15.78,ok
2015-03-11,15.64,ok
2015-03-12,15.68,ok
2015-03-13,15.5,ok
2015-03-16,15.58,ok
2015-03-17,15.56,ok
2015-03-18,15.47,ok
2015-03-19,15.88,ok
2015-03-20,16.17,ok
2015-03-23,16.73,ok
2015-03-24,16.97,ok
2015-03-25,16.94,ok
2015-03-26,17.13,ok
2015-03-27,17.14,ok
2015-03-30,16.65,ok
2015-03-31,16.6,ok
2015-04-01,16.56,ok
2015-04-02,16.84,ok
2015-04-07,16.86,ok
2015-04-08,16.84,ok
2015-04-09,16.3,ok
2015-04-10,16.55,ok
2015-04-13,16.27,ok
2015-04-14,16.08,ok
2015-04-15,16.18,ok
2015-04-16,16.47,ok
2015-04-17,16.36,ok
2015-04-20,16.09,ok
2015-04-21,16.08,ok
2015-04-22,16.05,ok
2015-04-23,15.86,ok
2015-04-24,15.83,ok
2015-04-27,15.84,ok
2015-04-28,16.32,ok
2015-04-29,16.48,ok
2015-04-30,16.52,ok
2015-05-01,16.17,ok
2015-05-05,16.42,ok
2015-05-06,16.41,ok
2015-05-07,16.35,ok
2015-05-08,16.31,ok
2015-05-11,16.39,ok
2015-05-12,16.46,ok
2015-05-13,16.65,ok
2015-05-14,17.4,ok
2015-05-15,17.25,ok
2015-05-18,17.7,ok
2015-05-19,17.4,ok
2015-05-20,17.07,ok
2015-05-21,17.18,ok
2015-05-22,17.25,ok
2015-05-26,16.79,ok
2015-05-27,16.66,ok
2015-05-28,16.68,ok
2015-05-29,16.67,ok
2015-06-01,16.61,ok
2015-06-02,16.7,ok
2015-06-03,16.6,ok
2015-06-04,16.47,ok
2015-06-05,16.15,ok
2015-06-08,16.06,ok
2015-06-09,16.13,ok
2015-06-10,16.13,ok
2015-06-11,15.87,ok
2015-06-12,15.93,ok
2015-06-15,15.93,ok
2015-06-16,16.03,ok
2015-06-17,15.98,ok
2015-06-18,16.24,ok
2015-06-19,16.12,ok
2015-06-22,16.19,ok
2015-06-23,15.96,ok
2015-06-24,15.89,ok
2015-06-25,15.77,ok
2015-06-26,15.83,ok
2015-06-29,15.83,ok
2015-06-30,15.7,ok
2015-07-01,15.63,ok
2015-07-02,15.61,ok
2015-07-03,15.64,ok
2015-07-06,15.59,ok
2015-07-07,15.61,ok
2015-07-08,14.99,ok
2015-07-09,15.38,ok
2015-07-10,15.45,ok
2015-07-13,15.45,ok
2015-07-14,15.28,ok
2015-07-15,15.31,ok
2015-07-16,14.93,ok
2015-07-17,15.01,ok
2015-07-20,14.84,ok
2015-07-21,14.75,ok
2015-07-22,14.78,ok
2015-07-23,14.88,ok
2015-07-24,14.49,ok
2015-07-27,14.69,ok
2015-07-28,14.54,ok
2015-07-29,14.61,ok
2015-07-30,14.64,ok
2015-07-31,14.56,ok
2015-08-03,14.73,ok
2015-08-04,14.54,ok
2015-08-05,14.52,ok
2015-08-06,14.59,ok
2015-08-07,14.75,ok
2015-08-10,14.88,ok
2015-08-11,15.31,ok
2015-08-12,15.36,ok
2015-08-13,15.33,ok
2015-08-14,15.55,ok
2015-08-17,15.23,ok
2015-08-18,15.23,ok
2015-08-19,14.84,ok
2015-08-20,15.5,ok
2015-08-21,15.46,ok
2015-08-24,14.94,ok
2015-08-25,14.87,ok
2015-08-26,14.41,ok
2015-08-27,14.27,ok
2015-08-28,14.44,ok
2015-09-01,14.68,ok
2015-09-02,14.56,ok
2015-09-03,14.71,ok
2015-09-04,14.69,ok
2015-09-07,14.54,ok
2015-09-08,14.63,ok
2015-09-09,14.77,ok
2015-09-10,14.72,ok
2015-09-11,14.58,ok
2015-09-14,14.43,ok
2015-09-15,14.35,ok
2015-09-16,14.51,ok
2015-09-17,14.76,ok
2015-09-18,15.26,ok
2015-09-21,15.18,ok
2015-09-22,14.94,ok
2015-09-23,14.8,ok
2015-09-24,14.79,ok
2015-09-25,14.99,ok
2015-09-28,14.7,ok
2015-09-29,14.56,ok
2015-09-30,14.65,ok
2015-10-01,14.55,ok
2015-10-02,14.43,ok
2015-10-05,15.25,ok
2015-10-06,15.67,ok
2015-10-07,15.82,ok
2015-10-08,15.61,ok
2015-10-09,15.99,ok
2015-10-12,15.96,ok
2015-10-13,15.61,ok
2015-10-14,15.84,ok
2015-10-15,16.18,ok
2015-10-16,16.04,ok
2015-10-19,15.86,ok
2015-10-20,15.86,ok
2015-10-21,15.75,ok
2015-10-22,15.77,ok
2015-10-23,15.98,ok
2015-10-26,16.1,ok
2015-10-27,15.8,ok
2015-10-28,16.03,ok
2015-10-29,15.82,ok
2015-10-30,15.63,ok
2015-11-02,15.4,ok
2015-11-03,15.38,ok
2015-11-04,15.26,ok
2015-11-05,15.02,ok
2015-11-06,15.08,ok
2015-11-09,14.78,ok
2015-11-10,14.55,ok
2015-11-11,14.44,ok
2015-11-12,14.39,ok
2015-11-13,14.39,ok
2015-11-16,14.36,ok
2015-11-17,14.25,ok
2015-11-18,14.17,ok
2015-11-19,14.21,ok
2015-11-20,14.29,ok
2015-11-23,13.98,ok
2015-11-24,14.14,ok
2015-11-25,14.07,ok
2015-11-26,14.29,ok
2015-11-27,14.11,ok
2015-11-30,14.08,ok
2015-12-01,14.21,ok
2015-12-02,14.14,ok
2015-12-03,13.93,ok
2015-12-04,14.13,ok
2015-12-07,14.49,ok
2015-12-08,14.24,ok
2015-12-09,14.27,ok
2015-12-10,14.17,ok
2015-12-11,13.92,ok
2015-12-14,13.71,ok
2015-12-15,13.74,ok
2015-12-16,13.74,ok
2015-12-17,14.08,ok
2015-12-18,13.82,ok
2015-12-21,14.2,ok
2015-12-22,14.24,ok
2015-12-23,14.33,ok
2015-12-24,14.2,ok
2015-12-29,13.93,ok
2015-12-30,13.82,ok
2015-12-31,13.82,ok
2016-01-04,14,ok
2016-01-05,14.01,ok
2016-01-06,14.005,ok
2016-01-07,14.03,ok
2016-01-08,14.04,ok
2016-01-11,13.97,ok
2016-01-12,13.88,ok
2016-01-13,13.83,ok
2016-01-14,14.02,ok
2016-01-15,13.8,ok
2016-01-18,13.88,ok
2016-01-19,14.03,ok
2016-01-20,14.05,ok
2016-01-21,14.01,ok
2016-01-22,14.17,ok
2016-01-25,14.22,ok
2016-01-26,14.33,ok
2016-01-27,14.38,ok
2016-01-28,13.58,ok
2016-01-29,14.08,ok
2016-02-01,14.33,ok
2016-02-02,14.26,ok
2016-02-03,14.41,ok
2016-02-04,14.74,ok
2016-02-05,14.91,ok
2016-02-08,14.94,ok
2016-02-09,15.34,ok
2016-02-10,15.12,ok
2016-02-11,15.65,ok
2016-02-12,15.64,ok
2016-02-15,15.26,ok
2016-02-16,15.35,ok
2016-02-17,15.25,ok
2016-02-18,15.25,ok
2016-02-19,15.37,ok
2016-02-22,15,ok
2016-02-23,15.21,ok
2016-02-24,15.32,ok
2016-02-25,15.16,ok
2016-02-26,15.17,ok
2016-02-29,14.75,ok
2016-03-01,14.99,ok
2016-03-02,14.82,ok
2016-03-03,14.97,ok
2016-03-04,15.43,ok
2016-03-07,15.66,ok
2016-03-08,15.66,ok
2016-03-09,15.27,ok
2016-03-10,15.27,ok
2016-03-11,15.5,ok
2016-03-14,15.6,ok
2016-03-15,15.32,ok
2016-03-16,15.29,ok
2016-03-17,15.73,ok
2016-03-18,15.94,ok
2016-03-21,15.81,ok
2016-03-22,15.89,ok
2016-03-23,15.58,ok
2016-03-24,15.28,ok
2016-03-29,15.06,ok
2016-03-30,15.38,ok
2016-03-31,15.38,ok
2016-04-01,15.38,ok
2016-04-04,14.96,ok
2016-04-05,15.19,ok
2016-04-06,15.07,ok
2016-04-07,15.22,ok
2016-04-08,15.16,ok
2016-04-11,15.56,ok
2016-04-12,15.96,ok
2016-04-13,15.98,ok
2016-04-14,16.13,ok
2016-04-15,16.17,ok
2016-04-18,16.2,ok
2016-04-19,16.62,ok
2016-04-20,16.97,ok
2016-04-21,17.32,ok
2016-04-22,17.19,ok
2016-04-25,16.86,ok
2016-04-26,16.95,ok
2016-04-27,17.34,ok
2016-04-28,17.35,ok
2016-04-29,17.855,ok
2016-05-03,17.49,ok
2016-05-04,17.18,ok
2016-05-05,17.38,ok
2016-05-06,17.31,ok
2016-05-09,17.33,ok
2016-05-10,17.04,ok
2016-05-11,17.51,ok
2016-05-12,17.23,ok
2016-05-13,17.09,ok
2016-05-16,17.32,ok
2016-05-17,17.08,ok
2016-05-18,17.05,ok
2016-05-19,16.6,ok
2016-05-20,16.56,ok
2016-05-23,16.31,ok
2016-05-24,16.27,ok
2016-05-25,16.205,ok
2016-05-26,16.46,ok
2016-05-27,16.3,ok
2016-05-31,16.06,ok
2016-06-01,15.95,ok
2016-06-02,15.98,ok
2016-06-03,16.1,ok
2016-06-06,16.4,ok
2016-06-07,16.31,ok
2016-06-08,16.75,ok
2016-06-09,17.05,ok
2016-06-10,17.32,ok
2016-06-13,17.32,ok
2016-06-14,17.25,ok
2016-06-15,17.41,ok
2016-06-16,17.71,ok
2016-06-17,17.37,ok
2016-06-20,17.335,ok
2016-06-21,17.36,ok
2016-06-22,17.2,ok
2016-06-23,17.29,ok
2016-06-24,18.04,ok
2016-06-27,17.7,ok
2016-06-28,17.57,ok
2016-06-29,18.21,ok
2016-06-30,18.36,ok
2016-07-01,19.24,ok
2016-07-04,20.36,ok
2016-07-05,19.73,ok
2016-07-06,20.43,ok
2016-07-07,19.95,ok
2016-07-08,19.72,ok
2016-07-11,20.47,ok
2016-07-12,20.35,ok
2016-07-13,20.29,ok
2016-07-14,20.25,ok
2016-07-15,20.14,ok
2016-07-18,19.72,ok
2016-07-19,19.99,ok
2016-07-20,19.7,ok
2016-07-21,19.34,ok
2016-07-22,19.7,ok
2016-07-25,19.41,ok
2016-07-26,19.68,ok
2016-07-27,19.58,ok
2016-07-28,20.41,ok
2016-07-29,20.04,ok
2016-08-01,20.51,ok
2016-08-02,20.71,ok
2016-08-03,20.59,ok
2016-08-04,20.16,ok
2016-08-05,20.22,ok
2016-08-08,19.66,ok
2016-08-09,19.7,ok
2016-08-10,20.335,ok
2016-08-11,20.21,ok
2016-08-12,19.87,ok
2016-08-15,19.9,ok
2016-08-16,20.035,ok
2016-08-17,19.57,ok
2016-08-18,19.78,ok
2016-08-19,19.415,ok
2016-08-22,18.91,ok
2016-08-23,18.98,ok
2016-08-24,18.84,ok
2016-08-25,18.5,ok
2016-08-26,18.67,ok
2016-08-30,18.78,ok
2016-08-31,18.74,ok
2016-09-01,18.65,ok
2016-09-02,18.75,ok
2016-09-05,19.46,ok
2016-09-06,19.6,ok
2016-09-07,19.92,ok
2016-09-08,19.93,ok
2016-09-09,19.41,ok
2016-09-12,18.72,ok
2016-09-13,19.16,ok
2016-09-14,19.04,ok
2016-09-15,18.96,ok
2016-09-16,18.91,ok
2016-09-19,19.12,ok
2016-09-20,19.17,ok
2016-09-21,19.43,ok
2016-09-22,19.875,ok
2016-09-23,19.82,ok
2016-09-26,19.44,ok
2016-09-27,19.42,ok
2016-09-28,19.12,ok
2016-09-29,19.01,ok
2016-09-30,19.35,ok
2016-10-03,19.18,ok
2016-10-04,18.74,ok
2016-10-05,17.8,ok
2016-10-06,17.76,ok
2016-10-07,17.33,ok
2016-10-10,17.78,ok
2016-10-11,17.48,ok
2016-10-12,17.44,ok
2016-10-13,17.59,ok
2016-10-14,17.47,ok
2016-10-17,17.4,ok
2016-10-18,17.65,ok
2016-10-19,17.69,ok
2016-10-20,17.6,ok
2016-10-21,17.51,ok
2016-10-24,17.64,ok
2016-10-25,17.73,ok
2016-10-26,17.66,ok
2016-10-27,17.66,ok
2016-10-28,17.61,ok
2016-10-31,17.76,ok
2016-11-01,18.24,ok
2016-11-02,18.54,ok
2016-11-03,18.07,ok
2016-11-04,18.3,ok
2016-11-07,18.22,ok
2016-11-08,18.26,ok
2016-11-09,18.81,ok
2016-11-10,18.75,ok
2016-11-11,18.59,ok
2016-11-14,17.195,ok
2016-11-15,17,ok
2016-11-16,16.95,ok
2016-11-17,17.04,ok
2016-11-18,16.51,ok
2016-11-21,16.68,ok
2016-11-22,16.76,ok
2016-11-23,16.56,ok
2016-11-24,16.31,ok
2016-11-25,16.465,ok
2016-11-28,16.68,ok
2016-11-29,16.54,ok
2016-11-30,16.67,ok
2016-12-01,16.3,ok
2016-12-02,16.35,ok
2016-12-05,16.62,ok
2016-12-06,16.79,ok
2016-12-07,16.77,ok
2016-12-08,17.13,ok
2016-12-09,16.95,ok
2016-12-12,16.86,ok
2016-12-13,17.01,ok
2016-12-14,17.11,ok
2016-12-15,16.14,ok
2016-12-16,16.05,ok
2016-12-19,16,ok
2016-12-20,15.8,ok
2016-12-21,16.03,ok
2016-12-22,15.77,ok
2016-12-23,15.74,ok
2016-12-28,15.85,ok
2016-12-29,16.06,ok
2016-12-30,16.24,ok
2017-01-03,15.95,ok
2017-01-04,16.42,ok
2017-01-05,16.59,ok
2017-01-06,16.45,ok
2017-01-09,16.52,ok
2017-01-10,16.665,ok
2017-01-11,16.79,ok
2017-01-12,16.91,ok
2017-01-13,16.76,ok
2017-01-16,16.82,ok
2017-01-17,17,ok
2017-01-18,17.12,ok
2017-01-19,16.95,ok
2017-01-20,16.89,ok
2017-01-23,17.14,ok
2017-01-24,17.105,ok
2017-01-25,16.93,ok
2017-01-26,16.86,ok
2017-01-27,16.7,ok
2017-01-30,17.1,ok
2017-01-31,17.29,ok
2017-02-01,17.6,ok
2017-02-02,17.71,ok
2017-02-03,17.28,ok
2017-02-06,17.6,ok
2017-02-07,17.6,ok
2017-02-08,17.74,ok
2017-02-09,17.715,ok
2017-02-10,17.62,ok
2017-02-13,17.97,ok
2017-02-14,17.905,ok
2017-02-15,17.88,ok
2017-02-16,18.1,ok
2017-02-17,18.005,ok
2017-02-20,17.98,ok
2017-02-21,17.89,ok
2017-02-22,18,ok
2017-02-23,18,ok
2017-02-24,18.27,ok
2017-02-27,18.34,ok
2017-02-28,18.28,ok
2017-03-01,18.33,ok
2017-03-02,18.33,ok
2017-03-03,17.66,ok
2017-03-06,17.81,ok
2017-03-07,17.7,ok
2017-03-08,17.4,ok
2017-03-09,17.14,ok
2017-03-10,16.89,ok
2017-03-13,17.02,ok
2017-03-14,17,ok
2017-03-15,16.91,ok
2017-03-16,17.46,ok
2017-03-17,17.4,ok
2017-03-20,17.23,ok
2017-03-21,17.31,ok
2017-03-22,17.58,ok
2017-03-23,17.55,ok
2017-03-24,17.63,ok
2017-03-27,17.94,ok
2017-03-28,17.94,ok
2017-03-29,18.13,ok
2017-03-30,18.1,ok
2017-03-31,18.06,ok
2017-04-03,18.16,ok
2017-04-04,18.34,ok
2017-04-05,18.26,ok
2017-04-06,18.22,ok
2017-04-07,18.4,ok
2017-04-10,17.94,ok
2017-04-11,17.94,ok
2017-04-12,18.31,ok
2017-04-13,18.56,ok
2017-04-18,18.42,ok
2017-04-19,18.22,ok
2017-04-20,18.19,ok
2017-04-21,17.98,ok
2017-04-24,17.81,ok
2017-04-25,17.84,ok
2017-04-26,17.59,ok
2017-04-27,17.46,ok
2017-04-28,17.41,ok
2017-05-02,16.95,ok
2017-05-03,16.85,ok
2017-05-04,16.5,ok
2017-05-05,16.27,ok
2017-05-08,16.38,ok
2017-05-09,16.22,ok
2017-05-10,16.29,ok
2017-05-11,16.37,ok
2017-05-12,16.3,ok
2017-05-15,16.59,ok
2017-05-16,16.72,ok
2017-05-17,16.9,ok
2017-05-18,16.81,ok
2017-05-19,16.77,ok
2017-05-22,16.95,ok
2017-05-23,17.14,ok
2017-05-24,17.03,ok
2017-05-25,17.15,ok
2017-05-26,17.29,ok
2017-05-30,17.27,ok
2017-05-31,17.31,ok
2017-06-01,17.13,ok
2017-06-02,17.19,ok
2017-06-05,17.52,ok
2017-06-06,17.56,ok
2017-06-07,17.6,ok
2017-06-08,17.6,ok
2017-06-09,17.35,ok
2017-06-12,17.13,ok
2017-06-13,16.82,ok
2017-06-14,16.96,ok
2017-06-15,16.86,ok
2017-06-16,16.76,ok
2017-06-19,16.67,ok
2017-06-20,16.59,ok
2017-06-21,16.51,ok
2017-06-22,16.58,ok
2017-06-23,16.71,ok
2017-06-26,16.53,ok
2017-06-27,16.66,ok
2017-06-28,16.78,ok
2017-06-29,16.83,ok
2017-06-30,16.47,ok
2017-07-03,16.48,ok
2017-07-04,16.15,ok
2017-07-05,15.95,ok
2017-07-06,16.01,ok
2017-07-07,15.84,ok
2017-07-10,15.22,ok
2017-07-11,15.51,ok
2017-07-12,15.83,ok
2017-07-13,15.95,ok
2017-07-14,15.71,ok
2017-07-17,16.07,ok
2017-07-18,16.17,ok
2017-07-19,16.23,ok
2017-07-20,16.18,ok
2017-07-21,16.43,ok
2017-07-24,16.5,ok
2017-07-25,16.31,ok
2017-07-26,16.37,ok
2017-07-27,16.79,ok
2017-07-28,16.56,ok
2017-07-31,16.76,ok
2017-08-01,16.74,ok
2017-08-02,16.67,ok
2017-08-03,16.47,ok
2017-08-04,16.7,ok
2017-08-07,16.13,ok
2017-08-08,16.39,ok
2017-08-09,16.59,ok
2017-08-10,17.08,ok
2017-08-11,17.09,ok
2017-08-14,16.97,ok
2017-08-15,16.89,ok
2017-08-16,16.68,ok
2017-08-17,17.02,ok
2017-08-18,17.15,ok
2017-08-21,17.02,ok
2017-08-22,17.02,ok
2017-08-23,17.06,ok
2017-08-24,16.93,ok
2017-08-25,17.02,ok
2017-08-29,17.6,ok
2017-08-30,17.44,ok
2017-08-31,17.34,ok
2017-09-01,17.5,ok
2017-09-04,17.8,ok
2017-09-05,17.88,ok
2017-09-06,17.77,ok
2017-09-07,17.79,ok
2017-09-08,18.21,ok
2017-09-11,17.85,ok
2017-09-12,17.75,ok
2017-09-13,17.91,ok
2017-09-14,17.75,ok
2017-09-15,17.7,ok
2017-09-18,17.53,ok
2017-09-19,17.15,ok
2017-09-20,17.38,ok
2017-09-21,16.95,ok
2017-09-22,16.97,ok
2017-09-25,16.95,ok
2017-09-26,17.01,ok
2017-09-27,16.89,ok
2017-09-28,16.82,ok
2017-09-29,16.86,ok
2017-10-02,16.58,ok
2017-10-03,16.61,ok
2017-10-04,16.825,ok
2017-10-05,16.66,ok
2017-10-06,16.625,ok
2017-10-09,16.92,ok
2017-10-10,17.12,ok
2017-10-11,17.15,ok
2017-10-12,17.195,ok
2017-10-13,17.2,ok
2017-10-16,17.41,ok
2017-10-17,17.11,ok
2017-10-18,16.95,ok
2017-10-19,17.025,ok
2017-10-20,17.075,ok
2017-10-23,16.995,ok
2017-10-24,17.035,ok
2017-10-25,16.89,ok
2017-10-26,16.97,ok
2017-10-27,16.72,ok
2017-10-30,16.735,ok
2017-10-31,16.82,ok
2017-11-01,16.94,ok
2017-11-02,17.08,ok
2017-11-03,17.085,ok
2017-11-06,16.915,ok
2017-11-07,17.005,ok
2017-11-08,16.995,ok
2017-11-09,17.1,ok
2017-11-10,17,ok
2017-11-13,16.925,ok
2017-11-14,16.935,ok
2017-11-15,17.115,ok
2017-11-16,17.04,ok
2017-11-17,17.085,ok
2017-11-20,17.145,ok
2017-11-21,17,ok
2017-11-22,16.965,ok
2017-11-23,17.095,ok
2017-11-24,17.05,ok
2017-11-27,17.1,ok
2017-11-28,17.07,ok
2017-11-29,16.895,ok
2017-11-30,16.57,ok
2017-12-01,16.42,ok
2017-12-04,16.33,ok
2017-12-05,16.285,ok
2017-12-06,16.115,ok
2017-12-07,15.91,ok
2017-12-08,15.825,ok
2017-12-11,15.835,ok
2017-12-12,15.78,ok
2017-12-13,15.705,ok
2017-12-14,16.01,ok
2017-12-15,15.985,ok
2017-12-18,16.09,ok
2017-12-19,16.155,ok
2017-12-20,16.185,ok
2017-12-21,16.145,ok
2017-12-22,16.175,ok
2017-12-27,16.5,ok
2017-12-28,16.74,ok
2017-12-29,16.865,ok
2018-01-02,17.06,ok
2018-01-03,17.125,ok
2018-01-04,17.13,ok
2018-01-05,17.155,ok
2018-01-08,17.17,ok
2018-01-09,17.055,ok
2018-01-10,17.135,ok
2018-01-11,17.01,ok
2018-01-12,17.12,ok
2018-01-15,17.325,ok
2018-01-16,17.095,ok
2018-01-17,17.21,ok
2018-01-18,17.09,ok
2018-01-19,17.04,ok
2018-01-22,17.035,ok
2018-01-23,16.98,ok
2018-01-24,17.19,ok
2018-01-25,17.52,ok
2018-01-26,17.4,ok
2018-01-29,17.335,ok
2018-01-30,17.295,ok
2018-01-31,17.23,ok
2018-02-01,17.19,ok
2018-02-02,17.135,ok
2018-02-05,16.875,ok
2018-02-06,16.805,ok
2018-02-07,16.69,ok
2018-02-08,16.345,ok
2018-02-09,16.355,ok
2018-02-12,16.425,ok
2018-02-13,16.605,ok
2018-02-14,16.58,ok
2018-02-15,16.825,ok
2018-02-16,16.835,ok
2018-02-19,16.72,ok
2018-02-20,16.57,ok
2018-02-21,16.435,ok
2018-02-22,16.465,ok
2018-02-23,16.61,ok
2018-02-26,16.67,ok
2018-02-27,16.61,ok
2018-02-28,16.44,ok
2018-03-01,16.315,ok
2018-03-02,16.445,ok
2018-03-05,16.51,ok
2018-03-06,16.62,ok
2018-03-07,16.645,ok
2018-03-08,16.48,ok
2018-03-09,16.485,ok
2018-03-12,16.455,ok
2018-03-13,16.51,ok
2018-03-14,16.605,ok
2018-03-15,16.52,ok
2018-03-16,16.475,ok
2018-03-19,16.285,ok
2018-03-20,16.25,ok
2018-03-21,16.245,ok
2018-03-22,16.52,ok
2018-03-23,16.53,ok
2018-03-26,16.61,ok
2018-03-27,16.64,ok
2018-03-28,16.455,ok
2018-03-29,16.28,ok
2018-04-03,16.52,ok
2018-04-04,16.46,ok
2018-04-05,16.305,ok
2018-04-06,16.275,ok
2018-04-09,16.34,ok
2018-04-10,16.49,ok
2018-04-11,16.565,ok
2018-04-12,16.655,ok
2018-04-13,16.505,ok
2018-04-16,16.6,ok
2018-04-17,16.625,ok
2018-04-18,16.945,ok
2018-04-19,17.195,ok
2018-04-20,17.11,ok
2018-04-23,16.935,ok
2018-04-24,16.595,ok
2018-04-25,16.565,ok
2018-04-26,16.575,ok
2018-04-27,16.53,ok
2018-04-30,16.38,ok
2018-05-01,16.25,ok
2018-05-02,16.35,ok
2018-05-03,16.465,ok
2018-05-04,16.415,ok
2018-05-08,16.445,ok
2018-05-09,16.44,ok
2018-05-10,16.6,ok
2018-05-11,16.76,ok
2018-05-14,16.645,ok
2018-05-15,16.41,ok
2018-05-16,16.255,ok
2018-05-17,16.385,ok
2018-05-18,16.39,ok
2018-05-21,16.34,ok
2018-05-22,16.58,ok
2018-05-23,16.53,ok
2018-05-24,16.51,ok
2018-05-25,16.67,ok
2018-05-29,16.475,ok
2018-05-30,16.37,ok
2018-05-31,16.55,ok
2018-06-01,16.42,ok
2018-06-04,16.44,ok
2018-06-05,16.385,ok
2018-06-06,16.545,ok
2018-06-07,16.745,ok
2018-06-08,16.72,ok
2018-06-11,16.76,ok
2018-06-12,16.855,ok
2018-06-13,16.905,ok
2018-06-14,17.125,ok
2018-06-15,17.225,ok
2018-06-18,16.605,ok
2018-06-19,16.355,ok
2018-06-20,16.285,ok
2018-06-21,16.245,ok
2018-06-22,16.425,ok
2018-06-25,16.375,ok
2018-06-26,16.225,ok
2018-06-27,16.21,ok
2018-06-28,16.11,ok
2018-06-29,16.03,ok
2018-07-02,15.98,ok
2018-07-03,15.93,ok
2018-07-04,16.045,ok
2018-07-05,15.95,ok
2018-07-06,15.995,ok
2018-07-09,16.205,ok
2018-07-10,15.93,ok
2018-07-11,15.915,ok
2018-07-12,15.84,ok
2018-07-13,15.81,ok
2018-07-16,15.81,ok
2018-07-17,15.77,ok
2018-07-18,15.44,ok
2018-07-19,15.26,ok
2018-07-20,15.37,ok
2018-07-23,15.485,ok
2018-07-24,15.51,ok
2018-07-25,15.565,ok
2018-07-26,15.535,ok
2018-07-27,15.355,ok
2018-07-30,15.49,ok
2018-07-31,15.43,ok
2018-08-01,15.475,ok
2018-08-02,15.45,ok
2018-08-03,15.36,ok
2018-08-06,15.345,ok
2018-08-07,15.465,ok
2018-08-08,15.345,ok
2018-08-09,15.48,ok
2018-08-10,15.375,ok
2018-08-13,15.185,ok
2018-08-14,15.035,ok
2018-08-15,14.825,ok
2018-08-16,14.605,ok
2018-08-17,14.66,ok
2018-08-20,14.755,ok
2018-08-21,14.785,ok
2018-08-22,14.81,ok
2018-08-23,14.625,ok
2018-08-24,14.62,ok
2018-08-28,14.9,ok
2018-08-29,14.69,ok
2018-08-30,14.665,ok
2018-08-31,14.655,ok
2018-09-03,14.525,ok
2018-09-04,14.25,ok
2018-09-05,14.17,ok
2018-09-06,14.265,ok
2018-09-07,14.185,ok
2018-09-10,14.215,ok
2018-09-11,14.125,ok
2018-09-12,14.155,ok
2018-09-13,14.225,ok
2018-09-14,14.215,ok
2018-09-17,14.17,ok
2018-09-18,14.21,ok
2018-09-19,14.185,ok
2018-09-20,14.23,ok
2018-09-21,14.33,ok
2018-09-24,14.315,ok
2018-09-25,14.29,ok
2018-09-26,14.475,ok
2018-09-27,14.42,ok
2018-09-28,14.305,ok
2018-10-01,14.55,ok
2018-10-02,14.505,ok
2018-10-03,14.735,ok
2018-10-04,14.63,ok
2018-10-05,14.635,ok
2018-10-08,14.465,ok
2018-10-09,14.325,ok
2018-10-10,14.375,ok
2018-10-11,14.4,ok
2018-10-12,14.6,ok
2018-10-15,14.74,ok
2018-10-16,14.755,ok
2018-10-17,14.65,ok
2018-10-18,14.515,ok
2018-10-19,14.61,ok
2018-10-22,14.63,ok
2018-10-23,14.715,ok
2018-10-24,14.745,ok
2018-10-25,14.74,ok
2018-10-26,14.69,ok
2018-10-29,14.65,ok
2018-10-30,14.425,ok
2018-10-31,14.34,ok
2018-11-01,14.45,ok
2018-11-02,14.82,ok
2018-11-05,14.735,ok
2018-11-06,14.7,ok
2018-11-07,14.67,ok
2018-11-08,14.49,ok
2018-11-09,14.34,ok
2018-11-12,14.16,ok
2018-11-13,14.02,ok
2018-11-14,13.97,ok
2018-11-15,14.13,ok
2018-11-16,14.285,ok
2018-11-19,14.36,ok
2018-11-20,14.44,ok
2018-11-21,14.42,ok
2018-11-22,14.52,ok
2018-11-23,14.255,ok
2018-11-26,14.38,ok
2018-11-27,14.275,ok
2018-11-28,14.15,ok
2018-11-29,14.265,ok
2018-11-30,14.235,ok
2018-12-03,14.385,ok
2018-12-04,14.545,ok
2018-12-05,14.48,ok
2018-12-06,14.38,ok
2018-12-07,14.485,ok
2018-12-10,14.53,ok
2018-12-11,14.64,ok
2018-12-12,14.655,ok
2018-12-13,14.68,ok
2018-12-14,14.58,ok
2018-12-17,14.6,ok
2018-12-18,14.655,ok
2018-12-19,14.645,ok
2018-12-20,14.77,ok
2018-12-21,14.69,ok
2018-12-24,14.675,ok
2018-12-27,15.055,ok
2018-12-28,15.295,ok
2018-12-31,15.465,ok
2019-01-02,15.44,ok
2019-01-03,15.535,ok
2019-01-04,15.705,ok
2019-01-07,15.75,ok
2019-01-08,15.64,ok
2019-01-09,15.62,ok
2019-01-10,15.705,ok
2019-01-11,15.68,ok
2019-01-14,15.615,ok
2019-01-15,15.6,ok
2019-01-16,15.54,ok
2019-01-17,15.575,ok
2019-01-18,15.47,ok
2019-01-21,15.26,ok
2019-01-22,15.26,ok
2019-01-23,15.385,ok
2019-01-24,15.3,ok
2019-01-25,15.375,ok
2019-01-28,15.685,ok
2019-01-29,15.855,ok
2019-01-30,15.915,ok
2019-01-31,16.075,ok
2019-02-01,16.01,ok
2019-02-04,15.745,ok
2019-02-05,15.865,ok
2019-02-06,15.73,ok
2019-02-07,15.71,ok
2019-02-08,15.78,ok
2019-02-11,15.705,ok
2019-02-12,15.81,ok
2019-02-13,15.695,ok
2019-02-14,15.58,ok
2019-02-15,15.675,ok
2019-02-18,15.765,ok
2019-02-19,15.78,ok
2019-02-20,16.035,ok
2019-02-21,15.91,ok
2019-02-22,15.87,ok
2019-02-25,15.955,ok
2019-02-26,15.83,ok
2019-02-27,15.86,ok
2019-02-28,15.815,ok
2019-03-01,15.56,ok
2019-03-04,15.16,ok
2019-03-05,15.11,ok
2019-03-06,15.095,ok
2019-03-07,15.075,ok
2019-03-08,15.115,ok
2019-03-11,15.295,ok
2019-03-12,15.445,ok
2019-03-13,15.52,ok
2019-03-14,15.235,ok
2019-03-15,15.355,ok
2019-03-18,15.38,ok
2019-03-19,15.41,ok
2019-03-20,15.32,ok
2019-03-21,15.54,ok
2019-03-22,15.46,ok
2019-03-25,15.525,ok
2019-03-26,15.44,ok
2019-03-27,15.4,ok
2019-03-28,15.195,ok
2019-03-29,15.1,ok
2019-04-01,15.07,ok
2019-04-02,15.025,ok
2019-04-03,15.165,ok
2019-04-04,15.085,ok
2019-04-05,15.195,ok
2019-04-08,15.14,ok
2019-04-09,15.255,ok
2019-04-10,15.245,ok
2019-04-11,15.16,ok
2019-04-12,15.065,ok
2019-04-15,14.935,ok
2019-04-16,14.945,ok
2019-04-17,15,ok
2019-04-18,14.955,ok
2019-04-23,14.975,ok
2019-04-24,14.805,ok
2019-04-25,14.865,ok
2019-04-26,15,ok
2019-04-29,14.97,ok
2019-04-30,14.985,ok
2019-05-01,14.88,ok
2019-05-02,14.675,ok
2019-05-03,14.655,ok
2019-05-07,14.83,ok
2019-05-08,14.93,ok
2019-05-09,14.82,ok
2019-05-10,14.795,ok
2019-05-13,14.66,ok
2019-05-14,14.755,ok
2019-05-15,14.815,ok
2019-05-16,14.795,ok
2019-05-17,14.48,ok
2019-05-20,14.415,ok
2019-05-21,14.43,ok
2019-05-22,14.435,ok
2019-05-23,14.48,ok
2019-05-24,14.55,ok
2019-05-28,14.48,ok
2019-05-29,14.375,ok
2019-05-30,14.4,ok
2019-05-31,14.48,ok
2019-06-03,14.705,ok
2019-06-04,14.72,ok
2019-06-05,14.84,ok
2019-06-06,14.955,ok
2019-06-07,14.91,ok
2019-06-10,14.745,ok
2019-06-11,14.695,ok
2019-06-12,14.79,ok
2019-06-13,14.795,ok
2019-06-14,15.025,ok
2019-06-17,14.78,ok
2019-06-18,14.895,ok
2019-06-19,14.945,ok
2019-06-20,15.33,ok
2019-06-21,15.29,ok
2019-06-24,15.37,ok
2019-06-25,15.4,ok
2019-06-26,15.255,ok
2019-06-27,15.25,ok
2019-06-28,15.22,ok
2019-07-01,15.26,ok
2019-07-02,15.17,ok
2019-07-03,15.31,ok
2019-07-04,15.28,ok
2019-07-05,15.21,ok
2019-07-08,15.07,ok
2019-07-09,15.025,ok
2019-07-10,15.095,ok
2019-07-11,15.265,ok
2019-07-12,15.14,ok
2019-07-15,15.32,ok
2019-07-16,15.395,ok
2019-07-17,15.61,ok
2019-07-18,16.03,ok
2019-07-19,16.315,ok
2019-07-22,16.385,ok
2019-07-23,16.43,ok
2019-07-24,16.535,ok
2019-07-25,16.535,ok
2019-07-26,16.44,ok
2019-07-29,16.39,ok
2019-07-30,16.455,ok
2019-07-31,16.475,ok
2019-08-01,16.005,ok
2019-08-02,16.195,ok
2019-08-05,16.485,ok
2019-08-06,16.385,ok
2019-08-07,16.82,ok
2019-08-08,17.02,ok
2019-08-09,17,ok
2019-08-12,16.955,ok
2019-08-13,17.445,ok
2019-08-14,17.115,ok
2019-08-15,17.29,ok
2019-08-16,17.16,ok
2019-08-19,16.925,ok
2019-08-20,17.02,ok
2019-08-21,17.11,ok
2019-08-22,16.96,ok
2019-08-23,17.05,ok
2019-08-27,17.725,ok
2019-08-28,18.365,ok
2019-08-29,18.48,ok
2019-08-30,18.385,ok
2019-09-02,18.35,ok
2019-09-03,18.475,ok
2019-09-04,19.305,ok
2019-09-05,19.22,ok
2019-09-06,18.145,ok
2019-09-09,18.17,ok
2019-09-10,17.99,ok
2019-09-11,18.165,ok
2019-09-12,18.19,ok
2019-09-13,18.145,ok
2019-09-16,17.835,ok
2019-09-17,17.84,ok
2019-09-18,17.85,ok
2019-09-19,17.755,ok
2019-09-20,17.88,ok
2019-09-23,18.38,ok
2019-09-24,18.56,ok
2019-09-25,18.57,ok
2019-09-26,17.97,ok
2019-09-27,17.52,ok
2019-09-30,17.255,ok
2019-10-01,17.11,ok
2019-10-02,17.26,ok
2019-10-03,17.6,ok
2019-10-04,17.605,ok
2019-10-07,17.425,ok
2019-10-08,17.555,ok
2019-10-09,17.78,ok
2019-10-10,17.75,ok
2019-10-11,17.6,ok
2019-10-14,17.605,ok
2019-10-15,17.67,ok
2019-10-16,17.255,ok
2019-10-17,17.45,ok
2019-10-18,17.435,ok
2019-10-21,17.725,ok
2019-10-22,17.625,ok
2019-10-23,17.535,ok
2019-10-24,17.53,ok
2019-10-25,18.125,ok
2019-10-28,18.055,ok
2019-10-29,17.66,ok
2019-10-30,17.955,ok
2019-10-31,18.055,ok
2019-11-01,18.12,ok
2019-11-04,18.185,ok
2019-11-05,18.045,ok
2019-11-06,17.54,ok
2019-11-07,17.53,ok
2019-11-08,16.81,ok
2019-11-11,16.88,ok
2019-11-12,16.735,ok
2019-11-13,16.95,ok
2019-11-14,17.035,ok
2019-11-15,16.87,ok
2019-11-18,16.795,ok
2019-11-19,17.125,ok
2019-11-20,17.115,ok
2019-11-21,17.09,ok
2019-11-22,17.175,ok
2019-11-25,16.87,ok
2019-11-26,16.935,ok
2019-11-27,17.055,ok
2019-11-28,16.945,ok
2019-11-29,16.965,ok
2019-12-02,16.875,ok
2019-12-03,17.01,ok
2019-12-04,17.13,ok
2019-12-05,16.87,ok
2019-12-06,16.94,ok
2019-12-09,16.62,ok
2019-12-10,16.675,ok
2019-12-11,16.66,ok
2019-12-12,16.865,ok
2019-12-13,16.935,ok
2019-12-16,17.02,ok
2019-12-17,17.06,ok
2019-12-18,16.995,ok
2019-12-19,16.94,ok
2019-12-20,17.035,ok
2019-12-23,17.375,ok
2019-12-24,17.585,ok
2019-12-27,17.825,ok
2019-12-30,17.825,ok
2019-12-31,18.045,ok
2020-01-02,17.925,ok
2020-01-03,18.21,ok
2020-01-06,18.44,ok
2020-01-07,18.145,ok
2020-01-08,18.42,ok
2020-01-09,17.91,ok
2020-01-10,17.915,ok
2020-01-13,17.985,ok
2020-01-14,17.77,ok
2020-01-15,17.85,ok
2020-01-16,18.01,ok
2020-01-17,18.06,ok
2020-01-20,18.055,ok
2020-01-21,17.985,ok
2020-01-22,17.77,ok
2020-01-23,17.6,ok
2020-01-24,17.83,ok
2020-01-27,18.295,ok
2020-01-28,17.975,ok
2020-01-29,17.47,ok
2020-01-30,17.725,ok
2020-01-31,17.885,ok
2020-02-03,17.77,ok
2020-02-04,17.73,ok
2020-02-05,17.62,ok
2020-02-06,17.765,ok
2020-02-07,17.77,ok
2020-02-10,17.785,ok
2020-02-11,17.705,ok
2020-02-12,17.56,ok
2020-02-13,17.64,ok
2020-02-14,17.705,ok
2020-02-17,17.8,ok
2020-02-18,17.885,ok
2020-02-19,18.345,ok
2020-02-20,18.385,ok
2020-02-21,18.56,ok
2020-02-24,18.775,ok
2020-02-25,18.33,ok
2020-02-26,18.075,ok
2020-02-27,18.05,ok
2020-02-28,17.185,ok
2020-03-02,16.915,ok
2020-03-03,16.81,ok
2020-03-04,17.25,ok
2020-03-05,17.2,ok
2020-03-06,17.48,ok
2020-03-09,16.885,ok
2020-03-10,17.07,ok
2020-03-11,17.02,ok
2020-03-12,16.525,ok
2020-03-13,15.77,ok
2020-03-16,12.965,ok
2020-03-17,12.44,ok
2020-03-18,12.42,ok
2020-03-19,12.005,ok
2020-03-20,12.63,ok
2020-03-23,12.51,ok
2020-03-24,13.625,ok
2020-03-25,13.965,ok
2020-03-26,14.415,ok
2020-03-27,14.315,ok
2020-03-30,14.055,ok
2020-03-31,13.93,ok
2020-04-01,14.015,ok
2020-04-02,14.175,ok
2020-04-03,14.39,ok
2020-04-06,14.555,ok
2020-04-07,15.075,ok
2020-04-08,15.065,ok
2020-04-09,15.175,ok
2020-04-14,15.51,ok
2020-04-15,15.57,ok
2020-04-16,15.5,ok
2020-04-17,15.16,ok
2020-04-20,15.15,ok
2020-04-21,14.97,ok
2020-04-22,14.91,ok
2020-04-23,15.305,ok
2020-04-24,15.315,ok
2020-04-27,15.205,ok
2020-04-28,15.145,ok
2020-04-29,15.165,ok
2020-04-30,15.335,ok
2020-05-01,14.845,ok
2020-05-04,14.93,ok
2020-05-05,14.75,ok
2020-05-06,15.075,ok
2020-05-07,14.98,ok
2020-05-11,15.445,ok
2020-05-12,15.485,ok
2020-05-13,15.56,ok
2020-05-14,15.53,ok
2020-05-15,16.25,ok
2020-05-18,17.35,ok
2020-05-19,17.12,ok
2020-05-20,17.47,ok
2020-05-21,17.205,ok
2020-05-22,17,ok
2020-05-26,17.3,ok
2020-05-27,17.19,ok
2020-05-28,17.34,ok
2020-05-29,17.59,ok
2020-06-01,18.16,ok
2020-06-02,18.27,ok
2020-06-03,17.86,ok
2020-06-04,17.75,ok
2020-06-05,17.58,ok
2020-06-08,17.63,ok
2020-06-09,17.63,ok
2020-06-10,17.715,ok
2020-06-11,17.875,ok
2020-06-12,17.625,ok
2020-06-15,17.085,ok
2020-06-16,17.41,ok
2020-06-17,17.47,ok
2020-06-18,17.615,ok
2020-06-19,17.525,ok
2020-06-22,17.86,ok
2020-06-23,17.81,ok
2020-06-24,17.855,ok
2020-06-25,17.53,ok
2020-06-26,17.83,ok
2020-06-29,17.905,ok
2020-06-30,17.845,ok
2020-07-01,18.22,ok
2020-07-02,17.925,ok
2020-07-03,18.02,ok
2020-07-06,18.255,ok
2020-07-07,18.02,ok
2020-07-08,18.485,ok
2020-07-09,18.835,ok
2020-07-10,18.77,ok
2020-07-13,19.095,ok
2020-07-14,18.895,ok
2020-07-15,19.33,ok
2020-07-16,19.245,ok
2020-07-17,19.16,ok
2020-07-20,19.44,ok
2020-07-21,20.555,ok
2020-07-22,22.245,ok
2020-07-23,22.86,ok
2020-07-24,22.475,ok
2020-07-27,24.375,ok
2020-07-28,23.545,ok
2020-07-29,24.335,ok
2020-07-30,23.16,ok
2020-07-31,24.07,ok
2020-08-03,24.23,ok
2020-08-04,24.33,ok
2020-08-05,26.945,ok
2020-08-06,27.885,ok
2020-08-07,28.33,ok
2020-08-10,28.27,ok
2020-08-11,28.28,ok
2020-08-12,25.81,ok
2020-08-13,26.25,ok
2020-08-14,26.705,ok
2020-08-17,26.915,ok
2020-08-18,28.325,ok
2020-08-19,27.44,ok
2020-08-20,26.915,ok
2020-08-21,26.85,ok
2020-08-24,26.885,ok
2020-08-25,26.495,ok
2020-08-26,26.395,ok
2020-08-27,27.245,ok
2020-08-28,27.35,ok
2020-09-01,28.885,ok
2020-09-02,27.705,ok
2020-09-03,26.9,ok
2020-09-04,26.815,ok
2020-09-07,26.83,ok
2020-09-08,26.675,ok
2020-09-09,26.535,ok
2020-09-10,27.105,ok
2020-09-11,26.875,ok
2020-09-14,26.885,ok
2020-09-15,27.545,ok
2020-09-16,27.38,ok
2020-09-17,26.745,ok
2020-09-18,27.06,ok
2020-09-21,26.36,ok
2020-09-22,24.3,ok
2020-09-23,23.595,ok
2020-09-24,22.22,ok
2020-09-25,22.63,ok
2020-09-28,22.89,ok
2020-09-29,23.835,ok
2020-09-30,23.725,ok
2020-10-01,23.62,ok
2020-10-02,23.865,ok
2020-10-05,23.915,ok
2020-10-06,24.3,ok
2020-10-07,23.53,ok
2020-10-08,23.96,ok
2020-10-09,24.315,ok
2020-10-12,25.06,ok
2020-10-13,24.935,ok
2020-10-14,24.175,ok
2020-10-15,23.935,ok
2020-10-16,24.36,ok
2020-10-19,24.84,ok
2020-10-20,24.63,ok
2020-10-21,25.02,ok
2020-10-22,24.915,ok
2020-10-23,24.76,ok
2020-10-26,24.28,ok
2020-10-27,24.435,ok
2020-10-28,23.925,ok
2020-10-29,23.015,ok
2020-10-30,23.625,ok
2020-11-02,23.975,ok
2020-11-03,24.17,ok
2020-11-04,23.975,ok
2020-11-05,24.57,ok
2020-11-06,25.78,ok
2020-11-09,25.105,ok
2020-11-10,24.195,ok
2020-11-11,24.21,ok
2020-11-12,24.215,ok
2020-11-13,24.245,ok
2020-11-16,24.265,ok
2020-11-17,24.63,ok
2020-11-18,24.315,ok
2020-11-19,23.98,ok
2020-11-20,24.165,ok
2020-11-23,23.905,ok
2020-11-24,23.155,ok
2020-11-25,23.41,ok
2020-11-26,23.36,ok
2020-11-27,23.135,ok
2020-11-30,22.15,ok
2020-12-01,23.535,ok
2020-12-02,23.98,ok
2020-12-03,24.17,ok
2020-12-04,24.225,ok
2020-12-07,23.75,ok
2020-12-08,24.475,ok
2020-12-09,24.085,ok
2020-12-10,23.885,ok
2020-12-11,23.815,ok
2020-12-14,23.855,ok
2020-12-15,24.215,ok
2020-12-16,25.13,ok
2020-12-17,25.74,ok
2020-12-18,25.815,ok
2020-12-21,26.155,ok
2020-12-22,25.77,ok
2020-12-23,25.315,ok
2020-12-24,25.78,ok
2020-12-29,26.15,ok
2020-12-30,26.305,ok
2020-12-31,26.485,ok
2021-01-04,27.27,ok
2021-01-05,27.51,ok
2021-01-06,27.525,ok
2021-01-07,27.13,ok
2021-01-08,26.645,ok
2021-01-11,25.02,ok
2021-01-12,25.525,ok
2021-01-13,25.335,ok
2021-01-14,25.25,ok
2021-01-15,25.245,ok
2021-01-18,24.865,ok
2021-01-19,25.295,ok
2021-01-20,25.295,ok
2021-01-21,25.865,ok
2021-01-22,25.32,ok
2021-01-25,25.635,ok
2021-01-26,25.4,ok
2021-01-27,25.185,ok
2021-01-28,25.205,ok
2021-01-29,27.415,ok
2021-02-01,29.585,ok
2021-02-02,27.325,ok
2021-02-03,26.8,ok
2021-02-04,26.4,ok
2021-02-05,26.53,ok
2021-02-08,27.18,ok
2021-02-09,27.635,ok
2021-02-10,27.23,ok
2021-02-11,27.125,ok
2021-02-12,27.07,ok
2021-02-15,27.57,ok
2021-02-16,27.575,ok
2021-02-17,27.115,ok
2021-02-18,27.165,ok
2021-02-19,26.95,ok
2021-02-22,27.445,ok
2021-02-23,27.965,ok
2021-02-24,27.745,ok
2021-02-25,27.925,ok
2021-02-26,26.685,ok
2021-03-01,26.89,ok
2021-03-02,26.26,ok
2021-03-03,26.585,ok
2021-03-04,25.955,ok
2021-03-05,25.355,ok
2021-03-08,25.155,ok
2021-03-09,25.755,ok
2021-03-10,25.645,ok
2021-03-11,26.25,ok
2021-03-12,25.475,ok
2021-03-15,26.1,ok
2021-03-16,26.08,ok
2021-03-17,25.85,ok
2021-03-18,26.13,ok
2021-03-19,26.175,ok
2021-03-22,25.74,ok
2021-03-23,25.62,ok
2021-03-24,25.195,ok
2021-03-25,24.67,ok
2021-03-26,25.055,ok
2021-03-29,24.83,ok
2021-03-30,24.34,ok
2021-03-31,24,ok
2021-04-01,24.315,ok
2021-04-06,25.04,ok
2021-04-07,24.985,ok
2021-04-08,25.33,ok
2021-04-09,25.225,ok
2021-04-12,25.16,ok
2021-04-13,24.95,ok
2021-04-14,25.33,ok
2021-04-15,25.585,ok
2021-04-16,26.14,ok
2021-04-19,26.105,ok
2021-04-20,25.88,ok
2021-04-21,25.91,ok
2021-04-22,26.3,ok
2021-04-23,26.125,ok
2021-04-26,26.11,ok
2021-04-27,26.285,ok
2021-04-28,25.87,ok
2021-04-29,26.285,ok
2021-04-30,25.875,ok
2021-05-04,26.825,ok
2021-05-05,26.295,ok
2021-05-06,26.725,ok
2021-05-07,27.375,ok
2021-05-10,27.735,ok
2021-05-11,27.48,ok
2021-05-12,27.41,ok
2021-05-13,26.82,ok
2021-05-14,27.23,ok
2021-05-17,27.61,ok
2021-05-18,28.475,ok
2021-05-19,27.675,ok
2021-05-20,27.74,ok
2021-05-21,27.8,ok
2021-05-24,27.645,ok
2021-05-25,27.555,ok
2021-05-26,28.12,ok
2021-05-27,27.655,ok
2021-05-28,27.63,ok
2021-06-01,28.21,ok
2021-06-02,27.745,ok
2021-06-03,27.755,ok
2021-06-04,27.365,ok
2021-06-07,27.58,ok
2021-06-08,27.715,ok
2021-06-09,27.58,ok
2021-06-10,27.66,ok
2021-06-11,28.14,ok
2021-06-14,27.73,ok
2021-06-15,27.625,ok
2021-06-16,27.71,ok
2021-06-17,26.595,ok
2021-06-18,26.385,ok
2021-06-21,25.955,ok
2021-06-22,25.97,ok
2021-06-23,25.945,ok
2021-06-24,25.99,ok
2021-06-25,26.13,ok
2021-06-28,26.09,ok
2021-06-29,25.955,ok
2021-06-30,25.765,ok
2021-07-01,26.26,ok
2021-07-02,26.17,ok
2021-07-05,26.545,ok
2021-07-06,26.61,ok
2021-07-07,26.385,ok
2021-07-08,26.105,ok
2021-07-09,26.01,ok
2021-07-12,25.925,ok
2021-07-13,26.105,ok
2021-07-14,26.17,ok
2021-07-15,26.205,ok
2021-07-16,26.105,ok
2021-07-19,25.325,ok
2021-07-20,25.095,ok
2021-07-21,25.105,ok
2021-07-22,25.07,ok
2021-07-23,25.165,ok
2021-07-26,25.365,ok
2021-07-27,25.115,ok
2021-07-28,24.795,ok
2021-07-29,25.45,ok
2021-07-30,25.49,ok
2021-08-02,25.405,ok
2021-08-03,25.46,ok
2021-08-04,25.67,ok
2021-08-05,25.45,ok
2021-08-06,24.975,ok
2021-08-09,23.84,ok
2021-08-10,23.39,ok
2021-08-11,23.415,ok
2021-08-12,23.415,ok
2021-08-13,23.385,ok
2021-08-16,23.54,ok
2021-08-17,23.9,ok
2021-08-18,23.67,ok
2021-08-19,23.34,ok
2021-08-20,23.205,ok
2021-08-23,23.43,ok
2021-08-24,23.76,ok
2021-08-25,23.755,ok
2021-08-26,23.675,ok
2021-08-27,23.61,ok
2021-08-31,24.045,ok
2021-09-01,23.92,ok
2021-09-02,24.165,ok
2021-09-03,24.055,ok
2021-09-06,24.705,ok
2021-09-07,24.245,ok
2021-09-08,24.315,ok
2021-09-09,24.145,ok
2021-09-10,24.025,ok
2021-09-13,23.58,ok
2021-09-14,23.6,ok
2021-09-15,23.835,ok
2021-09-16,23.47,ok
2021-09-17,23.01,ok
2021-09-20,22.395,ok
2021-09-21,22.555,ok
2021-09-22,22.735,ok
2021-09-23,22.74,ok
2021-09-24,22.66,ok
2021-09-27,22.555,ok
2021-09-28,22.2,ok
2021-09-29,22.325,ok
2021-09-30,21.525,ok
2021-10-01,22.095,ok
2021-10-04,22.31,ok
2021-10-05,22.485,ok
2021-10-06,22.295,ok
2021-10-07,22.69,ok
2021-10-08,22.55,ok
2021-10-11,22.52,ok
2021-10-12,22.64,ok
2021-10-13,22.885,ok
2021-10-14,23.34,ok
2021-10-15,23.24,ok
2021-10-18,23.22,ok
2021-10-19,23.73,ok
2021-10-20,23.955,ok
2021-10-21,24.23,ok
2021-10-22,24.31,ok
2021-10-25,24.375,ok
2021-10-26,24.315,ok
2021-10-27,23.955,ok
2021-10-28,24.075,ok
2021-10-29,24.01,ok
2021-11-01,23.865,ok
2021-11-02,23.865,ok
2021-11-03,23.58,ok
2021-11-04,23.73,ok
2021-11-05,23.82,ok
2021-11-08,24.28,ok
2021-11-09,24.375,ok
2021-11-10,24.175,ok
2021-11-11,24.98,ok
2021-11-12,24.955,ok
2021-11-15,25.21,ok
2021-11-16,25.27,ok
2021-11-17,25.04,ok
2021-11-18,24.97,ok
2021-11-19,24.785,ok
2021-11-22,24.69,ok
2021-11-23,23.815,ok
2021-11-24,23.495,ok
2021-11-25,23.69,ok
2021-11-26,23.63,ok
2021-11-29,23.235,ok
2021-11-30,22.865,ok
2021-12-01,22.86,ok
2021-12-02,22.395,ok
2021-12-03,22.35,ok
2021-12-06,22.34,ok
2021-12-07,22.435,ok
2021-12-08,22.425,ok
2021-12-09,22.25,ok
2021-12-10,21.895,ok
2021-12-13,22.22,ok
2021-12-14,22.17,ok
2021-12-15,21.805,ok
2021-12-16,22.175,ok
2021-12-17,22.645,ok
2021-12-20,22.295,ok
2021-12-21,22.745,ok
2021-12-22,22.66,ok
2021-12-23,22.815,ok
2021-12-24,22.665,ok
2021-12-29,22.835,ok
2021-12-30,22.765,ok
2021-12-31,23.085,ok
2022-01-04,22.89,ok
2022-01-05,23.055,ok
2022-01-06,22.245,ok
2022-01-07,22.24,ok
2022-01-10,22.455,ok
2022-01-11,22.59,ok
2022-01-12,22.745,ok
2022-01-13,23.245,ok
2022-01-14,23.1,ok
2022-01-17,23.015,ok
2022-01-18,22.915,ok
2022-01-19,23.775,ok
2022-01-20,24.225,ok
2022-01-21,24.32,ok
2022-01-24,24.065,ok
2022-01-25,23.665,ok
2022-01-26,23.86,ok
2022-01-27,23.17,ok
2022-01-28,22.5,ok
2022-01-31,22.495,ok
2022-02-01,22.88,ok
2022-02-02,22.78,ok
2022-02-03,22.36,ok
2022-02-04,22.505,ok
2022-02-07,22.86,ok
2022-02-08,22.86,ok
2022-02-09,23.25,ok
2022-02-10,23.355,ok
2022-02-11,22.895,ok
2022-02-14,23.69,ok
2022-02-15,23.285,ok
2022-02-16,23.5,ok
2022-02-17,23.585,ok
2022-02-18,23.77,ok
2022-02-21,23.735,ok
2022-02-22,24.01,ok
2022-02-23,24.105,ok
2022-02-24,25.315,ok
2022-02-25,24.21,ok
2022-02-28,24.35,ok
2022-03-01,24.64,ok
2022-03-02,25.075,ok
2022-03-03,25.31,ok
2022-03-04,25.15,ok
2022-03-07,25.74,ok
2022-03-08,26.12,ok
2022-03-09,26.175,ok
2022-03-10,25.945,ok
2022-03-11,25.655,ok
2022-03-14,25.375,ok
2022-03-15,24.635,ok
2022-03-16,24.945,ok
2022-03-17,25.34,ok
2022-03-18,25.235,ok
2022-03-21,25.035,ok
2022-03-22,25.085,ok
2022-03-23,25.015,ok
2022-03-24,25.315,ok
2022-03-25,25.62,ok
2022-03-28,24.905,ok
2022-03-29,24.64,ok
2022-03-30,24.755,ok
2022-03-31,24.815,ok
2022-04-01,24.69,ok
2022-04-04,24.665,ok
2022-04-05,24.675,ok
2022-04-06,24.265,ok
2022-04-07,24.38,ok
2022-04-08,24.625,ok
2022-04-11,25.05,ok
2022-04-12,25.005,ok
2022-04-13,25.64,ok
2022-04-14,25.655,ok
2022-04-19,25.915,ok
2022-04-20,25.2,ok
2022-04-21,24.645,ok
2022-04-22,24.345,ok
2022-04-25,23.515,ok
2022-04-26,23.77,ok
2022-04-27,23.635,ok
2022-04-28,23.16,ok
2022-04-29,23.445,ok
2022-05-03,22.63,ok
2022-05-04,22.595,ok
2022-05-05,22.915,ok
2022-05-06,22.485,ok
2022-05-09,21.865,ok
2022-05-10,21.865,ok
2022-05-11,21.785,ok
2022-05-12,20.985,ok
2022-05-13,20.84,ok
2022-05-16,21.17,ok
2022-05-17,21.78,ok
2022-05-18,21.665,ok
2022-05-19,21.56,ok
2022-05-20,22.03,ok
2022-05-23,22.085,ok
2022-05-24,21.925,ok
2022-05-25,21.83,ok
2022-05-26,21.885,ok
2022-05-27,22.275,ok
2022-05-30,22.035,ok
2022-05-31,21.77,ok
2022-06-01,21.61,ok
2022-06-06,22.255,ok
2022-06-07,22.09,ok
2022-06-08,21.92,ok
2022-06-09,21.93,ok
2022-06-10,21.59,ok
2022-06-13,21.56,ok
2022-06-14,21.235,ok
2022-06-15,21.46,ok
2022-06-16,21.435,ok
2022-06-17,21.845,ok
2022-06-20,21.655,ok
2022-06-21,21.67,ok
2022-06-22,21.42,ok
2022-06-23,21.185,ok
2022-06-24,20.86,ok
2022-06-27,21.46,ok
2022-06-28,21.235,ok
2022-06-29,20.975,ok
2022-06-30,20.415,ok
2022-07-01,19.725,ok
2022-07-04,19.855,ok
2022-07-05,19.84,ok
2022-07-06,19.22,ok
2022-07-07,19.425,ok
2022-07-08,19.2,ok
2022-07-11,19.21,ok
2022-07-12,18.865,ok
2022-07-13,18.955,ok
2022-07-14,18.76,ok
2022-07-15,18.46,ok
2022-07-18,18.88,ok
2022-07-19,18.9,ok
2022-07-20,18.78,ok
2022-07-21,18.265,ok
2022-07-22,18.81,ok
2022-07-25,18.755,ok
2022-07-26,18.54,ok
2022-07-27,18.765,ok
2022-07-28,19.325,ok
2022-07-29,20.065,ok
2022-08-01,20.405,ok
2022-08-02,20.335,ok
2022-08-03,19.92,ok
2022-08-04,20.265,ok
2022-08-05,20.06,ok
2022-08-08,20.195,ok
2022-08-09,20.6,ok
2022-08-10,20.435,ok
2022-08-11,20.54,ok
2022-08-12,20.265,ok
2022-08-15,20.33,ok
2022-08-16,20.125,ok
2022-08-17,19.905,ok
2022-08-18,19.825,ok
2022-08-19,19.23,ok
2022-08-22,18.895,ok
2022-08-23,18.99,ok
2022-08-24,19,ok
2022-08-25,19.325,ok
2022-08-26,19.215,ok
2022-08-30,18.695,ok
2022-08-31,17.945,ok
2022-09-01,17.77,ok
2022-09-02,17.915,ok
2022-09-05,18.23,ok
2022-09-06,18.395,ok
2022-09-07,18.17,ok
2022-09-08,18.625,ok
2022-09-09,18.765,ok
2022-09-12,19.215,ok
2022-09-13,19.925,ok
2022-09-14,19.505,ok
2022-09-15,19.37,ok
2022-09-16,18.995,ok
2022-09-20,19.315,ok
2022-09-21,19.51,ok
2022-09-22,19.585,ok
2022-09-23,19,ok
2022-09-26,18.635,ok
2022-09-27,18.68,ok
2022-09-28,18.255,ok
2022-09-29,18.67,ok
2022-09-30,19.02,ok
2022-10-03,19.415,ok
2022-10-04,20.925,ok
2022-10-05,20.435,ok
2022-10-06,20.54,ok
2022-10-07,20.625,ok
2022-10-10,19.825,ok
2022-10-11,19.395,ok
2022-10-12,19.185,ok
2022-10-13,19.175,ok
2022-10-14,18.765,ok
2022-10-17,18.595,ok
2022-10-18,18.695,ok
2022-10-19,18.435,ok
2022-10-20,18.785,ok
2022-10-21,18.385,ok
2022-10-24,19.215,ok
2022-10-25,18.88,ok
2022-10-26,19.59,ok
2022-10-27,19.37,ok
2022-10-28,19.225,ok
2022-10-31,19.165,ok
2022-11-01,20,ok
2022-11-02,19.78,ok
2022-11-03,18.92,ok
2022-11-04,19.965,ok
2022-11-07,20.67,ok
2022-11-08,20.75,ok
2022-11-09,21.32,ok
2022-11-10,21.09,ok
2022-11-11,21.48,ok
2022-11-14,21.47,ok
2022-11-15,21.94,ok
2022-11-16,21.95,ok
2022-11-17,21.075,ok
2022-11-18,21.095,ok
2022-11-21,20.64,ok
2022-11-22,21.27,ok
2022-11-23,21.265,ok
2022-11-24,21.56,ok
2022-11-25,21.335,ok
2022-11-28,21.475,ok
2022-11-29,21.365,ok
2022-11-30,21.56,ok
2022-12-01,22.135,ok
2022-12-02,22.605,ok
2022-12-05,22.985,ok
2022-12-06,22.54,ok
2022-12-07,22.385,ok
2022-12-08,22.695,ok
2022-12-09,23.11,ok
2022-12-12,23.39,ok
2022-12-13,23.395,ok
2022-12-14,23.61,ok
2022-12-15,23.165,ok
2022-12-16,22.83,ok
2022-12-19,23.24,ok
2022-12-20,23.74,ok
2022-12-21,23.89,ok
2022-12-22,23.735,ok
2022-12-23,23.735,ok
2022-12-28,23.855,ok
2022-12-29,23.855,ok
2022-12-30,23.945,ok
2023-01-03,24.295,ok
2023-01-04,24.29,ok
2023-01-05,23.41,ok
2023-01-06,23.455,ok
2023-01-09,23.85,ok
2023-01-10,23.515,ok
2023-01-11,23.87,ok
2023-01-12,23.7,ok
2023-01-13,23.675,ok
2023-01-16,24.17,ok
2023-01-17,24.1,ok
2023-01-18,24.185,ok
2023-01-19,23.445,ok
2023-01-20,23.87,ok
2023-01-23,23.675,ok
2023-01-24,23.71,ok
2023-01-25,23.43,ok
2023-01-26,23.71,ok
2023-01-27,23.725,ok
2023-01-30,23.635,ok
2023-01-31,22.995,ok
2023-02-01,23.495,ok
2023-02-02,24.435,ok
2023-02-03,23.49,ok
2023-02-06,22.38,ok
2023-02-07,22.205,ok
2023-02-08,22.45,ok
2023-02-09,22.465,ok
2023-02-10,22.115,ok
2023-02-13,21.985,ok
2023-02-14,21.71,ok
2023-02-15,21.47,ok
2023-02-16,21.565,ok
2023-02-17,21.215,ok
2023-02-20,21.71,ok
2023-02-21,21.775,ok
2023-02-22,21.86,ok
2023-02-23,21.52,ok
2023-02-24,21.09,ok
2023-02-27,20.73,ok
2023-02-28,20.525,ok
2023-03-01,20.995,ok
2023-03-02,20.8,ok
2023-03-03,21.09,ok
2023-03-06,21.085,ok
2023-03-07,20.91,ok
2023-03-08,20.105,ok
2023-03-09,20.12,ok
2023-03-10,20.09,ok
2023-03-13,21.095,ok
2023-03-14,21.64,ok
2023-03-15,22.095,ok
2023-03-16,22.01,ok
2023-03-17,21.885,ok
2023-03-20,22.495,ok
2023-03-21,22.465,ok
2023-03-22,22.345,ok
2023-03-23,22.9,ok
2023-03-24,23.17,ok
2023-03-27,22.89,ok
2023-03-28,23.045,ok
2023-03-29,23.255,ok
2023-03-30,23.71,ok
2023-03-31,23.885,ok
2023-04-03,23.925,ok
2023-04-04,24.015,ok
2023-04-05,24.74,ok
2023-04-06,24.935,ok
2023-04-11,25.055,ok
2023-04-12,25.145,ok
2023-04-13,25.62,ok
2023-04-14,26.025,ok
2023-04-17,25.39,ok
2023-04-18,25.09,ok
2023-04-19,24.75,ok
2023-04-20,25.4,ok
2023-04-21,25.155,ok
2023-04-24,25.03,ok
2023-04-25,24.895,ok
2023-04-26,24.85,ok
2023-04-27,25.145,ok
2023-04-28,24.765,ok
2023-05-02,24.77,ok
2023-05-03,25.25,ok
2023-05-04,25.625,ok
2023-05-05,25.84,ok
2023-05-09,25.565,ok
2023-05-10,25.52,ok
2023-05-11,24.885,ok
2023-05-12,23.855,ok
2023-05-15,23.89,ok
2023-05-16,23.785,ok
2023-05-17,23.685,ok
2023-05-18,23.52,ok
2023-05-19,23.66,ok
2023-05-22,23.85,ok
2023-05-23,23.16,ok
2023-05-24,23.415,ok
2023-05-25,23.005,ok
2023-05-26,23.145,ok
2023-05-30,23.255,ok
2023-05-31,23.255,ok
2023-06-01,23.49,ok
2023-06-02,23.885,ok
2023-06-05,23.475,ok
2023-06-06,23.645,ok
2023-06-07,23.585,ok
2023-06-08,23.67,ok
2023-06-09,24.315,ok
2023-06-12,24.21,ok
2023-06-13,24.19,ok
2023-06-14,23.825,ok
2023-06-15,23.405,ok
2023-06-16,23.99,ok
2023-06-19,23.95,ok
2023-06-20,23.77,ok
2023-06-21,23.075,ok
2023-06-22,22.62,ok
2023-06-23,22.34,ok
2023-06-26,22.8,ok
2023-06-27,22.835,ok
2023-06-28,22.61,ok
2023-06-29,22.83,ok
2023-06-30,22.47,ok
2023-07-03,22.775,ok
2023-07-04,23.005,ok
2023-07-05,22.81,ok
2023-07-06,23.17,ok
2023-07-07,22.715,ok
2023-07-10,23.04,ok
2023-07-11,23.135,ok
2023-07-12,23.16,ok
2023-07-13,24.26,ok
2023-07-14,24.77,ok
2023-07-17,24.81,ok
2023-07-18,24.885,ok
2023-07-19,25.015,ok
2023-07-20,25.175,ok
2023-07-21,24.73,ok
2023-07-24,24.59,ok
2023-07-25,24.555,ok
2023-07-26,24.67,ok
2023-07-27,25.01,ok
2023-07-28,24.225,ok
2023-07-31,24.355,ok
2023-08-01,24.515,ok
2023-08-02,24.41,ok
2023-08-03,23.555,ok
2023-08-04,23.45,ok
2023-08-07,23.395,ok
2023-08-08,23.04,ok
2023-08-09,22.705,ok
2023-08-10,22.8,ok
2023-08-11,22.69,ok
2023-08-14,22.725,ok
2023-08-15,22.41,ok
2023-08-16,22.695,ok
2023-08-17,22.705,ok
2023-08-18,22.79,ok
2023-08-21,22.88,ok
2023-08-22,23.39,ok
2023-08-23,23.75,ok
2023-08-24,24.185,ok
2023-08-25,24.185,ok
2023-08-29,24.22,ok
2023-08-30,24.62,ok
2023-08-31,24.535,ok
2023-09-01,24.645,ok
2023-09-04,24.035,ok
2023-09-05,23.545,ok
2023-09-06,23.475,ok
2023-09-07,23.01,ok
2023-09-08,23.01,ok
2023-09-11,23.105,ok
2023-09-12,22.9,ok
2023-09-13,22.905,ok
2023-09-14,22.64,ok
2023-09-15,23.06,ok
2023-09-18,23.195,ok
2023-09-19,23.33,ok
2023-09-20,23.275,ok
2023-09-21,23.24,ok
2023-09-22,23.65,ok
2023-09-25,23.56,ok
2023-09-26,23.015,ok
2023-09-27,22.79,ok
2023-09-28,22.55,ok
2023-09-29,23.075,ok
2023-10-02,21.62,ok
2023-10-03,21.055,ok
2023-10-04,21.105,ok
2023-10-05,21.13,ok
2023-10-06,21.115,ok
2023-10-09,21.65,ok
2023-10-10,21.715,ok
2023-10-11,22.07,ok
2023-10-12,22.14,ok
2023-10-13,22.08,ok
2023-10-16,22.595,ok
2023-10-17,22.68,ok
2023-10-18,23.21,ok
2023-10-19,22.885,ok
2023-10-20,23.215,ok
2023-10-23,23.185,ok
2023-10-24,22.74,ok
2023-10-25,22.81,ok
2023-10-26,22.97,ok
2023-10-27,22.755,ok
2023-10-30,23.15,ok
2023-10-31,23.2,ok
2023-11-01,22.67,ok
2023-11-02,23.035,ok
2023-11-03,22.64,ok
2023-11-06,23.21,ok
2023-11-07,22.535,ok
2023-11-08,22.44,ok
2023-11-09,22.55,ok
2023-11-10,22.495,ok
2023-11-13,22.075,ok
2023-11-14,22.35,ok
2023-11-15,23.41,ok
2023-11-16,23.67,ok
2023-11-17,23.995,ok
2023-11-20,23.385,ok
2023-11-21,23.53,ok
2023-11-22,23.835,ok
2023-11-23,23.655,ok
2023-11-24,23.705,ok
2023-11-27,24.755,ok
2023-11-28,24.65,ok
2023-11-29,24.965,ok
2023-11-30,25.02,ok
2023-12-01,25.16,ok
2023-12-04,25.165,ok
2023-12-05,24.27,ok
2023-12-06,24.095,ok
2023-12-07,23.91,ok
2023-12-08,23.79,ok
2023-12-11,22.92,ok
2023-12-12,22.955,ok
2023-12-13,22.725,ok
2023-12-14,23.99,ok
2023-12-15,24.19,ok
2023-12-18,23.935,ok
2023-12-19,23.91,ok
2023-12-20,23.97,ok
2023-12-21,24.185,ok
2023-12-22,24.46,ok
2023-12-27,24.04,ok
2023-12-28,24.255,ok
2023-12-29,23.79,ok
2024-01-02,23.945,ok
2024-01-03,23.28,ok
2024-01-04,22.96,ok
2024-01-05,22.98,ok
2024-01-08,22.845,ok
2024-01-09,23.125,ok
2024-01-10,22.965,ok
2024-01-11,23.03,ok
2024-01-12,23.055,ok
2024-01-15,23.21,ok
2024-01-16,23.05,ok
2024-01-17,22.805,ok
2024-01-18,22.605,ok
2024-01-19,22.8,ok
2024-01-22,22.2,ok
2024-01-23,22.26,ok
2024-01-24,22.77,ok
2024-01-25,22.875,ok
2024-01-26,22.915,ok
2024-01-29,23.005,ok
2024-01-30,23.075,ok
2024-01-31,23.09,ok
2024-02-01,22.67,ok
2024-02-02,23.23,ok
2024-02-05,22.505,ok
2024-02-06,22.305,ok
2024-02-07,22.29,ok
2024-02-08,22.35,ok
2024-02-09,22.655,ok
2024-02-12,22.915,ok
2024-02-13,22.87,ok
2024-02-14,22.085,ok
2024-02-15,22.625,ok
2024-02-16,23.01,ok
2024-02-19,23.085,ok
2024-02-20,23.06,ok
2024-02-21,23.075,ok
2024-02-22,23.07,ok
2024-02-23,22.715,ok
2024-02-26,22.51,ok
2024-02-27,22.67,ok
2024-02-28,22.345,ok
2024-02-29,22.34,ok
2024-03-01,22.72,ok
2024-03-04,23.1,ok
2024-03-05,23.93,ok
2024-03-06,23.795,ok
2024-03-07,24.155,ok
2024-03-08,24.495,ok
2024-03-11,24.355,ok
2024-03-12,24.375,ok
2024-03-13,24.3,ok
2024-03-14,24.97,ok
2024-03-15,25.22,ok
2024-03-18,25.175,ok
2024-03-19,24.93,ok
2024-03-20,24.855,ok
2024-03-21,25.43,ok
2024-03-22,24.59,ok
2024-03-25,24.665,ok
2024-03-26,24.825,ok
2024-03-27,24.515,ok
2024-03-28,24.54,ok
2024-04-02,25.65,ok
2024-04-03,26.245,ok
2024-04-04,27,ok
2024-04-05,26.78,ok
2024-04-08,27.825,ok
2024-04-09,27.965,ok
2024-04-10,28.075,ok
2024-04-11,28.015,ok
2024-04-12,29.025,ok
2024-04-15,28.44,ok
2024-04-16,28.255,ok
2024-04-17,28.47,ok
2024-04-18,28.47,ok
2024-04-19,28.24,ok
2024-04-22,27.735,ok
2024-04-23,26.915,ok
2024-04-24,27.12,ok
2024-04-25,27.365,ok
2024-04-26,27.625,ok
2024-04-29,27.38,ok
2024-04-30,26.655,ok
2024-05-01,26.48,ok
2024-05-02,26.235,ok
2024-05-03,26.5,ok
2024-05-07,27.26,ok
2024-05-08,27.235,ok
2024-05-09,27.625,ok
2024-05-10,28.64,ok
2024-05-13,28.125,ok
2024-05-14,28.43,ok
2024-05-15,28.815,ok
2024-05-16,29.67,ok
2024-05-17,29.68,ok
2024-05-20,31.795,ok
2024-05-21,31.635,ok
2024-05-22,31.815,ok
2024-05-23,30.54,ok
2024-05-24,30.59,ok
2024-05-28,31.555,ok
2024-05-29,32.01,ok
2024-05-30,31.515,ok
2024-05-31,31.265,ok
2024-06-03,30.37,ok
2024-06-04,29.705,ok
2024-06-05,29.61,ok
2024-06-06,30.295,ok
2024-06-07,30.265,ok
2024-06-10,29.68,ok
2024-06-11,29.245,ok
2024-06-12,29.38,ok
2024-06-13,29.24,ok
2024-06-14,29.21,ok
2024-06-17,29.235,ok
2024-06-18,29.13,ok
2024-06-19,29.475,ok
2024-06-20,30.23,ok
2024-06-21,30.435,ok
2024-06-24,29.56,ok
2024-06-25,29.56,ok
2024-06-26,28.835,ok
2024-06-27,28.87,ok
2024-06-28,29.37,ok
2024-07-01,29.245,ok
2024-07-02,29.31,ok
2024-07-03,30.13,ok
2024-07-04,30.335,ok
2024-07-05,30.58,ok
2024-07-08,30.99,ok
2024-07-09,31.055,ok
2024-07-10,30.935,ok
2024-07-11,31.015,ok
2024-07-12,30.72,ok
2024-07-15,30.74,ok
2024-07-16,30.865,ok
2024-07-17,30.915,ok
2024-07-18,30.47,ok
2024-07-19,29.105,ok
2024-07-22,29.065,ok
2024-07-23,29.055,ok
2024-07-24,29.29,ok
2024-07-25,27.99,ok
2024-07-26,27.755,ok
2024-07-29,28.14,ok
2024-07-30,27.88,ok
2024-07-31,28.56,ok
2024-08-01,28.88,ok
2024-08-02,28.95,ok
2024-08-05,27.105,ok
2024-08-06,27.065,ok
2024-08-07,27.15,ok
2024-08-08,26.93,ok
2024-08-09,27.575,ok
2024-08-12,27.965,ok
2024-08-13,27.695,ok
2024-08-14,27.945,ok
2024-08-15,28.05,ok
2024-08-16,28.135,ok
2024-08-19,28.83,ok
2024-08-20,29.77,ok
2024-08-21,29.56,ok
2024-08-22,29.565,ok
2024-08-23,29.435,ok
2024-08-27,29.9,ok
2024-08-28,29.435,ok
2024-08-29,29.49,ok
2024-08-30,29.47,ok
2024-09-02,28.62,ok
2024-09-03,28.315,ok
2024-09-04,28.08,ok
2024-09-05,28.72,ok
2024-09-06,28.84,ok
2024-09-09,28.13,ok
2024-09-10,28.435,ok
2024-09-11,28.82,ok
2024-09-12,28.765,ok
2024-09-13,29.965,ok
2024-09-16,30.91,ok
2024-09-17,30.68,ok
2024-09-18,30.59,ok
2024-09-19,31.16,ok
2024-09-20,31.315,ok
2024-09-23,30.63,ok
2024-09-24,30.875,ok
2024-09-25,31.845,ok
2024-09-26,32.48,ok
2024-09-27,31.915,ok
2024-09-30,31.075,ok
2024-10-01,31.355,ok
2024-10-02,31.39,ok
2024-10-03,31.5,ok
2024-10-04,32.06,ok
2024-10-07,31.88,ok
2024-10-08,31.28,ok
2024-10-09,30.685,ok
2024-10-10,30.67,ok
2024-10-11,31.195,ok
2024-10-14,31.25,ok
2024-10-15,31.16,ok
2024-10-16,31.795,ok
2024-10-17,31.81,ok
2024-10-18,32.125,ok
2024-10-21,34,ok
2024-10-22,34.425,ok
2024-10-23,34.51,ok
2024-10-24,34.135,ok
2024-10-25,33.15,ok
2024-10-28,33.385,ok
2024-10-29,34.145,ok
2024-10-30,34.03,ok
2024-10-31,33.59,ok
2024-11-01,32.8,ok
2024-11-04,32.84,ok
2024-11-05,32.65,ok
2024-11-06,31.8,ok
2024-11-07,31.105,ok
2024-11-08,31.55,ok
2024-11-11,31.315,ok
2024-11-12,30.405,ok
2024-11-13,30.91,ok
2024-11-14,29.99,ok
2024-11-15,30.66,ok
2024-11-18,30.74,ok
2024-11-19,31.285,ok
2024-11-20,30.87,ok
2024-11-21,31.065,ok
2024-11-22,31.255,ok
2024-11-25,30.79,ok
2024-11-26,30.54,ok
2024-11-27,30.49,ok
2024-11-28,30.065,ok
2024-11-29,30.7,ok
2024-12-02,30.455,ok
2024-12-03,30.905,ok
2024-12-04,30.835,ok
2024-12-05,31.345,ok
2024-12-06,31.11,ok
2024-12-09,31.63,ok
2024-12-10,31.9,ok
2024-12-11,31.7,ok
2024-12-12,31.88,ok
2024-12-13,30.735,ok
2024-12-16,30.655,ok
2024-12-17,30.31,ok
2024-12-18,30.355,ok
2024-12-19,29.49,ok
2024-12-20,28.795,ok
2024-12-23,29.605,ok
2024-12-24,29.48,ok
2024-12-27,29.645,ok
2024-12-30,29.46,ok
2024-12-31,28.905,ok
2025-01-02,29.405,ok
2025-01-03,29.815,ok
2025-01-06,30.27,ok
2025-01-07,30.235,ok
2025-01-08,30.14,ok
2025-01-09,30.285,ok
2025-01-10,30.355,ok
2025-01-13,29.88,ok
2025-01-14,29.735,ok
2025-01-15,29.99,ok
2025-01-16,30.705,ok
2025-01-17,30.63,ok
2025-01-20,30.255,ok
2025-01-21,30.485,ok
2025-01-22,30.795,ok
2025-01-23,30.475,ok
2025-01-24,30.84,ok
2025-01-27,30.58,ok
2025-01-28,30.15,ok
2025-01-29,30.44,ok
2025-01-30,30.995,ok
2025-01-31,31.605,ok
2025-02-03,31.29,ok
2025-02-04,31.595,ok
2025-02-05,32.275,ok
2025-02-06,32.02,ok
2025-02-07,32.275,ok
2025-02-10,32.265,ok
2025-02-11,31.73,ok
2025-02-12,31.765,ok
2025-02-13,32.275,ok
2025-02-14,33.105,ok
2025-02-17,32.48,ok
2025-02-18,32.46,ok
2025-02-19,32.91,ok
2025-02-20,33.06,ok
2025-02-21,32.93,ok
2025-02-24,32.51,ok
2025-02-25,32.145,ok
2025-02-26,31.715,ok
2025-02-27,31.725,ok
2025-02-28,31.135,ok
2025-03-03,31.525,ok
2025-03-04,31.905,ok
2025-03-05,32.255,ok
2025-03-06,32.43,ok
2025-03-07,32.495,ok
2025-03-10,32.505,ok
2025-03-11,32.55,ok
2025-03-12,33.03,ok
2025-03-13,33.15,ok
2025-03-14,33.895,ok
2025-03-17,33.77,ok
2025-03-18,34.085,ok
2025-03-19,33.92,ok
2025-03-20,33.31,ok
2025-03-21,33.18,ok
2025-03-24,33.085,ok
2025-03-25,33.435,ok
2025-03-26,33.76,ok
2025-03-27,34.11,ok
2025-03-28,34.395,ok
2025-03-31,34.055,ok
2025-04-01,33.97,ok
2025-04-02,33.87,ok
2025-04-03,32.475,ok
2025-04-04,31.34,ok
2025-04-07,30.325,ok
2025-04-08,30.315,ok
2025-04-09,30.18,ok
2025-04-10,30.925,ok
2025-04-11,31.27,ok
2025-04-14,32.275,ok
2025-04-15,32.31,ok
2025-04-16,32.955,ok
2025-04-17,32.31,ok
2025-04-22,32.61,ok
2025-04-23,32.96,ok
2025-04-24,33.395,ok
2025-04-25,33.335,ok
2025-04-28,33.01,ok
2025-04-29,33.225,ok
2025-04-30,32.225,ok
2025-05-01,32.125,ok
2025-05-02,32.365,ok
2025-05-06,33.025,ok
2025-05-07,32.875,ok
2025-05-08,32.43,ok
2025-05-09,32.515,ok
2025-05-12,32.02,ok
2025-05-13,32.98,ok
2025-05-14,32.885,ok
2025-05-15,32.085,ok
2025-05-16,32.135,ok
2025-05-19,32.52,ok
2025-05-20,32.5,ok
2025-05-21,33.16,ok
2025-05-22,32.725,ok
2025-05-23,33.095,ok
2025-05-27,32.9,ok
2025-05-28,33.285,ok
2025-05-29,33.37,ok
2025-05-30,33.08,ok
2025-06-02,33.245,ok
2025-06-03,34.25,ok
2025-06-04,34.35,ok
2025-06-05,35.795,ok
2025-06-06,36.185,ok
2025-06-09,36.25,ok
2025-06-10,36.76,ok
2025-06-11,36.2,ok
2025-06-12,36.18,ok
2025-06-13,36.075,ok
2025-06-16,36.375,ok
2025-06-17,37.065,ok
2025-06-18,37.155,ok
2025-06-19,36.31,ok
2025-06-20,36.13,ok
2025-06-23,36.13,ok
2025-06-24,36.065,ok
2025-06-25,35.765,ok
2025-06-26,36.59,ok
2025-06-27,35.98,ok
2025-06-30,35.975,ok
2025-07-01,36.505,ok
2025-07-02,36.305,ok
2025-07-03,36.88,ok
2025-07-04,36.885,ok
2025-07-07,36.245,ok
2025-07-08,36.775,ok
2025-07-09,36.59,ok
2025-07-10,36.81,ok
2025-07-11,37.5,ok
2025-07-14,38.995,ok
2025-07-15,38.26,ok
2025-07-16,37.875,ok
2025-07-17,37.755,ok
2025-07-18,38.27,ok
2025-07-21,38.47,ok
2025-07-22,38.84,ok
2025-07-23,39.32,ok
2025-07-24,39.025,ok
2025-07-25,38.735,ok
2025-07-28,38.125,ok
2025-07-29,38.105,ok
2025-07-30,37.92,ok
2025-07-31,36.22,ok
2025-08-01,36.49,ok
2025-08-04,37.15,ok
2025-08-05,37.35,ok
2025-08-06,37.775,ok
2025-08-07,38.375,ok
2025-08-08,38.29,ok
2025-08-11,37.755,ok
2025-08-12,37.69,ok
2025-08-13,38.605,ok
2025-08-14,38.315,ok
2025-08-15,37.73,ok
2025-08-18,38.085,ok
2025-08-19,38.07,ok
2025-08-20,37.075,ok
2025-08-21,37.565,ok
2025-08-22,38.005,ok
2025-08-26,38.42,ok
2025-08-27,38.215,ok
2025-08-28,38.935,ok
2025-08-29,38.8,ok
2025-09-01,40.575,ok
2025-09-02,40.52,ok
2025-09-03,40.86,ok
2025-09-04,40.965,ok
2025-09-05,40.745,ok
2025-09-08,41.19,ok
2025-09-09,41.245,ok
2025-09-10,41.205,ok
2025-09-11,41.075,ok
2025-09-12,42.26,ok
2025-09-15,42.2,ok
2025-09-16,42.69,ok
2025-09-17,41.265,ok
2025-09-18,41.855,ok
2025-09-19,42.235,ok
2025-09-22,43.735,ok
2025-09-23,44.325,ok
2025-09-24,43.875,ok
2025-09-25,44.94,ok
2025-09-26,45,ok
2025-09-29,46.95,ok
2025-09-30,46.175,ok
2025-10-01,47.28,ok
2025-10-02,47.395,ok
2025-10-03,47.605,ok
2025-10-06,48.565,ok
2025-10-07,48.45,ok
2025-10-08,49.005,ok
2025-10-09,49.705,ok
2025-10-10,50.76,ok
2025-10-13,51.24,ok
2025-10-14,51.52,ok
2025-10-15,52.585,ok
2025-10-16,53.02,ok
2025-10-17,54.1,ok
2025-10-20,51.8,ok
2025-10-21,49.945,ok
2025-10-22,47.76,ok
2025-10-23,49.105,ok
2025-10-24,48.005,ok
2025-10-27,47.365,ok
2025-10-28,46.44,ok
2025-10-29,48.175,ok
2025-10-30,48.18,ok
2025-10-31,48.96,ok
2025-11-03,48.775,ok
2025-11-04,47.76,ok
2025-11-05,47.61,ok
2025-11-06,48.685,ok
2025-11-07,48.695,ok
2025-11-10,50.04,ok
2025-11-11,51.24,ok
2025-11-12,51.535,ok
2025-11-13,53.87,ok
2025-11-14,52.01,ok
2025-11-17,51.055,ok
2025-11-18,50.3,ok
2025-11-19,52.2,ok
2025-11-20,50.845,ok
2025-11-21,48.905,ok
2025-11-24,50.04,ok
2025-11-25,51.205,ok
2025-11-26,52.48,ok
2025-11-27,53.4,ok
2025-11-28,53.91,ok
2025-12-01,57.49,ok
2025-12-02,57.44,ok
2025-12-03,58.365,ok
2025-12-04,57.565,ok
2025-12-05,58.105,ok
2025-12-08,58.375,ok
2025-12-09,58.63,ok
2025-12-10,61.035,ok
2025-12-11,62.115,ok
2025-12-12,64.51,ok
2025-12-15,63.87,ok
2025-12-16,62.98,ok
2025-12-17,65.945,ok
2025-12-18,66.295,ok
2025-12-19,65.785,ok
2025-12-22,69.22,ok
2025-12-23,69.74,ok
2025-12-24,72.18,ok
2025-12-29,74.635,ok
2025-12-30,74.835,ok
2025-12-31,71.99,ok
2026-01-02,74.215,ok
2026-01-05,75.07,ok
2026-01-06,78.475,ok
2026-01-07,78.985,ok
2026-01-08,75.205,ok
2026-01-09,78.14,ok
2026-01-12,84.07,ok
2026-01-13,85.82,ok
2026-01-14,91.095,ok
2026-01-15,91.265,ok
2026-01-16,90.8,ok
2026-01-19,93.005,ok
2026-01-20,95.7,ok
2026-01-21,94.855,ok
2026-01-22,93.38,ok
2026-01-23,99,ok
2026-01-26,109.605,ok
2026-01-27,111.565,ok
2026-01-28,112.795,ok
2026-01-29,118.45,ok
2026-01-30,103.19,ok
2026-02-02,81.975,ok
2026-02-03,87.49,ok
2026-02-04,90.59,ok
2026-02-05,78.71,ok
2026-02-06,74.94,ok
2026-02-09,80.36,ok
2026-02-10,82.28,ok
2026-02-11,86.1,ok
2026-02-12,83.515,ok
2026-02-13,77.35,ok
2026-02-16,77.09,ok
2026-02-17,74.645,ok
2026-02-18,75.45,ok
2026-02-19,77.75,ok
2026-02-20,80.505,ok
2026-02-23,86.94,ok
2026-02-24,88.105,ok
2026-02-25,90.705,ok
2026-02-26,86.43,ok
2026-02-27,89.975,ok
2026-03-02,94.62,ok
2026-03-03,81.305,ok
2026-03-04,86.785,ok
2026-03-05,84.215,ok
2026-03-06,82.34,ok
2026-03-09,83.445,ok
2026-03-10,88.525,ok
2026-03-11,86.23,ok
2026-03-12,87.03,ok
2026-03-13,83.695,ok
2026-03-16,78.945,ok
2026-03-17,80.215,ok
2026-03-18,78.6,ok
2026-03-19,69.7,ok
2026-03-20,72.37,ok
2026-03-23,67.23,ok
2026-03-24,69.97,ok
2026-03-25,73.17,ok
2026-03-26,67.29,ok
2026-03-27,67.795,ok
2026-03-30,70.75,ok
2026-03-31,72.685,ok
2026-04-01,74.87,ok
2026-04-02,70.99,ok
2026-04-07,72.105,ok
2026-04-08,76.805,ok
2026-04-09,74.075,ok
2026-04-10,75.545,ok
2026-04-13,74.365,ok
2026-04-14,77.425,ok
2026-04-15,78.575,ok
2026-04-16,79.685,ok
2026-04-17,79.32,ok
2026-04-20,79.305,ok
2026-04-21,79.005,ok
2026-04-22,78.065,ok
2026-04-23,74.545,ok
2026-04-24,74.825,ok
2026-04-27,75.915,ok
2026-04-28,73.19,ok
2026-04-29,72.77,ok
2026-04-30,73.55,ok
2026-05-01,73.14,ok
2026-05-05,73.435,ok
2026-05-06,77.615,ok
2026-05-07,80.34,ok
2026-05-08,80.64,ok
2026-05-11,80.4,ok
2026-05-12,83.64,ok
2026-05-13,86.695,ok
2026-05-14,86.785,ok
2026-05-15,78.74,ok
2026-05-18,75.73,ok
2026-05-19,76.04,ok
2026-05-20,75.65,ok
2026-05-21,74.755,ok
2026-05-22,75.84,ok
2026-05-26,76.245,ok
2026-05-27,74.35,ok
2026-05-28,73.02,ok
2026-05-29,75.785,ok
2026-06-01,75.655,ok
2026-06-02,76.26,ok
2026-06-03,74.345,ok
2026-06-04,73.48,ok
2026-06-05,72.655,ok
2026-06-08,67.125,ok
2026-06-09,68.6,ok
2026-06-10,64.46,ok
2026-06-11,63.795,ok
2026-06-12,67.03,ok
2026-06-15,70.69,ok
2026-06-16,70.375,ok
2026-06-17,69.805,ok
2026-06-18,67.75,ok
2026-06-19,64.665,ok
2026-06-22,66.35,ok
2026-06-23,62.19,ok
2026-06-24,60.6,ok
2026-06-25,57.365,ok
2026-06-26,58.38,ok
2026-06-29,57.705,ok
2026-06-30,58.795,ok
2026-07-01,58.25,ok
2026-07-02,59.64,ok
2026-07-03,62.255,ok
2026-07-06,62.07,ok
2026-07-07,60.64,ok
2026-07-08,58.42,ok
2026-07-09,58.825,ok
2026-07-10,59.345,ok
2026-07-13,58.39,ok
2026-07-14,57.88,ok
2026-07-15,57.95,ok
2026-07-16,56.5,ok
2026-07-17,55.29,ok
2026-07-20,56.81,ok
2026-07-21,58.89,ok
2026-07-22,59.34,ok
2026-07-23,58.66,ok
2026-07-24,58.325,ok
2026-07-27,59.035,ok
2026-07-28,57.17,ok
2026-07-29,57.395,ok
2026-07-30,58.055,ok
2026-07-31,57.725,ok
2026-08-03,57.965,ok
2026-08-04,58.785,ok
2026-08-05,61.265,ok
2026-08-06,61.735,ok
2026-08-07,64.32,ok
2026-08-10,63.935,ok
2026-08-11,65.185,ok
2026-08-12,66.25,ok
2026-08-13,64.955,ok
